 The beta generated by the logistic process :
[[-1.49576729e+00 -1.49276656e+00 -1.48937359e+00 -1.48553819e+00
  -1.48120407e+00 -1.47630814e+00 -1.47077984e+00 -1.46454039e+00
  -1.45750196e+00 -1.44956691e+00 -1.44062695e+00 -1.43056233e+00
  -1.41924108e+00 -1.40651836e+00 -1.39223583e+00 -1.37622140e+00
  -1.35828903e+00 -1.33823907e+00 -1.31585894e+00 -1.29092448e+00
  -1.26320188e+00 -1.23245062e+00 -1.19842724e+00 -1.16089025e+00
  -1.11960630e+00 -1.07435742e+00 -1.02494963e+00 -9.71222447e-01
  -9.13059351e-01 -8.50398602e-01 -7.83243979e-01 -7.11674754e-01
  -6.35854102e-01 -5.56035116e-01 -4.72563612e-01 -3.85877012e-01
  -2.96498818e-01 -2.05028521e-01 -1.12127138e-01 -1.84990181e-02
   7.51291020e-02  1.68030485e-01  2.59500782e-01  3.48878976e-01
   4.35565576e-01  5.19037079e-01  5.98856065e-01  6.74676718e-01
   7.46245943e-01  8.13400565e-01  8.76061315e-01  9.34224410e-01
   9.87951593e-01  1.03735939e+00  1.08260826e+00  1.12389222e+00
   1.16142920e+00  1.19545259e+00  1.22620385e+00  1.25392644e+00
   1.27886091e+00  1.30124103e+00  1.32129099e+00  1.33922336e+00
   1.35523780e+00  1.36952032e+00  1.38224305e+00  1.39356429e+00
   1.40362891e+00  1.41256887e+00  1.42050392e+00  1.42754235e+00
   1.43378181e+00  1.43931010e+00  1.44420603e+00  1.44854015e+00
   1.45237555e+00  1.45576853e+00  1.45876926e+00  1.46142243e+00
   8.15394997e-02  1.52111799e-01  2.19222214e-01  2.82960413e-01
   3.43418560e-01  4.00691627e-01  4.54877738e-01  5.06078553e-01
   5.54399693e-01  5.99951206e-01  6.42848086e-01  6.83210828e-01
   7.21166046e-01  7.56847131e-01  7.90394956e-01  8.21958630e-01
   8.51696279e-01  8.79775860e-01  9.06375978e-01  9.31686692e-01
   9.55910279e-01  9.79261912e-01  1.00197021e+00  1.02427762e+00
   1.04644046e+00  1.06872870e+00  1.09142523e+00  1.11482454e+00
   1.13923073e+00  1.16495464e+00  1.19231006e+00  1.22160877e+00
   1.25315444e+00  1.28723534e+00  1.32411579e+00  1.36402657e+00
   1.40715451e+00  1.45363167e+00  1.50352457e+00  1.55682426e+00
   1.61343789e+00  1.67318265e+00  1.73578306e+00  1.80087201e+00
   1.86799629e+00  1.93662675e+00  2.00617266e+00  2.07600000e+00
   2.14545234e+00  2.21387325e+00  2.28062871e+00  2.34512799e+00
   2.40684194e+00  2.46531735e+00  2.52018711e+00  2.57117574e+00
   2.61810043e+00  2.66086833e+00  2.69947049e+00  2.73397343e+00
   2.76450921e+00  2.79126466e+00  2.81447056e+00  2.83439123e+00
   2.85131494e+00  2.86554536e+00  2.87739427e+00  2.88717546e+00
   2.89519977e+00  2.90177130e+00  2.90718454e+00  2.91172238e+00
   2.91565479e+00  2.91923809e+00  2.92271472e+00  2.92631331e+00
   2.93024902e+00  2.93472414e+00  2.93992872e+00  2.94604137e+00]
 [-1.49576729e+00 -1.49276656e+00 -1.48937359e+00 -1.48553819e+00
  -1.48120407e+00 -1.47630814e+00 -1.47077984e+00 -1.46454039e+00
  -1.45750196e+00 -1.44956691e+00 -1.44062695e+00 -1.43056233e+00
  -1.41924108e+00 -1.40651836e+00 -1.39223583e+00 -1.37622140e+00
  -1.35828903e+00 -1.33823907e+00 -1.31585894e+00 -1.29092448e+00
  -1.26320188e+00 -1.23245062e+00 -1.19842724e+00 -1.16089025e+00
  -1.11960630e+00 -1.07435742e+00 -1.02494963e+00 -9.71222447e-01
  -9.13059351e-01 -8.50398602e-01 -7.83243979e-01 -7.11674754e-01
  -6.35854102e-01 -5.56035116e-01 -4.72563612e-01 -3.85877012e-01
  -2.96498818e-01 -2.05028521e-01 -1.12127138e-01 -1.84990181e-02
   7.51291020e-02  1.68030485e-01  2.59500782e-01  3.48878976e-01
   4.35565576e-01  5.19037079e-01  5.98856065e-01  6.74676718e-01
   7.46245943e-01  8.13400565e-01  8.76061315e-01  9.34224410e-01
   9.87951593e-01  1.03735939e+00  1.08260826e+00  1.12389222e+00
   1.16142920e+00  1.19545259e+00  1.22620385e+00  1.25392644e+00
   1.27886091e+00  1.30124103e+00  1.32129099e+00  1.33922336e+00
   1.35523780e+00  1.36952032e+00  1.38224305e+00  1.39356429e+00
   1.40362891e+00  1.41256887e+00  1.42050392e+00  1.42754235e+00
   1.43378181e+00  1.43931010e+00  1.44420603e+00  1.44854015e+00
   1.45237555e+00  1.45576853e+00  1.45876926e+00  1.46142243e+00
   8.15394997e-02  1.52111799e-01  2.19222214e-01  2.82960413e-01
   3.43418560e-01  4.00691627e-01  4.54877738e-01  5.06078553e-01
   5.54399693e-01  5.99951206e-01  6.42848086e-01  6.83210828e-01
   7.21166046e-01  7.56847131e-01  7.90394956e-01  8.21958630e-01
   8.51696279e-01  8.79775860e-01  9.06375978e-01  9.31686692e-01
   9.55910279e-01  9.79261912e-01  1.00197021e+00  1.02427762e+00
   1.04644046e+00  1.06872870e+00  1.09142523e+00  1.11482454e+00
   1.13923073e+00  1.16495464e+00  1.19231006e+00  1.22160877e+00
   1.25315444e+00  1.28723534e+00  1.32411579e+00  1.36402657e+00
   1.40715451e+00  1.45363167e+00  1.50352457e+00  1.55682426e+00
   1.61343789e+00  1.67318265e+00  1.73578306e+00  1.80087201e+00
   1.86799629e+00  1.93662675e+00  2.00617266e+00  2.07600000e+00
   2.14545234e+00  2.21387325e+00  2.28062871e+00  2.34512799e+00
   2.40684194e+00  2.46531735e+00  2.52018711e+00  2.57117574e+00
   2.61810043e+00  2.66086833e+00  2.69947049e+00  2.73397343e+00
   2.76450921e+00  2.79126466e+00  2.81447056e+00  2.83439123e+00
   2.85131494e+00  2.86554536e+00  2.87739427e+00  2.88717546e+00
   2.89519977e+00  2.90177130e+00  2.90718454e+00  2.91172238e+00
   2.91565479e+00  2.91923809e+00  2.92271472e+00  2.92631331e+00
   2.93024902e+00  2.93472414e+00  2.93992872e+00  2.94604137e+00]
 [-1.49576729e+00 -1.49276656e+00 -1.48937359e+00 -1.48553819e+00
  -1.48120407e+00 -1.47630814e+00 -1.47077984e+00 -1.46454039e+00
  -1.45750196e+00 -1.44956691e+00 -1.44062695e+00 -1.43056233e+00
  -1.41924108e+00 -1.40651836e+00 -1.39223583e+00 -1.37622140e+00
  -1.35828903e+00 -1.33823907e+00 -1.31585894e+00 -1.29092448e+00
  -1.26320188e+00 -1.23245062e+00 -1.19842724e+00 -1.16089025e+00
  -1.11960630e+00 -1.07435742e+00 -1.02494963e+00 -9.71222447e-01
  -9.13059351e-01 -8.50398602e-01 -7.83243979e-01 -7.11674754e-01
  -6.35854102e-01 -5.56035116e-01 -4.72563612e-01 -3.85877012e-01
  -2.96498818e-01 -2.05028521e-01 -1.12127138e-01 -1.84990181e-02
   7.51291020e-02  1.68030485e-01  2.59500782e-01  3.48878976e-01
   4.35565576e-01  5.19037079e-01  5.98856065e-01  6.74676718e-01
   7.46245943e-01  8.13400565e-01  8.76061315e-01  9.34224410e-01
   9.87951593e-01  1.03735939e+00  1.08260826e+00  1.12389222e+00
   1.16142920e+00  1.19545259e+00  1.22620385e+00  1.25392644e+00
   1.27886091e+00  1.30124103e+00  1.32129099e+00  1.33922336e+00
   1.35523780e+00  1.36952032e+00  1.38224305e+00  1.39356429e+00
   1.40362891e+00  1.41256887e+00  1.42050392e+00  1.42754235e+00
   1.43378181e+00  1.43931010e+00  1.44420603e+00  1.44854015e+00
   1.45237555e+00  1.45576853e+00  1.45876926e+00  1.46142243e+00
   8.15394997e-02  1.52111799e-01  2.19222214e-01  2.82960413e-01
   3.43418560e-01  4.00691627e-01  4.54877738e-01  5.06078553e-01
   5.54399693e-01  5.99951206e-01  6.42848086e-01  6.83210828e-01
   7.21166046e-01  7.56847131e-01  7.90394956e-01  8.21958630e-01
   8.51696279e-01  8.79775860e-01  9.06375978e-01  9.31686692e-01
   9.55910279e-01  9.79261912e-01  1.00197021e+00  1.02427762e+00
   1.04644046e+00  1.06872870e+00  1.09142523e+00  1.11482454e+00
   1.13923073e+00  1.16495464e+00  1.19231006e+00  1.22160877e+00
   1.25315444e+00  1.28723534e+00  1.32411579e+00  1.36402657e+00
   1.40715451e+00  1.45363167e+00  1.50352457e+00  1.55682426e+00
   1.61343789e+00  1.67318265e+00  1.73578306e+00  1.80087201e+00
   1.86799629e+00  1.93662675e+00  2.00617266e+00  2.07600000e+00
   2.14545234e+00  2.21387325e+00  2.28062871e+00  2.34512799e+00
   2.40684194e+00  2.46531735e+00  2.52018711e+00  2.57117574e+00
   2.61810043e+00  2.66086833e+00  2.69947049e+00  2.73397343e+00
   2.76450921e+00  2.79126466e+00  2.81447056e+00  2.83439123e+00
   2.85131494e+00  2.86554536e+00  2.87739427e+00  2.88717546e+00
   2.89519977e+00  2.90177130e+00  2.90718454e+00  2.91172238e+00
   2.91565479e+00  2.91923809e+00  2.92271472e+00  2.92631331e+00
   2.93024902e+00  2.93472414e+00  2.93992872e+00  2.94604137e+00]
 [-1.49576729e+00 -1.49276656e+00 -1.48937359e+00 -1.48553819e+00
  -1.48120407e+00 -1.47630814e+00 -1.47077984e+00 -1.46454039e+00
  -1.45750196e+00 -1.44956691e+00 -1.44062695e+00 -1.43056233e+00
  -1.41924108e+00 -1.40651836e+00 -1.39223583e+00 -1.37622140e+00
  -1.35828903e+00 -1.33823907e+00 -1.31585894e+00 -1.29092448e+00
  -1.26320188e+00 -1.23245062e+00 -1.19842724e+00 -1.16089025e+00
  -1.11960630e+00 -1.07435742e+00 -1.02494963e+00 -9.71222447e-01
  -9.13059351e-01 -8.50398602e-01 -7.83243979e-01 -7.11674754e-01
  -6.35854102e-01 -5.56035116e-01 -4.72563612e-01 -3.85877012e-01
  -2.96498818e-01 -2.05028521e-01 -1.12127138e-01 -1.84990181e-02
   7.51291020e-02  1.68030485e-01  2.59500782e-01  3.48878976e-01
   4.35565576e-01  5.19037079e-01  5.98856065e-01  6.74676718e-01
   7.46245943e-01  8.13400565e-01  8.76061315e-01  9.34224410e-01
   9.87951593e-01  1.03735939e+00  1.08260826e+00  1.12389222e+00
   1.16142920e+00  1.19545259e+00  1.22620385e+00  1.25392644e+00
   1.27886091e+00  1.30124103e+00  1.32129099e+00  1.33922336e+00
   1.35523780e+00  1.36952032e+00  1.38224305e+00  1.39356429e+00
   1.40362891e+00  1.41256887e+00  1.42050392e+00  1.42754235e+00
   1.43378181e+00  1.43931010e+00  1.44420603e+00  1.44854015e+00
   1.45237555e+00  1.45576853e+00  1.45876926e+00  1.46142243e+00
   8.15394997e-02  1.52111799e-01  2.19222214e-01  2.82960413e-01
   3.43418560e-01  4.00691627e-01  4.54877738e-01  5.06078553e-01
   5.54399693e-01  5.99951206e-01  6.42848086e-01  6.83210828e-01
   7.21166046e-01  7.56847131e-01  7.90394956e-01  8.21958630e-01
   8.51696279e-01  8.79775860e-01  9.06375978e-01  9.31686692e-01
   9.55910279e-01  9.79261912e-01  1.00197021e+00  1.02427762e+00
   1.04644046e+00  1.06872870e+00  1.09142523e+00  1.11482454e+00
   1.13923073e+00  1.16495464e+00  1.19231006e+00  1.22160877e+00
   1.25315444e+00  1.28723534e+00  1.32411579e+00  1.36402657e+00
   1.40715451e+00  1.45363167e+00  1.50352457e+00  1.55682426e+00
   1.61343789e+00  1.67318265e+00  1.73578306e+00  1.80087201e+00
   1.86799629e+00  1.93662675e+00  2.00617266e+00  2.07600000e+00
   2.14545234e+00  2.21387325e+00  2.28062871e+00  2.34512799e+00
   2.40684194e+00  2.46531735e+00  2.52018711e+00  2.57117574e+00
   2.61810043e+00  2.66086833e+00  2.69947049e+00  2.73397343e+00
   2.76450921e+00  2.79126466e+00  2.81447056e+00  2.83439123e+00
   2.85131494e+00  2.86554536e+00  2.87739427e+00  2.88717546e+00
   2.89519977e+00  2.90177130e+00  2.90718454e+00  2.91172238e+00
   2.91565479e+00  2.91923809e+00  2.92271472e+00  2.92631331e+00
   2.93024902e+00  2.93472414e+00  2.93992872e+00  2.94604137e+00]
 [-1.49576729e+00 -1.49276656e+00 -1.48937359e+00 -1.48553819e+00
  -1.48120407e+00 -1.47630814e+00 -1.47077984e+00 -1.46454039e+00
  -1.45750196e+00 -1.44956691e+00 -1.44062695e+00 -1.43056233e+00
  -1.41924108e+00 -1.40651836e+00 -1.39223583e+00 -1.37622140e+00
  -1.35828903e+00 -1.33823907e+00 -1.31585894e+00 -1.29092448e+00
  -1.26320188e+00 -1.23245062e+00 -1.19842724e+00 -1.16089025e+00
  -1.11960630e+00 -1.07435742e+00 -1.02494963e+00 -9.71222447e-01
  -9.13059351e-01 -8.50398602e-01 -7.83243979e-01 -7.11674754e-01
  -6.35854102e-01 -5.56035116e-01 -4.72563612e-01 -3.85877012e-01
  -2.96498818e-01 -2.05028521e-01 -1.12127138e-01 -1.84990181e-02
   7.51291020e-02  1.68030485e-01  2.59500782e-01  3.48878976e-01
   4.35565576e-01  5.19037079e-01  5.98856065e-01  6.74676718e-01
   7.46245943e-01  8.13400565e-01  8.76061315e-01  9.34224410e-01
   9.87951593e-01  1.03735939e+00  1.08260826e+00  1.12389222e+00
   1.16142920e+00  1.19545259e+00  1.22620385e+00  1.25392644e+00
   1.27886091e+00  1.30124103e+00  1.32129099e+00  1.33922336e+00
   1.35523780e+00  1.36952032e+00  1.38224305e+00  1.39356429e+00
   1.40362891e+00  1.41256887e+00  1.42050392e+00  1.42754235e+00
   1.43378181e+00  1.43931010e+00  1.44420603e+00  1.44854015e+00
   1.45237555e+00  1.45576853e+00  1.45876926e+00  1.46142243e+00
   8.15394997e-02  1.52111799e-01  2.19222214e-01  2.82960413e-01
   3.43418560e-01  4.00691627e-01  4.54877738e-01  5.06078553e-01
   5.54399693e-01  5.99951206e-01  6.42848086e-01  6.83210828e-01
   7.21166046e-01  7.56847131e-01  7.90394956e-01  8.21958630e-01
   8.51696279e-01  8.79775860e-01  9.06375978e-01  9.31686692e-01
   9.55910279e-01  9.79261912e-01  1.00197021e+00  1.02427762e+00
   1.04644046e+00  1.06872870e+00  1.09142523e+00  1.11482454e+00
   1.13923073e+00  1.16495464e+00  1.19231006e+00  1.22160877e+00
   1.25315444e+00  1.28723534e+00  1.32411579e+00  1.36402657e+00
   1.40715451e+00  1.45363167e+00  1.50352457e+00  1.55682426e+00
   1.61343789e+00  1.67318265e+00  1.73578306e+00  1.80087201e+00
   1.86799629e+00  1.93662675e+00  2.00617266e+00  2.07600000e+00
   2.14545234e+00  2.21387325e+00  2.28062871e+00  2.34512799e+00
   2.40684194e+00  2.46531735e+00  2.52018711e+00  2.57117574e+00
   2.61810043e+00  2.66086833e+00  2.69947049e+00  2.73397343e+00
   2.76450921e+00  2.79126466e+00  2.81447056e+00  2.83439123e+00
   2.85131494e+00  2.86554536e+00  2.87739427e+00  2.88717546e+00
   2.89519977e+00  2.90177130e+00  2.90718454e+00  2.91172238e+00
   2.91565479e+00  2.91923809e+00  2.92271472e+00  2.92631331e+00
   2.93024902e+00  2.93472414e+00  2.93992872e+00  2.94604137e+00]
 [-1.49576729e+00 -1.49276656e+00 -1.48937359e+00 -1.48553819e+00
  -1.48120407e+00 -1.47630814e+00 -1.47077984e+00 -1.46454039e+00
  -1.45750196e+00 -1.44956691e+00 -1.44062695e+00 -1.43056233e+00
  -1.41924108e+00 -1.40651836e+00 -1.39223583e+00 -1.37622140e+00
  -1.35828903e+00 -1.33823907e+00 -1.31585894e+00 -1.29092448e+00
  -1.26320188e+00 -1.23245062e+00 -1.19842724e+00 -1.16089025e+00
  -1.11960630e+00 -1.07435742e+00 -1.02494963e+00 -9.71222447e-01
  -9.13059351e-01 -8.50398602e-01 -7.83243979e-01 -7.11674754e-01
  -6.35854102e-01 -5.56035116e-01 -4.72563612e-01 -3.85877012e-01
  -2.96498818e-01 -2.05028521e-01 -1.12127138e-01 -1.84990181e-02
   7.51291020e-02  1.68030485e-01  2.59500782e-01  3.48878976e-01
   4.35565576e-01  5.19037079e-01  5.98856065e-01  6.74676718e-01
   7.46245943e-01  8.13400565e-01  8.76061315e-01  9.34224410e-01
   9.87951593e-01  1.03735939e+00  1.08260826e+00  1.12389222e+00
   1.16142920e+00  1.19545259e+00  1.22620385e+00  1.25392644e+00
   1.27886091e+00  1.30124103e+00  1.32129099e+00  1.33922336e+00
   1.35523780e+00  1.36952032e+00  1.38224305e+00  1.39356429e+00
   1.40362891e+00  1.41256887e+00  1.42050392e+00  1.42754235e+00
   1.43378181e+00  1.43931010e+00  1.44420603e+00  1.44854015e+00
   1.45237555e+00  1.45576853e+00  1.45876926e+00  1.46142243e+00
   8.15394997e-02  1.52111799e-01  2.19222214e-01  2.82960413e-01
   3.43418560e-01  4.00691627e-01  4.54877738e-01  5.06078553e-01
   5.54399693e-01  5.99951206e-01  6.42848086e-01  6.83210828e-01
   7.21166046e-01  7.56847131e-01  7.90394956e-01  8.21958630e-01
   8.51696279e-01  8.79775860e-01  9.06375978e-01  9.31686692e-01
   9.55910279e-01  9.79261912e-01  1.00197021e+00  1.02427762e+00
   1.04644046e+00  1.06872870e+00  1.09142523e+00  1.11482454e+00
   1.13923073e+00  1.16495464e+00  1.19231006e+00  1.22160877e+00
   1.25315444e+00  1.28723534e+00  1.32411579e+00  1.36402657e+00
   1.40715451e+00  1.45363167e+00  1.50352457e+00  1.55682426e+00
   1.61343789e+00  1.67318265e+00  1.73578306e+00  1.80087201e+00
   1.86799629e+00  1.93662675e+00  2.00617266e+00  2.07600000e+00
   2.14545234e+00  2.21387325e+00  2.28062871e+00  2.34512799e+00
   2.40684194e+00  2.46531735e+00  2.52018711e+00  2.57117574e+00
   2.61810043e+00  2.66086833e+00  2.69947049e+00  2.73397343e+00
   2.76450921e+00  2.79126466e+00  2.81447056e+00  2.83439123e+00
   2.85131494e+00  2.86554536e+00  2.87739427e+00  2.88717546e+00
   2.89519977e+00  2.90177130e+00  2.90718454e+00  2.91172238e+00
   2.91565479e+00  2.91923809e+00  2.92271472e+00  2.92631331e+00
   2.93024902e+00  2.93472414e+00  2.93992872e+00  2.94604137e+00]
 [-1.49576729e+00 -1.49276656e+00 -1.48937359e+00 -1.48553819e+00
  -1.48120407e+00 -1.47630814e+00 -1.47077984e+00 -1.46454039e+00
  -1.45750196e+00 -1.44956691e+00 -1.44062695e+00 -1.43056233e+00
  -1.41924108e+00 -1.40651836e+00 -1.39223583e+00 -1.37622140e+00
  -1.35828903e+00 -1.33823907e+00 -1.31585894e+00 -1.29092448e+00
  -1.26320188e+00 -1.23245062e+00 -1.19842724e+00 -1.16089025e+00
  -1.11960630e+00 -1.07435742e+00 -1.02494963e+00 -9.71222447e-01
  -9.13059351e-01 -8.50398602e-01 -7.83243979e-01 -7.11674754e-01
  -6.35854102e-01 -5.56035116e-01 -4.72563612e-01 -3.85877012e-01
  -2.96498818e-01 -2.05028521e-01 -1.12127138e-01 -1.84990181e-02
   7.51291020e-02  1.68030485e-01  2.59500782e-01  3.48878976e-01
   4.35565576e-01  5.19037079e-01  5.98856065e-01  6.74676718e-01
   7.46245943e-01  8.13400565e-01  8.76061315e-01  9.34224410e-01
   9.87951593e-01  1.03735939e+00  1.08260826e+00  1.12389222e+00
   1.16142920e+00  1.19545259e+00  1.22620385e+00  1.25392644e+00
   1.27886091e+00  1.30124103e+00  1.32129099e+00  1.33922336e+00
   1.35523780e+00  1.36952032e+00  1.38224305e+00  1.39356429e+00
   1.40362891e+00  1.41256887e+00  1.42050392e+00  1.42754235e+00
   1.43378181e+00  1.43931010e+00  1.44420603e+00  1.44854015e+00
   1.45237555e+00  1.45576853e+00  1.45876926e+00  1.46142243e+00
   8.15394997e-02  1.52111799e-01  2.19222214e-01  2.82960413e-01
   3.43418560e-01  4.00691627e-01  4.54877738e-01  5.06078553e-01
   5.54399693e-01  5.99951206e-01  6.42848086e-01  6.83210828e-01
   7.21166046e-01  7.56847131e-01  7.90394956e-01  8.21958630e-01
   8.51696279e-01  8.79775860e-01  9.06375978e-01  9.31686692e-01
   9.55910279e-01  9.79261912e-01  1.00197021e+00  1.02427762e+00
   1.04644046e+00  1.06872870e+00  1.09142523e+00  1.11482454e+00
   1.13923073e+00  1.16495464e+00  1.19231006e+00  1.22160877e+00
   1.25315444e+00  1.28723534e+00  1.32411579e+00  1.36402657e+00
   1.40715451e+00  1.45363167e+00  1.50352457e+00  1.55682426e+00
   1.61343789e+00  1.67318265e+00  1.73578306e+00  1.80087201e+00
   1.86799629e+00  1.93662675e+00  2.00617266e+00  2.07600000e+00
   2.14545234e+00  2.21387325e+00  2.28062871e+00  2.34512799e+00
   2.40684194e+00  2.46531735e+00  2.52018711e+00  2.57117574e+00
   2.61810043e+00  2.66086833e+00  2.69947049e+00  2.73397343e+00
   2.76450921e+00  2.79126466e+00  2.81447056e+00  2.83439123e+00
   2.85131494e+00  2.86554536e+00  2.87739427e+00  2.88717546e+00
   2.89519977e+00  2.90177130e+00  2.90718454e+00  2.91172238e+00
   2.91565479e+00  2.91923809e+00  2.92271472e+00  2.92631331e+00
   2.93024902e+00  2.93472414e+00  2.93992872e+00  2.94604137e+00]
 [-1.49576729e+00 -1.49276656e+00 -1.48937359e+00 -1.48553819e+00
  -1.48120407e+00 -1.47630814e+00 -1.47077984e+00 -1.46454039e+00
  -1.45750196e+00 -1.44956691e+00 -1.44062695e+00 -1.43056233e+00
  -1.41924108e+00 -1.40651836e+00 -1.39223583e+00 -1.37622140e+00
  -1.35828903e+00 -1.33823907e+00 -1.31585894e+00 -1.29092448e+00
  -1.26320188e+00 -1.23245062e+00 -1.19842724e+00 -1.16089025e+00
  -1.11960630e+00 -1.07435742e+00 -1.02494963e+00 -9.71222447e-01
  -9.13059351e-01 -8.50398602e-01 -7.83243979e-01 -7.11674754e-01
  -6.35854102e-01 -5.56035116e-01 -4.72563612e-01 -3.85877012e-01
  -2.96498818e-01 -2.05028521e-01 -1.12127138e-01 -1.84990181e-02
   7.51291020e-02  1.68030485e-01  2.59500782e-01  3.48878976e-01
   4.35565576e-01  5.19037079e-01  5.98856065e-01  6.74676718e-01
   7.46245943e-01  8.13400565e-01  8.76061315e-01  9.34224410e-01
   9.87951593e-01  1.03735939e+00  1.08260826e+00  1.12389222e+00
   1.16142920e+00  1.19545259e+00  1.22620385e+00  1.25392644e+00
   1.27886091e+00  1.30124103e+00  1.32129099e+00  1.33922336e+00
   1.35523780e+00  1.36952032e+00  1.38224305e+00  1.39356429e+00
   1.40362891e+00  1.41256887e+00  1.42050392e+00  1.42754235e+00
   1.43378181e+00  1.43931010e+00  1.44420603e+00  1.44854015e+00
   1.45237555e+00  1.45576853e+00  1.45876926e+00  1.46142243e+00
   8.15394997e-02  1.52111799e-01  2.19222214e-01  2.82960413e-01
   3.43418560e-01  4.00691627e-01  4.54877738e-01  5.06078553e-01
   5.54399693e-01  5.99951206e-01  6.42848086e-01  6.83210828e-01
   7.21166046e-01  7.56847131e-01  7.90394956e-01  8.21958630e-01
   8.51696279e-01  8.79775860e-01  9.06375978e-01  9.31686692e-01
   9.55910279e-01  9.79261912e-01  1.00197021e+00  1.02427762e+00
   1.04644046e+00  1.06872870e+00  1.09142523e+00  1.11482454e+00
   1.13923073e+00  1.16495464e+00  1.19231006e+00  1.22160877e+00
   1.25315444e+00  1.28723534e+00  1.32411579e+00  1.36402657e+00
   1.40715451e+00  1.45363167e+00  1.50352457e+00  1.55682426e+00
   1.61343789e+00  1.67318265e+00  1.73578306e+00  1.80087201e+00
   1.86799629e+00  1.93662675e+00  2.00617266e+00  2.07600000e+00
   2.14545234e+00  2.21387325e+00  2.28062871e+00  2.34512799e+00
   2.40684194e+00  2.46531735e+00  2.52018711e+00  2.57117574e+00
   2.61810043e+00  2.66086833e+00  2.69947049e+00  2.73397343e+00
   2.76450921e+00  2.79126466e+00  2.81447056e+00  2.83439123e+00
   2.85131494e+00  2.86554536e+00  2.87739427e+00  2.88717546e+00
   2.89519977e+00  2.90177130e+00  2.90718454e+00  2.91172238e+00
   2.91565479e+00  2.91923809e+00  2.92271472e+00  2.92631331e+00
   2.93024902e+00  2.93472414e+00  2.93992872e+00  2.94604137e+00]
 [-1.49576729e+00 -1.49276656e+00 -1.48937359e+00 -1.48553819e+00
  -1.48120407e+00 -1.47630814e+00 -1.47077984e+00 -1.46454039e+00
  -1.45750196e+00 -1.44956691e+00 -1.44062695e+00 -1.43056233e+00
  -1.41924108e+00 -1.40651836e+00 -1.39223583e+00 -1.37622140e+00
  -1.35828903e+00 -1.33823907e+00 -1.31585894e+00 -1.29092448e+00
  -1.26320188e+00 -1.23245062e+00 -1.19842724e+00 -1.16089025e+00
  -1.11960630e+00 -1.07435742e+00 -1.02494963e+00 -9.71222447e-01
  -9.13059351e-01 -8.50398602e-01 -7.83243979e-01 -7.11674754e-01
  -6.35854102e-01 -5.56035116e-01 -4.72563612e-01 -3.85877012e-01
  -2.96498818e-01 -2.05028521e-01 -1.12127138e-01 -1.84990181e-02
   7.51291020e-02  1.68030485e-01  2.59500782e-01  3.48878976e-01
   4.35565576e-01  5.19037079e-01  5.98856065e-01  6.74676718e-01
   7.46245943e-01  8.13400565e-01  8.76061315e-01  9.34224410e-01
   9.87951593e-01  1.03735939e+00  1.08260826e+00  1.12389222e+00
   1.16142920e+00  1.19545259e+00  1.22620385e+00  1.25392644e+00
   1.27886091e+00  1.30124103e+00  1.32129099e+00  1.33922336e+00
   1.35523780e+00  1.36952032e+00  1.38224305e+00  1.39356429e+00
   1.40362891e+00  1.41256887e+00  1.42050392e+00  1.42754235e+00
   1.43378181e+00  1.43931010e+00  1.44420603e+00  1.44854015e+00
   1.45237555e+00  1.45576853e+00  1.45876926e+00  1.46142243e+00
   8.15394997e-02  1.52111799e-01  2.19222214e-01  2.82960413e-01
   3.43418560e-01  4.00691627e-01  4.54877738e-01  5.06078553e-01
   5.54399693e-01  5.99951206e-01  6.42848086e-01  6.83210828e-01
   7.21166046e-01  7.56847131e-01  7.90394956e-01  8.21958630e-01
   8.51696279e-01  8.79775860e-01  9.06375978e-01  9.31686692e-01
   9.55910279e-01  9.79261912e-01  1.00197021e+00  1.02427762e+00
   1.04644046e+00  1.06872870e+00  1.09142523e+00  1.11482454e+00
   1.13923073e+00  1.16495464e+00  1.19231006e+00  1.22160877e+00
   1.25315444e+00  1.28723534e+00  1.32411579e+00  1.36402657e+00
   1.40715451e+00  1.45363167e+00  1.50352457e+00  1.55682426e+00
   1.61343789e+00  1.67318265e+00  1.73578306e+00  1.80087201e+00
   1.86799629e+00  1.93662675e+00  2.00617266e+00  2.07600000e+00
   2.14545234e+00  2.21387325e+00  2.28062871e+00  2.34512799e+00
   2.40684194e+00  2.46531735e+00  2.52018711e+00  2.57117574e+00
   2.61810043e+00  2.66086833e+00  2.69947049e+00  2.73397343e+00
   2.76450921e+00  2.79126466e+00  2.81447056e+00  2.83439123e+00
   2.85131494e+00  2.86554536e+00  2.87739427e+00  2.88717546e+00
   2.89519977e+00  2.90177130e+00  2.90718454e+00  2.91172238e+00
   2.91565479e+00  2.91923809e+00  2.92271472e+00  2.92631331e+00
   2.93024902e+00  2.93472414e+00  2.93992872e+00  2.94604137e+00]
 [-1.49576729e+00 -1.49276656e+00 -1.48937359e+00 -1.48553819e+00
  -1.48120407e+00 -1.47630814e+00 -1.47077984e+00 -1.46454039e+00
  -1.45750196e+00 -1.44956691e+00 -1.44062695e+00 -1.43056233e+00
  -1.41924108e+00 -1.40651836e+00 -1.39223583e+00 -1.37622140e+00
  -1.35828903e+00 -1.33823907e+00 -1.31585894e+00 -1.29092448e+00
  -1.26320188e+00 -1.23245062e+00 -1.19842724e+00 -1.16089025e+00
  -1.11960630e+00 -1.07435742e+00 -1.02494963e+00 -9.71222447e-01
  -9.13059351e-01 -8.50398602e-01 -7.83243979e-01 -7.11674754e-01
  -6.35854102e-01 -5.56035116e-01 -4.72563612e-01 -3.85877012e-01
  -2.96498818e-01 -2.05028521e-01 -1.12127138e-01 -1.84990181e-02
   7.51291020e-02  1.68030485e-01  2.59500782e-01  3.48878976e-01
   4.35565576e-01  5.19037079e-01  5.98856065e-01  6.74676718e-01
   7.46245943e-01  8.13400565e-01  8.76061315e-01  9.34224410e-01
   9.87951593e-01  1.03735939e+00  1.08260826e+00  1.12389222e+00
   1.16142920e+00  1.19545259e+00  1.22620385e+00  1.25392644e+00
   1.27886091e+00  1.30124103e+00  1.32129099e+00  1.33922336e+00
   1.35523780e+00  1.36952032e+00  1.38224305e+00  1.39356429e+00
   1.40362891e+00  1.41256887e+00  1.42050392e+00  1.42754235e+00
   1.43378181e+00  1.43931010e+00  1.44420603e+00  1.44854015e+00
   1.45237555e+00  1.45576853e+00  1.45876926e+00  1.46142243e+00
   8.15394997e-02  1.52111799e-01  2.19222214e-01  2.82960413e-01
   3.43418560e-01  4.00691627e-01  4.54877738e-01  5.06078553e-01
   5.54399693e-01  5.99951206e-01  6.42848086e-01  6.83210828e-01
   7.21166046e-01  7.56847131e-01  7.90394956e-01  8.21958630e-01
   8.51696279e-01  8.79775860e-01  9.06375978e-01  9.31686692e-01
   9.55910279e-01  9.79261912e-01  1.00197021e+00  1.02427762e+00
   1.04644046e+00  1.06872870e+00  1.09142523e+00  1.11482454e+00
   1.13923073e+00  1.16495464e+00  1.19231006e+00  1.22160877e+00
   1.25315444e+00  1.28723534e+00  1.32411579e+00  1.36402657e+00
   1.40715451e+00  1.45363167e+00  1.50352457e+00  1.55682426e+00
   1.61343789e+00  1.67318265e+00  1.73578306e+00  1.80087201e+00
   1.86799629e+00  1.93662675e+00  2.00617266e+00  2.07600000e+00
   2.14545234e+00  2.21387325e+00  2.28062871e+00  2.34512799e+00
   2.40684194e+00  2.46531735e+00  2.52018711e+00  2.57117574e+00
   2.61810043e+00  2.66086833e+00  2.69947049e+00  2.73397343e+00
   2.76450921e+00  2.79126466e+00  2.81447056e+00  2.83439123e+00
   2.85131494e+00  2.86554536e+00  2.87739427e+00  2.88717546e+00
   2.89519977e+00  2.90177130e+00  2.90718454e+00  2.91172238e+00
   2.91565479e+00  2.91923809e+00  2.92271472e+00  2.92631331e+00
   2.93024902e+00  2.93472414e+00  2.93992872e+00  2.94604137e+00]
 [-1.49576729e+00 -1.49276656e+00 -1.48937359e+00 -1.48553819e+00
  -1.48120407e+00 -1.47630814e+00 -1.47077984e+00 -1.46454039e+00
  -1.45750196e+00 -1.44956691e+00 -1.44062695e+00 -1.43056233e+00
  -1.41924108e+00 -1.40651836e+00 -1.39223583e+00 -1.37622140e+00
  -1.35828903e+00 -1.33823907e+00 -1.31585894e+00 -1.29092448e+00
  -1.26320188e+00 -1.23245062e+00 -1.19842724e+00 -1.16089025e+00
  -1.11960630e+00 -1.07435742e+00 -1.02494963e+00 -9.71222447e-01
  -9.13059351e-01 -8.50398602e-01 -7.83243979e-01 -7.11674754e-01
  -6.35854102e-01 -5.56035116e-01 -4.72563612e-01 -3.85877012e-01
  -2.96498818e-01 -2.05028521e-01 -1.12127138e-01 -1.84990181e-02
   7.51291020e-02  1.68030485e-01  2.59500782e-01  3.48878976e-01
   4.35565576e-01  5.19037079e-01  5.98856065e-01  6.74676718e-01
   7.46245943e-01  8.13400565e-01  8.76061315e-01  9.34224410e-01
   9.87951593e-01  1.03735939e+00  1.08260826e+00  1.12389222e+00
   1.16142920e+00  1.19545259e+00  1.22620385e+00  1.25392644e+00
   1.27886091e+00  1.30124103e+00  1.32129099e+00  1.33922336e+00
   1.35523780e+00  1.36952032e+00  1.38224305e+00  1.39356429e+00
   1.40362891e+00  1.41256887e+00  1.42050392e+00  1.42754235e+00
   1.43378181e+00  1.43931010e+00  1.44420603e+00  1.44854015e+00
   1.45237555e+00  1.45576853e+00  1.45876926e+00  1.46142243e+00
   8.15394997e-02  1.52111799e-01  2.19222214e-01  2.82960413e-01
   3.43418560e-01  4.00691627e-01  4.54877738e-01  5.06078553e-01
   5.54399693e-01  5.99951206e-01  6.42848086e-01  6.83210828e-01
   7.21166046e-01  7.56847131e-01  7.90394956e-01  8.21958630e-01
   8.51696279e-01  8.79775860e-01  9.06375978e-01  9.31686692e-01
   9.55910279e-01  9.79261912e-01  1.00197021e+00  1.02427762e+00
   1.04644046e+00  1.06872870e+00  1.09142523e+00  1.11482454e+00
   1.13923073e+00  1.16495464e+00  1.19231006e+00  1.22160877e+00
   1.25315444e+00  1.28723534e+00  1.32411579e+00  1.36402657e+00
   1.40715451e+00  1.45363167e+00  1.50352457e+00  1.55682426e+00
   1.61343789e+00  1.67318265e+00  1.73578306e+00  1.80087201e+00
   1.86799629e+00  1.93662675e+00  2.00617266e+00  2.07600000e+00
   2.14545234e+00  2.21387325e+00  2.28062871e+00  2.34512799e+00
   2.40684194e+00  2.46531735e+00  2.52018711e+00  2.57117574e+00
   2.61810043e+00  2.66086833e+00  2.69947049e+00  2.73397343e+00
   2.76450921e+00  2.79126466e+00  2.81447056e+00  2.83439123e+00
   2.85131494e+00  2.86554536e+00  2.87739427e+00  2.88717546e+00
   2.89519977e+00  2.90177130e+00  2.90718454e+00  2.91172238e+00
   2.91565479e+00  2.91923809e+00  2.92271472e+00  2.92631331e+00
   2.93024902e+00  2.93472414e+00  2.93992872e+00  2.94604137e+00]
 [-1.49576729e+00 -1.49276656e+00 -1.48937359e+00 -1.48553819e+00
  -1.48120407e+00 -1.47630814e+00 -1.47077984e+00 -1.46454039e+00
  -1.45750196e+00 -1.44956691e+00 -1.44062695e+00 -1.43056233e+00
  -1.41924108e+00 -1.40651836e+00 -1.39223583e+00 -1.37622140e+00
  -1.35828903e+00 -1.33823907e+00 -1.31585894e+00 -1.29092448e+00
  -1.26320188e+00 -1.23245062e+00 -1.19842724e+00 -1.16089025e+00
  -1.11960630e+00 -1.07435742e+00 -1.02494963e+00 -9.71222447e-01
  -9.13059351e-01 -8.50398602e-01 -7.83243979e-01 -7.11674754e-01
  -6.35854102e-01 -5.56035116e-01 -4.72563612e-01 -3.85877012e-01
  -2.96498818e-01 -2.05028521e-01 -1.12127138e-01 -1.84990181e-02
   7.51291020e-02  1.68030485e-01  2.59500782e-01  3.48878976e-01
   4.35565576e-01  5.19037079e-01  5.98856065e-01  6.74676718e-01
   7.46245943e-01  8.13400565e-01  8.76061315e-01  9.34224410e-01
   9.87951593e-01  1.03735939e+00  1.08260826e+00  1.12389222e+00
   1.16142920e+00  1.19545259e+00  1.22620385e+00  1.25392644e+00
   1.27886091e+00  1.30124103e+00  1.32129099e+00  1.33922336e+00
   1.35523780e+00  1.36952032e+00  1.38224305e+00  1.39356429e+00
   1.40362891e+00  1.41256887e+00  1.42050392e+00  1.42754235e+00
   1.43378181e+00  1.43931010e+00  1.44420603e+00  1.44854015e+00
   1.45237555e+00  1.45576853e+00  1.45876926e+00  1.46142243e+00
   8.15394997e-02  1.52111799e-01  2.19222214e-01  2.82960413e-01
   3.43418560e-01  4.00691627e-01  4.54877738e-01  5.06078553e-01
   5.54399693e-01  5.99951206e-01  6.42848086e-01  6.83210828e-01
   7.21166046e-01  7.56847131e-01  7.90394956e-01  8.21958630e-01
   8.51696279e-01  8.79775860e-01  9.06375978e-01  9.31686692e-01
   9.55910279e-01  9.79261912e-01  1.00197021e+00  1.02427762e+00
   1.04644046e+00  1.06872870e+00  1.09142523e+00  1.11482454e+00
   1.13923073e+00  1.16495464e+00  1.19231006e+00  1.22160877e+00
   1.25315444e+00  1.28723534e+00  1.32411579e+00  1.36402657e+00
   1.40715451e+00  1.45363167e+00  1.50352457e+00  1.55682426e+00
   1.61343789e+00  1.67318265e+00  1.73578306e+00  1.80087201e+00
   1.86799629e+00  1.93662675e+00  2.00617266e+00  2.07600000e+00
   2.14545234e+00  2.21387325e+00  2.28062871e+00  2.34512799e+00
   2.40684194e+00  2.46531735e+00  2.52018711e+00  2.57117574e+00
   2.61810043e+00  2.66086833e+00  2.69947049e+00  2.73397343e+00
   2.76450921e+00  2.79126466e+00  2.81447056e+00  2.83439123e+00
   2.85131494e+00  2.86554536e+00  2.87739427e+00  2.88717546e+00
   2.89519977e+00  2.90177130e+00  2.90718454e+00  2.91172238e+00
   2.91565479e+00  2.91923809e+00  2.92271472e+00  2.92631331e+00
   2.93024902e+00  2.93472414e+00  2.93992872e+00  2.94604137e+00]
 [-1.49576729e+00 -1.49276656e+00 -1.48937359e+00 -1.48553819e+00
  -1.48120407e+00 -1.47630814e+00 -1.47077984e+00 -1.46454039e+00
  -1.45750196e+00 -1.44956691e+00 -1.44062695e+00 -1.43056233e+00
  -1.41924108e+00 -1.40651836e+00 -1.39223583e+00 -1.37622140e+00
  -1.35828903e+00 -1.33823907e+00 -1.31585894e+00 -1.29092448e+00
  -1.26320188e+00 -1.23245062e+00 -1.19842724e+00 -1.16089025e+00
  -1.11960630e+00 -1.07435742e+00 -1.02494963e+00 -9.71222447e-01
  -9.13059351e-01 -8.50398602e-01 -7.83243979e-01 -7.11674754e-01
  -6.35854102e-01 -5.56035116e-01 -4.72563612e-01 -3.85877012e-01
  -2.96498818e-01 -2.05028521e-01 -1.12127138e-01 -1.84990181e-02
   7.51291020e-02  1.68030485e-01  2.59500782e-01  3.48878976e-01
   4.35565576e-01  5.19037079e-01  5.98856065e-01  6.74676718e-01
   7.46245943e-01  8.13400565e-01  8.76061315e-01  9.34224410e-01
   9.87951593e-01  1.03735939e+00  1.08260826e+00  1.12389222e+00
   1.16142920e+00  1.19545259e+00  1.22620385e+00  1.25392644e+00
   1.27886091e+00  1.30124103e+00  1.32129099e+00  1.33922336e+00
   1.35523780e+00  1.36952032e+00  1.38224305e+00  1.39356429e+00
   1.40362891e+00  1.41256887e+00  1.42050392e+00  1.42754235e+00
   1.43378181e+00  1.43931010e+00  1.44420603e+00  1.44854015e+00
   1.45237555e+00  1.45576853e+00  1.45876926e+00  1.46142243e+00
   8.15394997e-02  1.52111799e-01  2.19222214e-01  2.82960413e-01
   3.43418560e-01  4.00691627e-01  4.54877738e-01  5.06078553e-01
   5.54399693e-01  5.99951206e-01  6.42848086e-01  6.83210828e-01
   7.21166046e-01  7.56847131e-01  7.90394956e-01  8.21958630e-01
   8.51696279e-01  8.79775860e-01  9.06375978e-01  9.31686692e-01
   9.55910279e-01  9.79261912e-01  1.00197021e+00  1.02427762e+00
   1.04644046e+00  1.06872870e+00  1.09142523e+00  1.11482454e+00
   1.13923073e+00  1.16495464e+00  1.19231006e+00  1.22160877e+00
   1.25315444e+00  1.28723534e+00  1.32411579e+00  1.36402657e+00
   1.40715451e+00  1.45363167e+00  1.50352457e+00  1.55682426e+00
   1.61343789e+00  1.67318265e+00  1.73578306e+00  1.80087201e+00
   1.86799629e+00  1.93662675e+00  2.00617266e+00  2.07600000e+00
   2.14545234e+00  2.21387325e+00  2.28062871e+00  2.34512799e+00
   2.40684194e+00  2.46531735e+00  2.52018711e+00  2.57117574e+00
   2.61810043e+00  2.66086833e+00  2.69947049e+00  2.73397343e+00
   2.76450921e+00  2.79126466e+00  2.81447056e+00  2.83439123e+00
   2.85131494e+00  2.86554536e+00  2.87739427e+00  2.88717546e+00
   2.89519977e+00  2.90177130e+00  2.90718454e+00  2.91172238e+00
   2.91565479e+00  2.91923809e+00  2.92271472e+00  2.92631331e+00
   2.93024902e+00  2.93472414e+00  2.93992872e+00  2.94604137e+00]
 [-1.49576729e+00 -1.49276656e+00 -1.48937359e+00 -1.48553819e+00
  -1.48120407e+00 -1.47630814e+00 -1.47077984e+00 -1.46454039e+00
  -1.45750196e+00 -1.44956691e+00 -1.44062695e+00 -1.43056233e+00
  -1.41924108e+00 -1.40651836e+00 -1.39223583e+00 -1.37622140e+00
  -1.35828903e+00 -1.33823907e+00 -1.31585894e+00 -1.29092448e+00
  -1.26320188e+00 -1.23245062e+00 -1.19842724e+00 -1.16089025e+00
  -1.11960630e+00 -1.07435742e+00 -1.02494963e+00 -9.71222447e-01
  -9.13059351e-01 -8.50398602e-01 -7.83243979e-01 -7.11674754e-01
  -6.35854102e-01 -5.56035116e-01 -4.72563612e-01 -3.85877012e-01
  -2.96498818e-01 -2.05028521e-01 -1.12127138e-01 -1.84990181e-02
   7.51291020e-02  1.68030485e-01  2.59500782e-01  3.48878976e-01
   4.35565576e-01  5.19037079e-01  5.98856065e-01  6.74676718e-01
   7.46245943e-01  8.13400565e-01  8.76061315e-01  9.34224410e-01
   9.87951593e-01  1.03735939e+00  1.08260826e+00  1.12389222e+00
   1.16142920e+00  1.19545259e+00  1.22620385e+00  1.25392644e+00
   1.27886091e+00  1.30124103e+00  1.32129099e+00  1.33922336e+00
   1.35523780e+00  1.36952032e+00  1.38224305e+00  1.39356429e+00
   1.40362891e+00  1.41256887e+00  1.42050392e+00  1.42754235e+00
   1.43378181e+00  1.43931010e+00  1.44420603e+00  1.44854015e+00
   1.45237555e+00  1.45576853e+00  1.45876926e+00  1.46142243e+00
   8.15394997e-02  1.52111799e-01  2.19222214e-01  2.82960413e-01
   3.43418560e-01  4.00691627e-01  4.54877738e-01  5.06078553e-01
   5.54399693e-01  5.99951206e-01  6.42848086e-01  6.83210828e-01
   7.21166046e-01  7.56847131e-01  7.90394956e-01  8.21958630e-01
   8.51696279e-01  8.79775860e-01  9.06375978e-01  9.31686692e-01
   9.55910279e-01  9.79261912e-01  1.00197021e+00  1.02427762e+00
   1.04644046e+00  1.06872870e+00  1.09142523e+00  1.11482454e+00
   1.13923073e+00  1.16495464e+00  1.19231006e+00  1.22160877e+00
   1.25315444e+00  1.28723534e+00  1.32411579e+00  1.36402657e+00
   1.40715451e+00  1.45363167e+00  1.50352457e+00  1.55682426e+00
   1.61343789e+00  1.67318265e+00  1.73578306e+00  1.80087201e+00
   1.86799629e+00  1.93662675e+00  2.00617266e+00  2.07600000e+00
   2.14545234e+00  2.21387325e+00  2.28062871e+00  2.34512799e+00
   2.40684194e+00  2.46531735e+00  2.52018711e+00  2.57117574e+00
   2.61810043e+00  2.66086833e+00  2.69947049e+00  2.73397343e+00
   2.76450921e+00  2.79126466e+00  2.81447056e+00  2.83439123e+00
   2.85131494e+00  2.86554536e+00  2.87739427e+00  2.88717546e+00
   2.89519977e+00  2.90177130e+00  2.90718454e+00  2.91172238e+00
   2.91565479e+00  2.91923809e+00  2.92271472e+00  2.92631331e+00
   2.93024902e+00  2.93472414e+00  2.93992872e+00  2.94604137e+00]
 [-1.49576729e+00 -1.49276656e+00 -1.48937359e+00 -1.48553819e+00
  -1.48120407e+00 -1.47630814e+00 -1.47077984e+00 -1.46454039e+00
  -1.45750196e+00 -1.44956691e+00 -1.44062695e+00 -1.43056233e+00
  -1.41924108e+00 -1.40651836e+00 -1.39223583e+00 -1.37622140e+00
  -1.35828903e+00 -1.33823907e+00 -1.31585894e+00 -1.29092448e+00
  -1.26320188e+00 -1.23245062e+00 -1.19842724e+00 -1.16089025e+00
  -1.11960630e+00 -1.07435742e+00 -1.02494963e+00 -9.71222447e-01
  -9.13059351e-01 -8.50398602e-01 -7.83243979e-01 -7.11674754e-01
  -6.35854102e-01 -5.56035116e-01 -4.72563612e-01 -3.85877012e-01
  -2.96498818e-01 -2.05028521e-01 -1.12127138e-01 -1.84990181e-02
   7.51291020e-02  1.68030485e-01  2.59500782e-01  3.48878976e-01
   4.35565576e-01  5.19037079e-01  5.98856065e-01  6.74676718e-01
   7.46245943e-01  8.13400565e-01  8.76061315e-01  9.34224410e-01
   9.87951593e-01  1.03735939e+00  1.08260826e+00  1.12389222e+00
   1.16142920e+00  1.19545259e+00  1.22620385e+00  1.25392644e+00
   1.27886091e+00  1.30124103e+00  1.32129099e+00  1.33922336e+00
   1.35523780e+00  1.36952032e+00  1.38224305e+00  1.39356429e+00
   1.40362891e+00  1.41256887e+00  1.42050392e+00  1.42754235e+00
   1.43378181e+00  1.43931010e+00  1.44420603e+00  1.44854015e+00
   1.45237555e+00  1.45576853e+00  1.45876926e+00  1.46142243e+00
   8.15394997e-02  1.52111799e-01  2.19222214e-01  2.82960413e-01
   3.43418560e-01  4.00691627e-01  4.54877738e-01  5.06078553e-01
   5.54399693e-01  5.99951206e-01  6.42848086e-01  6.83210828e-01
   7.21166046e-01  7.56847131e-01  7.90394956e-01  8.21958630e-01
   8.51696279e-01  8.79775860e-01  9.06375978e-01  9.31686692e-01
   9.55910279e-01  9.79261912e-01  1.00197021e+00  1.02427762e+00
   1.04644046e+00  1.06872870e+00  1.09142523e+00  1.11482454e+00
   1.13923073e+00  1.16495464e+00  1.19231006e+00  1.22160877e+00
   1.25315444e+00  1.28723534e+00  1.32411579e+00  1.36402657e+00
   1.40715451e+00  1.45363167e+00  1.50352457e+00  1.55682426e+00
   1.61343789e+00  1.67318265e+00  1.73578306e+00  1.80087201e+00
   1.86799629e+00  1.93662675e+00  2.00617266e+00  2.07600000e+00
   2.14545234e+00  2.21387325e+00  2.28062871e+00  2.34512799e+00
   2.40684194e+00  2.46531735e+00  2.52018711e+00  2.57117574e+00
   2.61810043e+00  2.66086833e+00  2.69947049e+00  2.73397343e+00
   2.76450921e+00  2.79126466e+00  2.81447056e+00  2.83439123e+00
   2.85131494e+00  2.86554536e+00  2.87739427e+00  2.88717546e+00
   2.89519977e+00  2.90177130e+00  2.90718454e+00  2.91172238e+00
   2.91565479e+00  2.91923809e+00  2.92271472e+00  2.92631331e+00
   2.93024902e+00  2.93472414e+00  2.93992872e+00  2.94604137e+00]
 [-1.49576729e+00 -1.49276656e+00 -1.48937359e+00 -1.48553819e+00
  -1.48120407e+00 -1.47630814e+00 -1.47077984e+00 -1.46454039e+00
  -1.45750196e+00 -1.44956691e+00 -1.44062695e+00 -1.43056233e+00
  -1.41924108e+00 -1.40651836e+00 -1.39223583e+00 -1.37622140e+00
  -1.35828903e+00 -1.33823907e+00 -1.31585894e+00 -1.29092448e+00
  -1.26320188e+00 -1.23245062e+00 -1.19842724e+00 -1.16089025e+00
  -1.11960630e+00 -1.07435742e+00 -1.02494963e+00 -9.71222447e-01
  -9.13059351e-01 -8.50398602e-01 -7.83243979e-01 -7.11674754e-01
  -6.35854102e-01 -5.56035116e-01 -4.72563612e-01 -3.85877012e-01
  -2.96498818e-01 -2.05028521e-01 -1.12127138e-01 -1.84990181e-02
   7.51291020e-02  1.68030485e-01  2.59500782e-01  3.48878976e-01
   4.35565576e-01  5.19037079e-01  5.98856065e-01  6.74676718e-01
   7.46245943e-01  8.13400565e-01  8.76061315e-01  9.34224410e-01
   9.87951593e-01  1.03735939e+00  1.08260826e+00  1.12389222e+00
   1.16142920e+00  1.19545259e+00  1.22620385e+00  1.25392644e+00
   1.27886091e+00  1.30124103e+00  1.32129099e+00  1.33922336e+00
   1.35523780e+00  1.36952032e+00  1.38224305e+00  1.39356429e+00
   1.40362891e+00  1.41256887e+00  1.42050392e+00  1.42754235e+00
   1.43378181e+00  1.43931010e+00  1.44420603e+00  1.44854015e+00
   1.45237555e+00  1.45576853e+00  1.45876926e+00  1.46142243e+00
   8.15394997e-02  1.52111799e-01  2.19222214e-01  2.82960413e-01
   3.43418560e-01  4.00691627e-01  4.54877738e-01  5.06078553e-01
   5.54399693e-01  5.99951206e-01  6.42848086e-01  6.83210828e-01
   7.21166046e-01  7.56847131e-01  7.90394956e-01  8.21958630e-01
   8.51696279e-01  8.79775860e-01  9.06375978e-01  9.31686692e-01
   9.55910279e-01  9.79261912e-01  1.00197021e+00  1.02427762e+00
   1.04644046e+00  1.06872870e+00  1.09142523e+00  1.11482454e+00
   1.13923073e+00  1.16495464e+00  1.19231006e+00  1.22160877e+00
   1.25315444e+00  1.28723534e+00  1.32411579e+00  1.36402657e+00
   1.40715451e+00  1.45363167e+00  1.50352457e+00  1.55682426e+00
   1.61343789e+00  1.67318265e+00  1.73578306e+00  1.80087201e+00
   1.86799629e+00  1.93662675e+00  2.00617266e+00  2.07600000e+00
   2.14545234e+00  2.21387325e+00  2.28062871e+00  2.34512799e+00
   2.40684194e+00  2.46531735e+00  2.52018711e+00  2.57117574e+00
   2.61810043e+00  2.66086833e+00  2.69947049e+00  2.73397343e+00
   2.76450921e+00  2.79126466e+00  2.81447056e+00  2.83439123e+00
   2.85131494e+00  2.86554536e+00  2.87739427e+00  2.88717546e+00
   2.89519977e+00  2.90177130e+00  2.90718454e+00  2.91172238e+00
   2.91565479e+00  2.91923809e+00  2.92271472e+00  2.92631331e+00
   2.93024902e+00  2.93472414e+00  2.93992872e+00  2.94604137e+00]
 [-1.49576729e+00 -1.49276656e+00 -1.48937359e+00 -1.48553819e+00
  -1.48120407e+00 -1.47630814e+00 -1.47077984e+00 -1.46454039e+00
  -1.45750196e+00 -1.44956691e+00 -1.44062695e+00 -1.43056233e+00
  -1.41924108e+00 -1.40651836e+00 -1.39223583e+00 -1.37622140e+00
  -1.35828903e+00 -1.33823907e+00 -1.31585894e+00 -1.29092448e+00
  -1.26320188e+00 -1.23245062e+00 -1.19842724e+00 -1.16089025e+00
  -1.11960630e+00 -1.07435742e+00 -1.02494963e+00 -9.71222447e-01
  -9.13059351e-01 -8.50398602e-01 -7.83243979e-01 -7.11674754e-01
  -6.35854102e-01 -5.56035116e-01 -4.72563612e-01 -3.85877012e-01
  -2.96498818e-01 -2.05028521e-01 -1.12127138e-01 -1.84990181e-02
   7.51291020e-02  1.68030485e-01  2.59500782e-01  3.48878976e-01
   4.35565576e-01  5.19037079e-01  5.98856065e-01  6.74676718e-01
   7.46245943e-01  8.13400565e-01  8.76061315e-01  9.34224410e-01
   9.87951593e-01  1.03735939e+00  1.08260826e+00  1.12389222e+00
   1.16142920e+00  1.19545259e+00  1.22620385e+00  1.25392644e+00
   1.27886091e+00  1.30124103e+00  1.32129099e+00  1.33922336e+00
   1.35523780e+00  1.36952032e+00  1.38224305e+00  1.39356429e+00
   1.40362891e+00  1.41256887e+00  1.42050392e+00  1.42754235e+00
   1.43378181e+00  1.43931010e+00  1.44420603e+00  1.44854015e+00
   1.45237555e+00  1.45576853e+00  1.45876926e+00  1.46142243e+00
   8.15394997e-02  1.52111799e-01  2.19222214e-01  2.82960413e-01
   3.43418560e-01  4.00691627e-01  4.54877738e-01  5.06078553e-01
   5.54399693e-01  5.99951206e-01  6.42848086e-01  6.83210828e-01
   7.21166046e-01  7.56847131e-01  7.90394956e-01  8.21958630e-01
   8.51696279e-01  8.79775860e-01  9.06375978e-01  9.31686692e-01
   9.55910279e-01  9.79261912e-01  1.00197021e+00  1.02427762e+00
   1.04644046e+00  1.06872870e+00  1.09142523e+00  1.11482454e+00
   1.13923073e+00  1.16495464e+00  1.19231006e+00  1.22160877e+00
   1.25315444e+00  1.28723534e+00  1.32411579e+00  1.36402657e+00
   1.40715451e+00  1.45363167e+00  1.50352457e+00  1.55682426e+00
   1.61343789e+00  1.67318265e+00  1.73578306e+00  1.80087201e+00
   1.86799629e+00  1.93662675e+00  2.00617266e+00  2.07600000e+00
   2.14545234e+00  2.21387325e+00  2.28062871e+00  2.34512799e+00
   2.40684194e+00  2.46531735e+00  2.52018711e+00  2.57117574e+00
   2.61810043e+00  2.66086833e+00  2.69947049e+00  2.73397343e+00
   2.76450921e+00  2.79126466e+00  2.81447056e+00  2.83439123e+00
   2.85131494e+00  2.86554536e+00  2.87739427e+00  2.88717546e+00
   2.89519977e+00  2.90177130e+00  2.90718454e+00  2.91172238e+00
   2.91565479e+00  2.91923809e+00  2.92271472e+00  2.92631331e+00
   2.93024902e+00  2.93472414e+00  2.93992872e+00  2.94604137e+00]
 [-1.49576729e+00 -1.49276656e+00 -1.48937359e+00 -1.48553819e+00
  -1.48120407e+00 -1.47630814e+00 -1.47077984e+00 -1.46454039e+00
  -1.45750196e+00 -1.44956691e+00 -1.44062695e+00 -1.43056233e+00
  -1.41924108e+00 -1.40651836e+00 -1.39223583e+00 -1.37622140e+00
  -1.35828903e+00 -1.33823907e+00 -1.31585894e+00 -1.29092448e+00
  -1.26320188e+00 -1.23245062e+00 -1.19842724e+00 -1.16089025e+00
  -1.11960630e+00 -1.07435742e+00 -1.02494963e+00 -9.71222447e-01
  -9.13059351e-01 -8.50398602e-01 -7.83243979e-01 -7.11674754e-01
  -6.35854102e-01 -5.56035116e-01 -4.72563612e-01 -3.85877012e-01
  -2.96498818e-01 -2.05028521e-01 -1.12127138e-01 -1.84990181e-02
   7.51291020e-02  1.68030485e-01  2.59500782e-01  3.48878976e-01
   4.35565576e-01  5.19037079e-01  5.98856065e-01  6.74676718e-01
   7.46245943e-01  8.13400565e-01  8.76061315e-01  9.34224410e-01
   9.87951593e-01  1.03735939e+00  1.08260826e+00  1.12389222e+00
   1.16142920e+00  1.19545259e+00  1.22620385e+00  1.25392644e+00
   1.27886091e+00  1.30124103e+00  1.32129099e+00  1.33922336e+00
   1.35523780e+00  1.36952032e+00  1.38224305e+00  1.39356429e+00
   1.40362891e+00  1.41256887e+00  1.42050392e+00  1.42754235e+00
   1.43378181e+00  1.43931010e+00  1.44420603e+00  1.44854015e+00
   1.45237555e+00  1.45576853e+00  1.45876926e+00  1.46142243e+00
   8.15394997e-02  1.52111799e-01  2.19222214e-01  2.82960413e-01
   3.43418560e-01  4.00691627e-01  4.54877738e-01  5.06078553e-01
   5.54399693e-01  5.99951206e-01  6.42848086e-01  6.83210828e-01
   7.21166046e-01  7.56847131e-01  7.90394956e-01  8.21958630e-01
   8.51696279e-01  8.79775860e-01  9.06375978e-01  9.31686692e-01
   9.55910279e-01  9.79261912e-01  1.00197021e+00  1.02427762e+00
   1.04644046e+00  1.06872870e+00  1.09142523e+00  1.11482454e+00
   1.13923073e+00  1.16495464e+00  1.19231006e+00  1.22160877e+00
   1.25315444e+00  1.28723534e+00  1.32411579e+00  1.36402657e+00
   1.40715451e+00  1.45363167e+00  1.50352457e+00  1.55682426e+00
   1.61343789e+00  1.67318265e+00  1.73578306e+00  1.80087201e+00
   1.86799629e+00  1.93662675e+00  2.00617266e+00  2.07600000e+00
   2.14545234e+00  2.21387325e+00  2.28062871e+00  2.34512799e+00
   2.40684194e+00  2.46531735e+00  2.52018711e+00  2.57117574e+00
   2.61810043e+00  2.66086833e+00  2.69947049e+00  2.73397343e+00
   2.76450921e+00  2.79126466e+00  2.81447056e+00  2.83439123e+00
   2.85131494e+00  2.86554536e+00  2.87739427e+00  2.88717546e+00
   2.89519977e+00  2.90177130e+00  2.90718454e+00  2.91172238e+00
   2.91565479e+00  2.91923809e+00  2.92271472e+00  2.92631331e+00
   2.93024902e+00  2.93472414e+00  2.93992872e+00  2.94604137e+00]
 [-1.49576729e+00 -1.49276656e+00 -1.48937359e+00 -1.48553819e+00
  -1.48120407e+00 -1.47630814e+00 -1.47077984e+00 -1.46454039e+00
  -1.45750196e+00 -1.44956691e+00 -1.44062695e+00 -1.43056233e+00
  -1.41924108e+00 -1.40651836e+00 -1.39223583e+00 -1.37622140e+00
  -1.35828903e+00 -1.33823907e+00 -1.31585894e+00 -1.29092448e+00
  -1.26320188e+00 -1.23245062e+00 -1.19842724e+00 -1.16089025e+00
  -1.11960630e+00 -1.07435742e+00 -1.02494963e+00 -9.71222447e-01
  -9.13059351e-01 -8.50398602e-01 -7.83243979e-01 -7.11674754e-01
  -6.35854102e-01 -5.56035116e-01 -4.72563612e-01 -3.85877012e-01
  -2.96498818e-01 -2.05028521e-01 -1.12127138e-01 -1.84990181e-02
   7.51291020e-02  1.68030485e-01  2.59500782e-01  3.48878976e-01
   4.35565576e-01  5.19037079e-01  5.98856065e-01  6.74676718e-01
   7.46245943e-01  8.13400565e-01  8.76061315e-01  9.34224410e-01
   9.87951593e-01  1.03735939e+00  1.08260826e+00  1.12389222e+00
   1.16142920e+00  1.19545259e+00  1.22620385e+00  1.25392644e+00
   1.27886091e+00  1.30124103e+00  1.32129099e+00  1.33922336e+00
   1.35523780e+00  1.36952032e+00  1.38224305e+00  1.39356429e+00
   1.40362891e+00  1.41256887e+00  1.42050392e+00  1.42754235e+00
   1.43378181e+00  1.43931010e+00  1.44420603e+00  1.44854015e+00
   1.45237555e+00  1.45576853e+00  1.45876926e+00  1.46142243e+00
   8.15394997e-02  1.52111799e-01  2.19222214e-01  2.82960413e-01
   3.43418560e-01  4.00691627e-01  4.54877738e-01  5.06078553e-01
   5.54399693e-01  5.99951206e-01  6.42848086e-01  6.83210828e-01
   7.21166046e-01  7.56847131e-01  7.90394956e-01  8.21958630e-01
   8.51696279e-01  8.79775860e-01  9.06375978e-01  9.31686692e-01
   9.55910279e-01  9.79261912e-01  1.00197021e+00  1.02427762e+00
   1.04644046e+00  1.06872870e+00  1.09142523e+00  1.11482454e+00
   1.13923073e+00  1.16495464e+00  1.19231006e+00  1.22160877e+00
   1.25315444e+00  1.28723534e+00  1.32411579e+00  1.36402657e+00
   1.40715451e+00  1.45363167e+00  1.50352457e+00  1.55682426e+00
   1.61343789e+00  1.67318265e+00  1.73578306e+00  1.80087201e+00
   1.86799629e+00  1.93662675e+00  2.00617266e+00  2.07600000e+00
   2.14545234e+00  2.21387325e+00  2.28062871e+00  2.34512799e+00
   2.40684194e+00  2.46531735e+00  2.52018711e+00  2.57117574e+00
   2.61810043e+00  2.66086833e+00  2.69947049e+00  2.73397343e+00
   2.76450921e+00  2.79126466e+00  2.81447056e+00  2.83439123e+00
   2.85131494e+00  2.86554536e+00  2.87739427e+00  2.88717546e+00
   2.89519977e+00  2.90177130e+00  2.90718454e+00  2.91172238e+00
   2.91565479e+00  2.91923809e+00  2.92271472e+00  2.92631331e+00
   2.93024902e+00  2.93472414e+00  2.93992872e+00  2.94604137e+00]
 [-1.49576729e+00 -1.49276656e+00 -1.48937359e+00 -1.48553819e+00
  -1.48120407e+00 -1.47630814e+00 -1.47077984e+00 -1.46454039e+00
  -1.45750196e+00 -1.44956691e+00 -1.44062695e+00 -1.43056233e+00
  -1.41924108e+00 -1.40651836e+00 -1.39223583e+00 -1.37622140e+00
  -1.35828903e+00 -1.33823907e+00 -1.31585894e+00 -1.29092448e+00
  -1.26320188e+00 -1.23245062e+00 -1.19842724e+00 -1.16089025e+00
  -1.11960630e+00 -1.07435742e+00 -1.02494963e+00 -9.71222447e-01
  -9.13059351e-01 -8.50398602e-01 -7.83243979e-01 -7.11674754e-01
  -6.35854102e-01 -5.56035116e-01 -4.72563612e-01 -3.85877012e-01
  -2.96498818e-01 -2.05028521e-01 -1.12127138e-01 -1.84990181e-02
   7.51291020e-02  1.68030485e-01  2.59500782e-01  3.48878976e-01
   4.35565576e-01  5.19037079e-01  5.98856065e-01  6.74676718e-01
   7.46245943e-01  8.13400565e-01  8.76061315e-01  9.34224410e-01
   9.87951593e-01  1.03735939e+00  1.08260826e+00  1.12389222e+00
   1.16142920e+00  1.19545259e+00  1.22620385e+00  1.25392644e+00
   1.27886091e+00  1.30124103e+00  1.32129099e+00  1.33922336e+00
   1.35523780e+00  1.36952032e+00  1.38224305e+00  1.39356429e+00
   1.40362891e+00  1.41256887e+00  1.42050392e+00  1.42754235e+00
   1.43378181e+00  1.43931010e+00  1.44420603e+00  1.44854015e+00
   1.45237555e+00  1.45576853e+00  1.45876926e+00  1.46142243e+00
   8.15394997e-02  1.52111799e-01  2.19222214e-01  2.82960413e-01
   3.43418560e-01  4.00691627e-01  4.54877738e-01  5.06078553e-01
   5.54399693e-01  5.99951206e-01  6.42848086e-01  6.83210828e-01
   7.21166046e-01  7.56847131e-01  7.90394956e-01  8.21958630e-01
   8.51696279e-01  8.79775860e-01  9.06375978e-01  9.31686692e-01
   9.55910279e-01  9.79261912e-01  1.00197021e+00  1.02427762e+00
   1.04644046e+00  1.06872870e+00  1.09142523e+00  1.11482454e+00
   1.13923073e+00  1.16495464e+00  1.19231006e+00  1.22160877e+00
   1.25315444e+00  1.28723534e+00  1.32411579e+00  1.36402657e+00
   1.40715451e+00  1.45363167e+00  1.50352457e+00  1.55682426e+00
   1.61343789e+00  1.67318265e+00  1.73578306e+00  1.80087201e+00
   1.86799629e+00  1.93662675e+00  2.00617266e+00  2.07600000e+00
   2.14545234e+00  2.21387325e+00  2.28062871e+00  2.34512799e+00
   2.40684194e+00  2.46531735e+00  2.52018711e+00  2.57117574e+00
   2.61810043e+00  2.66086833e+00  2.69947049e+00  2.73397343e+00
   2.76450921e+00  2.79126466e+00  2.81447056e+00  2.83439123e+00
   2.85131494e+00  2.86554536e+00  2.87739427e+00  2.88717546e+00
   2.89519977e+00  2.90177130e+00  2.90718454e+00  2.91172238e+00
   2.91565479e+00  2.91923809e+00  2.92271472e+00  2.92631331e+00
   2.93024902e+00  2.93472414e+00  2.93992872e+00  2.94604137e+00]
 [-1.49576729e+00 -1.49276656e+00 -1.48937359e+00 -1.48553819e+00
  -1.48120407e+00 -1.47630814e+00 -1.47077984e+00 -1.46454039e+00
  -1.45750196e+00 -1.44956691e+00 -1.44062695e+00 -1.43056233e+00
  -1.41924108e+00 -1.40651836e+00 -1.39223583e+00 -1.37622140e+00
  -1.35828903e+00 -1.33823907e+00 -1.31585894e+00 -1.29092448e+00
  -1.26320188e+00 -1.23245062e+00 -1.19842724e+00 -1.16089025e+00
  -1.11960630e+00 -1.07435742e+00 -1.02494963e+00 -9.71222447e-01
  -9.13059351e-01 -8.50398602e-01 -7.83243979e-01 -7.11674754e-01
  -6.35854102e-01 -5.56035116e-01 -4.72563612e-01 -3.85877012e-01
  -2.96498818e-01 -2.05028521e-01 -1.12127138e-01 -1.84990181e-02
   7.51291020e-02  1.68030485e-01  2.59500782e-01  3.48878976e-01
   4.35565576e-01  5.19037079e-01  5.98856065e-01  6.74676718e-01
   7.46245943e-01  8.13400565e-01  8.76061315e-01  9.34224410e-01
   9.87951593e-01  1.03735939e+00  1.08260826e+00  1.12389222e+00
   1.16142920e+00  1.19545259e+00  1.22620385e+00  1.25392644e+00
   1.27886091e+00  1.30124103e+00  1.32129099e+00  1.33922336e+00
   1.35523780e+00  1.36952032e+00  1.38224305e+00  1.39356429e+00
   1.40362891e+00  1.41256887e+00  1.42050392e+00  1.42754235e+00
   1.43378181e+00  1.43931010e+00  1.44420603e+00  1.44854015e+00
   1.45237555e+00  1.45576853e+00  1.45876926e+00  1.46142243e+00
   8.15394997e-02  1.52111799e-01  2.19222214e-01  2.82960413e-01
   3.43418560e-01  4.00691627e-01  4.54877738e-01  5.06078553e-01
   5.54399693e-01  5.99951206e-01  6.42848086e-01  6.83210828e-01
   7.21166046e-01  7.56847131e-01  7.90394956e-01  8.21958630e-01
   8.51696279e-01  8.79775860e-01  9.06375978e-01  9.31686692e-01
   9.55910279e-01  9.79261912e-01  1.00197021e+00  1.02427762e+00
   1.04644046e+00  1.06872870e+00  1.09142523e+00  1.11482454e+00
   1.13923073e+00  1.16495464e+00  1.19231006e+00  1.22160877e+00
   1.25315444e+00  1.28723534e+00  1.32411579e+00  1.36402657e+00
   1.40715451e+00  1.45363167e+00  1.50352457e+00  1.55682426e+00
   1.61343789e+00  1.67318265e+00  1.73578306e+00  1.80087201e+00
   1.86799629e+00  1.93662675e+00  2.00617266e+00  2.07600000e+00
   2.14545234e+00  2.21387325e+00  2.28062871e+00  2.34512799e+00
   2.40684194e+00  2.46531735e+00  2.52018711e+00  2.57117574e+00
   2.61810043e+00  2.66086833e+00  2.69947049e+00  2.73397343e+00
   2.76450921e+00  2.79126466e+00  2.81447056e+00  2.83439123e+00
   2.85131494e+00  2.86554536e+00  2.87739427e+00  2.88717546e+00
   2.89519977e+00  2.90177130e+00  2.90718454e+00  2.91172238e+00
   2.91565479e+00  2.91923809e+00  2.92271472e+00  2.92631331e+00
   2.93024902e+00  2.93472414e+00  2.93992872e+00  2.94604137e+00]
 [-1.49576729e+00 -1.49276656e+00 -1.48937359e+00 -1.48553819e+00
  -1.48120407e+00 -1.47630814e+00 -1.47077984e+00 -1.46454039e+00
  -1.45750196e+00 -1.44956691e+00 -1.44062695e+00 -1.43056233e+00
  -1.41924108e+00 -1.40651836e+00 -1.39223583e+00 -1.37622140e+00
  -1.35828903e+00 -1.33823907e+00 -1.31585894e+00 -1.29092448e+00
  -1.26320188e+00 -1.23245062e+00 -1.19842724e+00 -1.16089025e+00
  -1.11960630e+00 -1.07435742e+00 -1.02494963e+00 -9.71222447e-01
  -9.13059351e-01 -8.50398602e-01 -7.83243979e-01 -7.11674754e-01
  -6.35854102e-01 -5.56035116e-01 -4.72563612e-01 -3.85877012e-01
  -2.96498818e-01 -2.05028521e-01 -1.12127138e-01 -1.84990181e-02
   7.51291020e-02  1.68030485e-01  2.59500782e-01  3.48878976e-01
   4.35565576e-01  5.19037079e-01  5.98856065e-01  6.74676718e-01
   7.46245943e-01  8.13400565e-01  8.76061315e-01  9.34224410e-01
   9.87951593e-01  1.03735939e+00  1.08260826e+00  1.12389222e+00
   1.16142920e+00  1.19545259e+00  1.22620385e+00  1.25392644e+00
   1.27886091e+00  1.30124103e+00  1.32129099e+00  1.33922336e+00
   1.35523780e+00  1.36952032e+00  1.38224305e+00  1.39356429e+00
   1.40362891e+00  1.41256887e+00  1.42050392e+00  1.42754235e+00
   1.43378181e+00  1.43931010e+00  1.44420603e+00  1.44854015e+00
   1.45237555e+00  1.45576853e+00  1.45876926e+00  1.46142243e+00
   8.15394997e-02  1.52111799e-01  2.19222214e-01  2.82960413e-01
   3.43418560e-01  4.00691627e-01  4.54877738e-01  5.06078553e-01
   5.54399693e-01  5.99951206e-01  6.42848086e-01  6.83210828e-01
   7.21166046e-01  7.56847131e-01  7.90394956e-01  8.21958630e-01
   8.51696279e-01  8.79775860e-01  9.06375978e-01  9.31686692e-01
   9.55910279e-01  9.79261912e-01  1.00197021e+00  1.02427762e+00
   1.04644046e+00  1.06872870e+00  1.09142523e+00  1.11482454e+00
   1.13923073e+00  1.16495464e+00  1.19231006e+00  1.22160877e+00
   1.25315444e+00  1.28723534e+00  1.32411579e+00  1.36402657e+00
   1.40715451e+00  1.45363167e+00  1.50352457e+00  1.55682426e+00
   1.61343789e+00  1.67318265e+00  1.73578306e+00  1.80087201e+00
   1.86799629e+00  1.93662675e+00  2.00617266e+00  2.07600000e+00
   2.14545234e+00  2.21387325e+00  2.28062871e+00  2.34512799e+00
   2.40684194e+00  2.46531735e+00  2.52018711e+00  2.57117574e+00
   2.61810043e+00  2.66086833e+00  2.69947049e+00  2.73397343e+00
   2.76450921e+00  2.79126466e+00  2.81447056e+00  2.83439123e+00
   2.85131494e+00  2.86554536e+00  2.87739427e+00  2.88717546e+00
   2.89519977e+00  2.90177130e+00  2.90718454e+00  2.91172238e+00
   2.91565479e+00  2.91923809e+00  2.92271472e+00  2.92631331e+00
   2.93024902e+00  2.93472414e+00  2.93992872e+00  2.94604137e+00]
 [-1.49576729e+00 -1.49276656e+00 -1.48937359e+00 -1.48553819e+00
  -1.48120407e+00 -1.47630814e+00 -1.47077984e+00 -1.46454039e+00
  -1.45750196e+00 -1.44956691e+00 -1.44062695e+00 -1.43056233e+00
  -1.41924108e+00 -1.40651836e+00 -1.39223583e+00 -1.37622140e+00
  -1.35828903e+00 -1.33823907e+00 -1.31585894e+00 -1.29092448e+00
  -1.26320188e+00 -1.23245062e+00 -1.19842724e+00 -1.16089025e+00
  -1.11960630e+00 -1.07435742e+00 -1.02494963e+00 -9.71222447e-01
  -9.13059351e-01 -8.50398602e-01 -7.83243979e-01 -7.11674754e-01
  -6.35854102e-01 -5.56035116e-01 -4.72563612e-01 -3.85877012e-01
  -2.96498818e-01 -2.05028521e-01 -1.12127138e-01 -1.84990181e-02
   7.51291020e-02  1.68030485e-01  2.59500782e-01  3.48878976e-01
   4.35565576e-01  5.19037079e-01  5.98856065e-01  6.74676718e-01
   7.46245943e-01  8.13400565e-01  8.76061315e-01  9.34224410e-01
   9.87951593e-01  1.03735939e+00  1.08260826e+00  1.12389222e+00
   1.16142920e+00  1.19545259e+00  1.22620385e+00  1.25392644e+00
   1.27886091e+00  1.30124103e+00  1.32129099e+00  1.33922336e+00
   1.35523780e+00  1.36952032e+00  1.38224305e+00  1.39356429e+00
   1.40362891e+00  1.41256887e+00  1.42050392e+00  1.42754235e+00
   1.43378181e+00  1.43931010e+00  1.44420603e+00  1.44854015e+00
   1.45237555e+00  1.45576853e+00  1.45876926e+00  1.46142243e+00
   8.15394997e-02  1.52111799e-01  2.19222214e-01  2.82960413e-01
   3.43418560e-01  4.00691627e-01  4.54877738e-01  5.06078553e-01
   5.54399693e-01  5.99951206e-01  6.42848086e-01  6.83210828e-01
   7.21166046e-01  7.56847131e-01  7.90394956e-01  8.21958630e-01
   8.51696279e-01  8.79775860e-01  9.06375978e-01  9.31686692e-01
   9.55910279e-01  9.79261912e-01  1.00197021e+00  1.02427762e+00
   1.04644046e+00  1.06872870e+00  1.09142523e+00  1.11482454e+00
   1.13923073e+00  1.16495464e+00  1.19231006e+00  1.22160877e+00
   1.25315444e+00  1.28723534e+00  1.32411579e+00  1.36402657e+00
   1.40715451e+00  1.45363167e+00  1.50352457e+00  1.55682426e+00
   1.61343789e+00  1.67318265e+00  1.73578306e+00  1.80087201e+00
   1.86799629e+00  1.93662675e+00  2.00617266e+00  2.07600000e+00
   2.14545234e+00  2.21387325e+00  2.28062871e+00  2.34512799e+00
   2.40684194e+00  2.46531735e+00  2.52018711e+00  2.57117574e+00
   2.61810043e+00  2.66086833e+00  2.69947049e+00  2.73397343e+00
   2.76450921e+00  2.79126466e+00  2.81447056e+00  2.83439123e+00
   2.85131494e+00  2.86554536e+00  2.87739427e+00  2.88717546e+00
   2.89519977e+00  2.90177130e+00  2.90718454e+00  2.91172238e+00
   2.91565479e+00  2.91923809e+00  2.92271472e+00  2.92631331e+00
   2.93024902e+00  2.93472414e+00  2.93992872e+00  2.94604137e+00]
 [-1.49576729e+00 -1.49276656e+00 -1.48937359e+00 -1.48553819e+00
  -1.48120407e+00 -1.47630814e+00 -1.47077984e+00 -1.46454039e+00
  -1.45750196e+00 -1.44956691e+00 -1.44062695e+00 -1.43056233e+00
  -1.41924108e+00 -1.40651836e+00 -1.39223583e+00 -1.37622140e+00
  -1.35828903e+00 -1.33823907e+00 -1.31585894e+00 -1.29092448e+00
  -1.26320188e+00 -1.23245062e+00 -1.19842724e+00 -1.16089025e+00
  -1.11960630e+00 -1.07435742e+00 -1.02494963e+00 -9.71222447e-01
  -9.13059351e-01 -8.50398602e-01 -7.83243979e-01 -7.11674754e-01
  -6.35854102e-01 -5.56035116e-01 -4.72563612e-01 -3.85877012e-01
  -2.96498818e-01 -2.05028521e-01 -1.12127138e-01 -1.84990181e-02
   7.51291020e-02  1.68030485e-01  2.59500782e-01  3.48878976e-01
   4.35565576e-01  5.19037079e-01  5.98856065e-01  6.74676718e-01
   7.46245943e-01  8.13400565e-01  8.76061315e-01  9.34224410e-01
   9.87951593e-01  1.03735939e+00  1.08260826e+00  1.12389222e+00
   1.16142920e+00  1.19545259e+00  1.22620385e+00  1.25392644e+00
   1.27886091e+00  1.30124103e+00  1.32129099e+00  1.33922336e+00
   1.35523780e+00  1.36952032e+00  1.38224305e+00  1.39356429e+00
   1.40362891e+00  1.41256887e+00  1.42050392e+00  1.42754235e+00
   1.43378181e+00  1.43931010e+00  1.44420603e+00  1.44854015e+00
   1.45237555e+00  1.45576853e+00  1.45876926e+00  1.46142243e+00
   8.15394997e-02  1.52111799e-01  2.19222214e-01  2.82960413e-01
   3.43418560e-01  4.00691627e-01  4.54877738e-01  5.06078553e-01
   5.54399693e-01  5.99951206e-01  6.42848086e-01  6.83210828e-01
   7.21166046e-01  7.56847131e-01  7.90394956e-01  8.21958630e-01
   8.51696279e-01  8.79775860e-01  9.06375978e-01  9.31686692e-01
   9.55910279e-01  9.79261912e-01  1.00197021e+00  1.02427762e+00
   1.04644046e+00  1.06872870e+00  1.09142523e+00  1.11482454e+00
   1.13923073e+00  1.16495464e+00  1.19231006e+00  1.22160877e+00
   1.25315444e+00  1.28723534e+00  1.32411579e+00  1.36402657e+00
   1.40715451e+00  1.45363167e+00  1.50352457e+00  1.55682426e+00
   1.61343789e+00  1.67318265e+00  1.73578306e+00  1.80087201e+00
   1.86799629e+00  1.93662675e+00  2.00617266e+00  2.07600000e+00
   2.14545234e+00  2.21387325e+00  2.28062871e+00  2.34512799e+00
   2.40684194e+00  2.46531735e+00  2.52018711e+00  2.57117574e+00
   2.61810043e+00  2.66086833e+00  2.69947049e+00  2.73397343e+00
   2.76450921e+00  2.79126466e+00  2.81447056e+00  2.83439123e+00
   2.85131494e+00  2.86554536e+00  2.87739427e+00  2.88717546e+00
   2.89519977e+00  2.90177130e+00  2.90718454e+00  2.91172238e+00
   2.91565479e+00  2.91923809e+00  2.92271472e+00  2.92631331e+00
   2.93024902e+00  2.93472414e+00  2.93992872e+00  2.94604137e+00]
 [-1.49576729e+00 -1.49276656e+00 -1.48937359e+00 -1.48553819e+00
  -1.48120407e+00 -1.47630814e+00 -1.47077984e+00 -1.46454039e+00
  -1.45750196e+00 -1.44956691e+00 -1.44062695e+00 -1.43056233e+00
  -1.41924108e+00 -1.40651836e+00 -1.39223583e+00 -1.37622140e+00
  -1.35828903e+00 -1.33823907e+00 -1.31585894e+00 -1.29092448e+00
  -1.26320188e+00 -1.23245062e+00 -1.19842724e+00 -1.16089025e+00
  -1.11960630e+00 -1.07435742e+00 -1.02494963e+00 -9.71222447e-01
  -9.13059351e-01 -8.50398602e-01 -7.83243979e-01 -7.11674754e-01
  -6.35854102e-01 -5.56035116e-01 -4.72563612e-01 -3.85877012e-01
  -2.96498818e-01 -2.05028521e-01 -1.12127138e-01 -1.84990181e-02
   7.51291020e-02  1.68030485e-01  2.59500782e-01  3.48878976e-01
   4.35565576e-01  5.19037079e-01  5.98856065e-01  6.74676718e-01
   7.46245943e-01  8.13400565e-01  8.76061315e-01  9.34224410e-01
   9.87951593e-01  1.03735939e+00  1.08260826e+00  1.12389222e+00
   1.16142920e+00  1.19545259e+00  1.22620385e+00  1.25392644e+00
   1.27886091e+00  1.30124103e+00  1.32129099e+00  1.33922336e+00
   1.35523780e+00  1.36952032e+00  1.38224305e+00  1.39356429e+00
   1.40362891e+00  1.41256887e+00  1.42050392e+00  1.42754235e+00
   1.43378181e+00  1.43931010e+00  1.44420603e+00  1.44854015e+00
   1.45237555e+00  1.45576853e+00  1.45876926e+00  1.46142243e+00
   8.15394997e-02  1.52111799e-01  2.19222214e-01  2.82960413e-01
   3.43418560e-01  4.00691627e-01  4.54877738e-01  5.06078553e-01
   5.54399693e-01  5.99951206e-01  6.42848086e-01  6.83210828e-01
   7.21166046e-01  7.56847131e-01  7.90394956e-01  8.21958630e-01
   8.51696279e-01  8.79775860e-01  9.06375978e-01  9.31686692e-01
   9.55910279e-01  9.79261912e-01  1.00197021e+00  1.02427762e+00
   1.04644046e+00  1.06872870e+00  1.09142523e+00  1.11482454e+00
   1.13923073e+00  1.16495464e+00  1.19231006e+00  1.22160877e+00
   1.25315444e+00  1.28723534e+00  1.32411579e+00  1.36402657e+00
   1.40715451e+00  1.45363167e+00  1.50352457e+00  1.55682426e+00
   1.61343789e+00  1.67318265e+00  1.73578306e+00  1.80087201e+00
   1.86799629e+00  1.93662675e+00  2.00617266e+00  2.07600000e+00
   2.14545234e+00  2.21387325e+00  2.28062871e+00  2.34512799e+00
   2.40684194e+00  2.46531735e+00  2.52018711e+00  2.57117574e+00
   2.61810043e+00  2.66086833e+00  2.69947049e+00  2.73397343e+00
   2.76450921e+00  2.79126466e+00  2.81447056e+00  2.83439123e+00
   2.85131494e+00  2.86554536e+00  2.87739427e+00  2.88717546e+00
   2.89519977e+00  2.90177130e+00  2.90718454e+00  2.91172238e+00
   2.91565479e+00  2.91923809e+00  2.92271472e+00  2.92631331e+00
   2.93024902e+00  2.93472414e+00  2.93992872e+00  2.94604137e+00]
 [-1.49576729e+00 -1.49276656e+00 -1.48937359e+00 -1.48553819e+00
  -1.48120407e+00 -1.47630814e+00 -1.47077984e+00 -1.46454039e+00
  -1.45750196e+00 -1.44956691e+00 -1.44062695e+00 -1.43056233e+00
  -1.41924108e+00 -1.40651836e+00 -1.39223583e+00 -1.37622140e+00
  -1.35828903e+00 -1.33823907e+00 -1.31585894e+00 -1.29092448e+00
  -1.26320188e+00 -1.23245062e+00 -1.19842724e+00 -1.16089025e+00
  -1.11960630e+00 -1.07435742e+00 -1.02494963e+00 -9.71222447e-01
  -9.13059351e-01 -8.50398602e-01 -7.83243979e-01 -7.11674754e-01
  -6.35854102e-01 -5.56035116e-01 -4.72563612e-01 -3.85877012e-01
  -2.96498818e-01 -2.05028521e-01 -1.12127138e-01 -1.84990181e-02
   7.51291020e-02  1.68030485e-01  2.59500782e-01  3.48878976e-01
   4.35565576e-01  5.19037079e-01  5.98856065e-01  6.74676718e-01
   7.46245943e-01  8.13400565e-01  8.76061315e-01  9.34224410e-01
   9.87951593e-01  1.03735939e+00  1.08260826e+00  1.12389222e+00
   1.16142920e+00  1.19545259e+00  1.22620385e+00  1.25392644e+00
   1.27886091e+00  1.30124103e+00  1.32129099e+00  1.33922336e+00
   1.35523780e+00  1.36952032e+00  1.38224305e+00  1.39356429e+00
   1.40362891e+00  1.41256887e+00  1.42050392e+00  1.42754235e+00
   1.43378181e+00  1.43931010e+00  1.44420603e+00  1.44854015e+00
   1.45237555e+00  1.45576853e+00  1.45876926e+00  1.46142243e+00
   8.15394997e-02  1.52111799e-01  2.19222214e-01  2.82960413e-01
   3.43418560e-01  4.00691627e-01  4.54877738e-01  5.06078553e-01
   5.54399693e-01  5.99951206e-01  6.42848086e-01  6.83210828e-01
   7.21166046e-01  7.56847131e-01  7.90394956e-01  8.21958630e-01
   8.51696279e-01  8.79775860e-01  9.06375978e-01  9.31686692e-01
   9.55910279e-01  9.79261912e-01  1.00197021e+00  1.02427762e+00
   1.04644046e+00  1.06872870e+00  1.09142523e+00  1.11482454e+00
   1.13923073e+00  1.16495464e+00  1.19231006e+00  1.22160877e+00
   1.25315444e+00  1.28723534e+00  1.32411579e+00  1.36402657e+00
   1.40715451e+00  1.45363167e+00  1.50352457e+00  1.55682426e+00
   1.61343789e+00  1.67318265e+00  1.73578306e+00  1.80087201e+00
   1.86799629e+00  1.93662675e+00  2.00617266e+00  2.07600000e+00
   2.14545234e+00  2.21387325e+00  2.28062871e+00  2.34512799e+00
   2.40684194e+00  2.46531735e+00  2.52018711e+00  2.57117574e+00
   2.61810043e+00  2.66086833e+00  2.69947049e+00  2.73397343e+00
   2.76450921e+00  2.79126466e+00  2.81447056e+00  2.83439123e+00
   2.85131494e+00  2.86554536e+00  2.87739427e+00  2.88717546e+00
   2.89519977e+00  2.90177130e+00  2.90718454e+00  2.91172238e+00
   2.91565479e+00  2.91923809e+00  2.92271472e+00  2.92631331e+00
   2.93024902e+00  2.93472414e+00  2.93992872e+00  2.94604137e+00]
 [-1.49576729e+00 -1.49276656e+00 -1.48937359e+00 -1.48553819e+00
  -1.48120407e+00 -1.47630814e+00 -1.47077984e+00 -1.46454039e+00
  -1.45750196e+00 -1.44956691e+00 -1.44062695e+00 -1.43056233e+00
  -1.41924108e+00 -1.40651836e+00 -1.39223583e+00 -1.37622140e+00
  -1.35828903e+00 -1.33823907e+00 -1.31585894e+00 -1.29092448e+00
  -1.26320188e+00 -1.23245062e+00 -1.19842724e+00 -1.16089025e+00
  -1.11960630e+00 -1.07435742e+00 -1.02494963e+00 -9.71222447e-01
  -9.13059351e-01 -8.50398602e-01 -7.83243979e-01 -7.11674754e-01
  -6.35854102e-01 -5.56035116e-01 -4.72563612e-01 -3.85877012e-01
  -2.96498818e-01 -2.05028521e-01 -1.12127138e-01 -1.84990181e-02
   7.51291020e-02  1.68030485e-01  2.59500782e-01  3.48878976e-01
   4.35565576e-01  5.19037079e-01  5.98856065e-01  6.74676718e-01
   7.46245943e-01  8.13400565e-01  8.76061315e-01  9.34224410e-01
   9.87951593e-01  1.03735939e+00  1.08260826e+00  1.12389222e+00
   1.16142920e+00  1.19545259e+00  1.22620385e+00  1.25392644e+00
   1.27886091e+00  1.30124103e+00  1.32129099e+00  1.33922336e+00
   1.35523780e+00  1.36952032e+00  1.38224305e+00  1.39356429e+00
   1.40362891e+00  1.41256887e+00  1.42050392e+00  1.42754235e+00
   1.43378181e+00  1.43931010e+00  1.44420603e+00  1.44854015e+00
   1.45237555e+00  1.45576853e+00  1.45876926e+00  1.46142243e+00
   8.15394997e-02  1.52111799e-01  2.19222214e-01  2.82960413e-01
   3.43418560e-01  4.00691627e-01  4.54877738e-01  5.06078553e-01
   5.54399693e-01  5.99951206e-01  6.42848086e-01  6.83210828e-01
   7.21166046e-01  7.56847131e-01  7.90394956e-01  8.21958630e-01
   8.51696279e-01  8.79775860e-01  9.06375978e-01  9.31686692e-01
   9.55910279e-01  9.79261912e-01  1.00197021e+00  1.02427762e+00
   1.04644046e+00  1.06872870e+00  1.09142523e+00  1.11482454e+00
   1.13923073e+00  1.16495464e+00  1.19231006e+00  1.22160877e+00
   1.25315444e+00  1.28723534e+00  1.32411579e+00  1.36402657e+00
   1.40715451e+00  1.45363167e+00  1.50352457e+00  1.55682426e+00
   1.61343789e+00  1.67318265e+00  1.73578306e+00  1.80087201e+00
   1.86799629e+00  1.93662675e+00  2.00617266e+00  2.07600000e+00
   2.14545234e+00  2.21387325e+00  2.28062871e+00  2.34512799e+00
   2.40684194e+00  2.46531735e+00  2.52018711e+00  2.57117574e+00
   2.61810043e+00  2.66086833e+00  2.69947049e+00  2.73397343e+00
   2.76450921e+00  2.79126466e+00  2.81447056e+00  2.83439123e+00
   2.85131494e+00  2.86554536e+00  2.87739427e+00  2.88717546e+00
   2.89519977e+00  2.90177130e+00  2.90718454e+00  2.91172238e+00
   2.91565479e+00  2.91923809e+00  2.92271472e+00  2.92631331e+00
   2.93024902e+00  2.93472414e+00  2.93992872e+00  2.94604137e+00]
 [-1.49576729e+00 -1.49276656e+00 -1.48937359e+00 -1.48553819e+00
  -1.48120407e+00 -1.47630814e+00 -1.47077984e+00 -1.46454039e+00
  -1.45750196e+00 -1.44956691e+00 -1.44062695e+00 -1.43056233e+00
  -1.41924108e+00 -1.40651836e+00 -1.39223583e+00 -1.37622140e+00
  -1.35828903e+00 -1.33823907e+00 -1.31585894e+00 -1.29092448e+00
  -1.26320188e+00 -1.23245062e+00 -1.19842724e+00 -1.16089025e+00
  -1.11960630e+00 -1.07435742e+00 -1.02494963e+00 -9.71222447e-01
  -9.13059351e-01 -8.50398602e-01 -7.83243979e-01 -7.11674754e-01
  -6.35854102e-01 -5.56035116e-01 -4.72563612e-01 -3.85877012e-01
  -2.96498818e-01 -2.05028521e-01 -1.12127138e-01 -1.84990181e-02
   7.51291020e-02  1.68030485e-01  2.59500782e-01  3.48878976e-01
   4.35565576e-01  5.19037079e-01  5.98856065e-01  6.74676718e-01
   7.46245943e-01  8.13400565e-01  8.76061315e-01  9.34224410e-01
   9.87951593e-01  1.03735939e+00  1.08260826e+00  1.12389222e+00
   1.16142920e+00  1.19545259e+00  1.22620385e+00  1.25392644e+00
   1.27886091e+00  1.30124103e+00  1.32129099e+00  1.33922336e+00
   1.35523780e+00  1.36952032e+00  1.38224305e+00  1.39356429e+00
   1.40362891e+00  1.41256887e+00  1.42050392e+00  1.42754235e+00
   1.43378181e+00  1.43931010e+00  1.44420603e+00  1.44854015e+00
   1.45237555e+00  1.45576853e+00  1.45876926e+00  1.46142243e+00
   8.15394997e-02  1.52111799e-01  2.19222214e-01  2.82960413e-01
   3.43418560e-01  4.00691627e-01  4.54877738e-01  5.06078553e-01
   5.54399693e-01  5.99951206e-01  6.42848086e-01  6.83210828e-01
   7.21166046e-01  7.56847131e-01  7.90394956e-01  8.21958630e-01
   8.51696279e-01  8.79775860e-01  9.06375978e-01  9.31686692e-01
   9.55910279e-01  9.79261912e-01  1.00197021e+00  1.02427762e+00
   1.04644046e+00  1.06872870e+00  1.09142523e+00  1.11482454e+00
   1.13923073e+00  1.16495464e+00  1.19231006e+00  1.22160877e+00
   1.25315444e+00  1.28723534e+00  1.32411579e+00  1.36402657e+00
   1.40715451e+00  1.45363167e+00  1.50352457e+00  1.55682426e+00
   1.61343789e+00  1.67318265e+00  1.73578306e+00  1.80087201e+00
   1.86799629e+00  1.93662675e+00  2.00617266e+00  2.07600000e+00
   2.14545234e+00  2.21387325e+00  2.28062871e+00  2.34512799e+00
   2.40684194e+00  2.46531735e+00  2.52018711e+00  2.57117574e+00
   2.61810043e+00  2.66086833e+00  2.69947049e+00  2.73397343e+00
   2.76450921e+00  2.79126466e+00  2.81447056e+00  2.83439123e+00
   2.85131494e+00  2.86554536e+00  2.87739427e+00  2.88717546e+00
   2.89519977e+00  2.90177130e+00  2.90718454e+00  2.91172238e+00
   2.91565479e+00  2.91923809e+00  2.92271472e+00  2.92631331e+00
   2.93024902e+00  2.93472414e+00  2.93992872e+00  2.94604137e+00]
 [-1.49576729e+00 -1.49276656e+00 -1.48937359e+00 -1.48553819e+00
  -1.48120407e+00 -1.47630814e+00 -1.47077984e+00 -1.46454039e+00
  -1.45750196e+00 -1.44956691e+00 -1.44062695e+00 -1.43056233e+00
  -1.41924108e+00 -1.40651836e+00 -1.39223583e+00 -1.37622140e+00
  -1.35828903e+00 -1.33823907e+00 -1.31585894e+00 -1.29092448e+00
  -1.26320188e+00 -1.23245062e+00 -1.19842724e+00 -1.16089025e+00
  -1.11960630e+00 -1.07435742e+00 -1.02494963e+00 -9.71222447e-01
  -9.13059351e-01 -8.50398602e-01 -7.83243979e-01 -7.11674754e-01
  -6.35854102e-01 -5.56035116e-01 -4.72563612e-01 -3.85877012e-01
  -2.96498818e-01 -2.05028521e-01 -1.12127138e-01 -1.84990181e-02
   7.51291020e-02  1.68030485e-01  2.59500782e-01  3.48878976e-01
   4.35565576e-01  5.19037079e-01  5.98856065e-01  6.74676718e-01
   7.46245943e-01  8.13400565e-01  8.76061315e-01  9.34224410e-01
   9.87951593e-01  1.03735939e+00  1.08260826e+00  1.12389222e+00
   1.16142920e+00  1.19545259e+00  1.22620385e+00  1.25392644e+00
   1.27886091e+00  1.30124103e+00  1.32129099e+00  1.33922336e+00
   1.35523780e+00  1.36952032e+00  1.38224305e+00  1.39356429e+00
   1.40362891e+00  1.41256887e+00  1.42050392e+00  1.42754235e+00
   1.43378181e+00  1.43931010e+00  1.44420603e+00  1.44854015e+00
   1.45237555e+00  1.45576853e+00  1.45876926e+00  1.46142243e+00
   8.15394997e-02  1.52111799e-01  2.19222214e-01  2.82960413e-01
   3.43418560e-01  4.00691627e-01  4.54877738e-01  5.06078553e-01
   5.54399693e-01  5.99951206e-01  6.42848086e-01  6.83210828e-01
   7.21166046e-01  7.56847131e-01  7.90394956e-01  8.21958630e-01
   8.51696279e-01  8.79775860e-01  9.06375978e-01  9.31686692e-01
   9.55910279e-01  9.79261912e-01  1.00197021e+00  1.02427762e+00
   1.04644046e+00  1.06872870e+00  1.09142523e+00  1.11482454e+00
   1.13923073e+00  1.16495464e+00  1.19231006e+00  1.22160877e+00
   1.25315444e+00  1.28723534e+00  1.32411579e+00  1.36402657e+00
   1.40715451e+00  1.45363167e+00  1.50352457e+00  1.55682426e+00
   1.61343789e+00  1.67318265e+00  1.73578306e+00  1.80087201e+00
   1.86799629e+00  1.93662675e+00  2.00617266e+00  2.07600000e+00
   2.14545234e+00  2.21387325e+00  2.28062871e+00  2.34512799e+00
   2.40684194e+00  2.46531735e+00  2.52018711e+00  2.57117574e+00
   2.61810043e+00  2.66086833e+00  2.69947049e+00  2.73397343e+00
   2.76450921e+00  2.79126466e+00  2.81447056e+00  2.83439123e+00
   2.85131494e+00  2.86554536e+00  2.87739427e+00  2.88717546e+00
   2.89519977e+00  2.90177130e+00  2.90718454e+00  2.91172238e+00
   2.91565479e+00  2.91923809e+00  2.92271472e+00  2.92631331e+00
   2.93024902e+00  2.93472414e+00  2.93992872e+00  2.94604137e+00]
 [-1.49576729e+00 -1.49276656e+00 -1.48937359e+00 -1.48553819e+00
  -1.48120407e+00 -1.47630814e+00 -1.47077984e+00 -1.46454039e+00
  -1.45750196e+00 -1.44956691e+00 -1.44062695e+00 -1.43056233e+00
  -1.41924108e+00 -1.40651836e+00 -1.39223583e+00 -1.37622140e+00
  -1.35828903e+00 -1.33823907e+00 -1.31585894e+00 -1.29092448e+00
  -1.26320188e+00 -1.23245062e+00 -1.19842724e+00 -1.16089025e+00
  -1.11960630e+00 -1.07435742e+00 -1.02494963e+00 -9.71222447e-01
  -9.13059351e-01 -8.50398602e-01 -7.83243979e-01 -7.11674754e-01
  -6.35854102e-01 -5.56035116e-01 -4.72563612e-01 -3.85877012e-01
  -2.96498818e-01 -2.05028521e-01 -1.12127138e-01 -1.84990181e-02
   7.51291020e-02  1.68030485e-01  2.59500782e-01  3.48878976e-01
   4.35565576e-01  5.19037079e-01  5.98856065e-01  6.74676718e-01
   7.46245943e-01  8.13400565e-01  8.76061315e-01  9.34224410e-01
   9.87951593e-01  1.03735939e+00  1.08260826e+00  1.12389222e+00
   1.16142920e+00  1.19545259e+00  1.22620385e+00  1.25392644e+00
   1.27886091e+00  1.30124103e+00  1.32129099e+00  1.33922336e+00
   1.35523780e+00  1.36952032e+00  1.38224305e+00  1.39356429e+00
   1.40362891e+00  1.41256887e+00  1.42050392e+00  1.42754235e+00
   1.43378181e+00  1.43931010e+00  1.44420603e+00  1.44854015e+00
   1.45237555e+00  1.45576853e+00  1.45876926e+00  1.46142243e+00
   8.15394997e-02  1.52111799e-01  2.19222214e-01  2.82960413e-01
   3.43418560e-01  4.00691627e-01  4.54877738e-01  5.06078553e-01
   5.54399693e-01  5.99951206e-01  6.42848086e-01  6.83210828e-01
   7.21166046e-01  7.56847131e-01  7.90394956e-01  8.21958630e-01
   8.51696279e-01  8.79775860e-01  9.06375978e-01  9.31686692e-01
   9.55910279e-01  9.79261912e-01  1.00197021e+00  1.02427762e+00
   1.04644046e+00  1.06872870e+00  1.09142523e+00  1.11482454e+00
   1.13923073e+00  1.16495464e+00  1.19231006e+00  1.22160877e+00
   1.25315444e+00  1.28723534e+00  1.32411579e+00  1.36402657e+00
   1.40715451e+00  1.45363167e+00  1.50352457e+00  1.55682426e+00
   1.61343789e+00  1.67318265e+00  1.73578306e+00  1.80087201e+00
   1.86799629e+00  1.93662675e+00  2.00617266e+00  2.07600000e+00
   2.14545234e+00  2.21387325e+00  2.28062871e+00  2.34512799e+00
   2.40684194e+00  2.46531735e+00  2.52018711e+00  2.57117574e+00
   2.61810043e+00  2.66086833e+00  2.69947049e+00  2.73397343e+00
   2.76450921e+00  2.79126466e+00  2.81447056e+00  2.83439123e+00
   2.85131494e+00  2.86554536e+00  2.87739427e+00  2.88717546e+00
   2.89519977e+00  2.90177130e+00  2.90718454e+00  2.91172238e+00
   2.91565479e+00  2.91923809e+00  2.92271472e+00  2.92631331e+00
   2.93024902e+00  2.93472414e+00  2.93992872e+00  2.94604137e+00]
 [-8.46862634e-01 -7.80135162e-01 -7.18751182e-01 -6.62569994e-01
  -6.11450881e-01 -5.65253095e-01 -5.23835857e-01 -4.87058343e-01
  -4.54779670e-01 -4.26858885e-01 -4.03154941e-01 -3.83526671e-01
  -3.67832753e-01 -3.55931668e-01 -3.47681644e-01 -3.42940581e-01
  -3.41565964e-01 -3.43414736e-01 -3.48343155e-01 -3.56206591e-01
  -3.66859279e-01 -3.80153994e-01 -3.95941642e-01 -4.14070725e-01
  -4.34386666e-01 -4.56730939e-01 -4.80939951e-01 -5.06843622e-01
  -5.34263557e-01 -5.63010728e-01 -5.92882509e-01 -6.23658906e-01
  -6.55097789e-01 -6.86928862e-01 -7.18846086e-01 -7.50498222e-01
  -7.81477131e-01 -8.11303447e-01 -8.39409331e-01 -8.65118145e-01
  -8.87621228e-01 -9.05952583e-01 -9.18963301e-01 -9.25299156e-01
  -9.23387137e-01 -9.11439735e-01 -8.87489318e-01 -8.49468009e-01
  -7.95349244e-01 -7.23362704e-01 -6.32281046e-01 -5.21752511e-01
  -3.92620685e-01 -2.47142269e-01 -8.90047153e-02  7.69232249e-02
   2.45101165e-01  4.09988719e-01  5.66717135e-01  7.11598961e-01
   8.42377496e-01  9.58209153e-01  1.05944569e+00  1.14731446e+00
   1.22358577e+00  1.29028618e+00  1.34948359e+00  1.40314561e+00
   1.45305975e+00  1.50079903e+00  1.54771768e+00  1.59496460e+00
   1.64350578e+00  1.69414990e+00  1.74757358e+00  1.80434467e+00
   1.86494254e+00  1.92977531e+00  1.99919424e+00  2.07350536e+00
   3.61055717e-02  6.94688907e-02  1.00160349e-01  1.28250263e-01
   1.53808953e-01  1.76906741e-01  1.97613953e-01  2.16000918e-01
   2.32137973e-01  2.46095465e-01  2.57943750e-01  2.67753203e-01
   2.75594222e-01  2.81537234e-01  2.85652711e-01  2.88011180e-01
   2.88683250e-01  2.87739637e-01  2.85251205e-01  2.81289021e-01
   2.75924429e-01  2.69229151e-01  2.61275424e-01  2.52136194e-01
   2.41885370e-01  2.30598183e-01  2.18351664e-01  2.05225309e-01
   1.91301976e-01  1.76669121e-01  1.61420476e-01  1.45658336e-01
   1.29496686e-01  1.13065443e-01  9.65162317e-02  8.00302040e-02
   6.38286157e-02  4.81870577e-02  3.34544984e-02  2.00785528e-02
   8.63863092e-03 -1.11297440e-04 -5.18885395e-03 -5.31789027e-03
   1.14633535e-03  1.62944337e-02  4.27268072e-02  8.35745401e-02
   1.42428837e-01  2.23111471e-01  3.29212274e-01  4.63350416e-01
   6.26212916e-01  8.15591656e-01  1.02581469e+00  1.24800000e+00
   1.47131031e+00  1.68490834e+00  1.87991208e+00  2.05064958e+00
   2.19491273e+00  2.31338853e+00  2.40869616e+00  2.48442546e+00
   2.54439819e+00  2.59220557e+00  2.63097866e+00  2.66331789e+00
   2.69131385e+00  2.71661130e+00  2.74048637e+00  2.76392145e+00
   2.78767050e+00  2.81231294e+00  2.83829638e+00  2.86596980e+00
   2.89560877e+00  2.92743456e+00  2.96162831e+00  2.99834166e+00]
 [-8.46862634e-01 -7.80135162e-01 -7.18751182e-01 -6.62569994e-01
  -6.11450881e-01 -5.65253095e-01 -5.23835857e-01 -4.87058343e-01
  -4.54779670e-01 -4.26858885e-01 -4.03154941e-01 -3.83526671e-01
  -3.67832753e-01 -3.55931668e-01 -3.47681644e-01 -3.42940581e-01
  -3.41565964e-01 -3.43414736e-01 -3.48343155e-01 -3.56206591e-01
  -3.66859279e-01 -3.80153994e-01 -3.95941642e-01 -4.14070725e-01
  -4.34386666e-01 -4.56730939e-01 -4.80939951e-01 -5.06843622e-01
  -5.34263557e-01 -5.63010728e-01 -5.92882509e-01 -6.23658906e-01
  -6.55097789e-01 -6.86928862e-01 -7.18846086e-01 -7.50498222e-01
  -7.81477131e-01 -8.11303447e-01 -8.39409331e-01 -8.65118145e-01
  -8.87621228e-01 -9.05952583e-01 -9.18963301e-01 -9.25299156e-01
  -9.23387137e-01 -9.11439735e-01 -8.87489318e-01 -8.49468009e-01
  -7.95349244e-01 -7.23362704e-01 -6.32281046e-01 -5.21752511e-01
  -3.92620685e-01 -2.47142269e-01 -8.90047153e-02  7.69232249e-02
   2.45101165e-01  4.09988719e-01  5.66717135e-01  7.11598961e-01
   8.42377496e-01  9.58209153e-01  1.05944569e+00  1.14731446e+00
   1.22358577e+00  1.29028618e+00  1.34948359e+00  1.40314561e+00
   1.45305975e+00  1.50079903e+00  1.54771768e+00  1.59496460e+00
   1.64350578e+00  1.69414990e+00  1.74757358e+00  1.80434467e+00
   1.86494254e+00  1.92977531e+00  1.99919424e+00  2.07350536e+00
   3.61055717e-02  6.94688907e-02  1.00160349e-01  1.28250263e-01
   1.53808953e-01  1.76906741e-01  1.97613953e-01  2.16000918e-01
   2.32137973e-01  2.46095465e-01  2.57943750e-01  2.67753203e-01
   2.75594222e-01  2.81537234e-01  2.85652711e-01  2.88011180e-01
   2.88683250e-01  2.87739637e-01  2.85251205e-01  2.81289021e-01
   2.75924429e-01  2.69229151e-01  2.61275424e-01  2.52136194e-01
   2.41885370e-01  2.30598183e-01  2.18351664e-01  2.05225309e-01
   1.91301976e-01  1.76669121e-01  1.61420476e-01  1.45658336e-01
   1.29496686e-01  1.13065443e-01  9.65162317e-02  8.00302040e-02
   6.38286157e-02  4.81870577e-02  3.34544984e-02  2.00785528e-02
   8.63863092e-03 -1.11297440e-04 -5.18885395e-03 -5.31789027e-03
   1.14633535e-03  1.62944337e-02  4.27268072e-02  8.35745401e-02
   1.42428837e-01  2.23111471e-01  3.29212274e-01  4.63350416e-01
   6.26212916e-01  8.15591656e-01  1.02581469e+00  1.24800000e+00
   1.47131031e+00  1.68490834e+00  1.87991208e+00  2.05064958e+00
   2.19491273e+00  2.31338853e+00  2.40869616e+00  2.48442546e+00
   2.54439819e+00  2.59220557e+00  2.63097866e+00  2.66331789e+00
   2.69131385e+00  2.71661130e+00  2.74048637e+00  2.76392145e+00
   2.78767050e+00  2.81231294e+00  2.83829638e+00  2.86596980e+00
   2.89560877e+00  2.92743456e+00  2.96162831e+00  2.99834166e+00]
 [-8.46862634e-01 -7.80135162e-01 -7.18751182e-01 -6.62569994e-01
  -6.11450881e-01 -5.65253095e-01 -5.23835857e-01 -4.87058343e-01
  -4.54779670e-01 -4.26858885e-01 -4.03154941e-01 -3.83526671e-01
  -3.67832753e-01 -3.55931668e-01 -3.47681644e-01 -3.42940581e-01
  -3.41565964e-01 -3.43414736e-01 -3.48343155e-01 -3.56206591e-01
  -3.66859279e-01 -3.80153994e-01 -3.95941642e-01 -4.14070725e-01
  -4.34386666e-01 -4.56730939e-01 -4.80939951e-01 -5.06843622e-01
  -5.34263557e-01 -5.63010728e-01 -5.92882509e-01 -6.23658906e-01
  -6.55097789e-01 -6.86928862e-01 -7.18846086e-01 -7.50498222e-01
  -7.81477131e-01 -8.11303447e-01 -8.39409331e-01 -8.65118145e-01
  -8.87621228e-01 -9.05952583e-01 -9.18963301e-01 -9.25299156e-01
  -9.23387137e-01 -9.11439735e-01 -8.87489318e-01 -8.49468009e-01
  -7.95349244e-01 -7.23362704e-01 -6.32281046e-01 -5.21752511e-01
  -3.92620685e-01 -2.47142269e-01 -8.90047153e-02  7.69232249e-02
   2.45101165e-01  4.09988719e-01  5.66717135e-01  7.11598961e-01
   8.42377496e-01  9.58209153e-01  1.05944569e+00  1.14731446e+00
   1.22358577e+00  1.29028618e+00  1.34948359e+00  1.40314561e+00
   1.45305975e+00  1.50079903e+00  1.54771768e+00  1.59496460e+00
   1.64350578e+00  1.69414990e+00  1.74757358e+00  1.80434467e+00
   1.86494254e+00  1.92977531e+00  1.99919424e+00  2.07350536e+00
   3.61055717e-02  6.94688907e-02  1.00160349e-01  1.28250263e-01
   1.53808953e-01  1.76906741e-01  1.97613953e-01  2.16000918e-01
   2.32137973e-01  2.46095465e-01  2.57943750e-01  2.67753203e-01
   2.75594222e-01  2.81537234e-01  2.85652711e-01  2.88011180e-01
   2.88683250e-01  2.87739637e-01  2.85251205e-01  2.81289021e-01
   2.75924429e-01  2.69229151e-01  2.61275424e-01  2.52136194e-01
   2.41885370e-01  2.30598183e-01  2.18351664e-01  2.05225309e-01
   1.91301976e-01  1.76669121e-01  1.61420476e-01  1.45658336e-01
   1.29496686e-01  1.13065443e-01  9.65162317e-02  8.00302040e-02
   6.38286157e-02  4.81870577e-02  3.34544984e-02  2.00785528e-02
   8.63863092e-03 -1.11297440e-04 -5.18885395e-03 -5.31789027e-03
   1.14633535e-03  1.62944337e-02  4.27268072e-02  8.35745401e-02
   1.42428837e-01  2.23111471e-01  3.29212274e-01  4.63350416e-01
   6.26212916e-01  8.15591656e-01  1.02581469e+00  1.24800000e+00
   1.47131031e+00  1.68490834e+00  1.87991208e+00  2.05064958e+00
   2.19491273e+00  2.31338853e+00  2.40869616e+00  2.48442546e+00
   2.54439819e+00  2.59220557e+00  2.63097866e+00  2.66331789e+00
   2.69131385e+00  2.71661130e+00  2.74048637e+00  2.76392145e+00
   2.78767050e+00  2.81231294e+00  2.83829638e+00  2.86596980e+00
   2.89560877e+00  2.92743456e+00  2.96162831e+00  2.99834166e+00]
 [-8.46862634e-01 -7.80135162e-01 -7.18751182e-01 -6.62569994e-01
  -6.11450881e-01 -5.65253095e-01 -5.23835857e-01 -4.87058343e-01
  -4.54779670e-01 -4.26858885e-01 -4.03154941e-01 -3.83526671e-01
  -3.67832753e-01 -3.55931668e-01 -3.47681644e-01 -3.42940581e-01
  -3.41565964e-01 -3.43414736e-01 -3.48343155e-01 -3.56206591e-01
  -3.66859279e-01 -3.80153994e-01 -3.95941642e-01 -4.14070725e-01
  -4.34386666e-01 -4.56730939e-01 -4.80939951e-01 -5.06843622e-01
  -5.34263557e-01 -5.63010728e-01 -5.92882509e-01 -6.23658906e-01
  -6.55097789e-01 -6.86928862e-01 -7.18846086e-01 -7.50498222e-01
  -7.81477131e-01 -8.11303447e-01 -8.39409331e-01 -8.65118145e-01
  -8.87621228e-01 -9.05952583e-01 -9.18963301e-01 -9.25299156e-01
  -9.23387137e-01 -9.11439735e-01 -8.87489318e-01 -8.49468009e-01
  -7.95349244e-01 -7.23362704e-01 -6.32281046e-01 -5.21752511e-01
  -3.92620685e-01 -2.47142269e-01 -8.90047153e-02  7.69232249e-02
   2.45101165e-01  4.09988719e-01  5.66717135e-01  7.11598961e-01
   8.42377496e-01  9.58209153e-01  1.05944569e+00  1.14731446e+00
   1.22358577e+00  1.29028618e+00  1.34948359e+00  1.40314561e+00
   1.45305975e+00  1.50079903e+00  1.54771768e+00  1.59496460e+00
   1.64350578e+00  1.69414990e+00  1.74757358e+00  1.80434467e+00
   1.86494254e+00  1.92977531e+00  1.99919424e+00  2.07350536e+00
   3.61055717e-02  6.94688907e-02  1.00160349e-01  1.28250263e-01
   1.53808953e-01  1.76906741e-01  1.97613953e-01  2.16000918e-01
   2.32137973e-01  2.46095465e-01  2.57943750e-01  2.67753203e-01
   2.75594222e-01  2.81537234e-01  2.85652711e-01  2.88011180e-01
   2.88683250e-01  2.87739637e-01  2.85251205e-01  2.81289021e-01
   2.75924429e-01  2.69229151e-01  2.61275424e-01  2.52136194e-01
   2.41885370e-01  2.30598183e-01  2.18351664e-01  2.05225309e-01
   1.91301976e-01  1.76669121e-01  1.61420476e-01  1.45658336e-01
   1.29496686e-01  1.13065443e-01  9.65162317e-02  8.00302040e-02
   6.38286157e-02  4.81870577e-02  3.34544984e-02  2.00785528e-02
   8.63863092e-03 -1.11297440e-04 -5.18885395e-03 -5.31789027e-03
   1.14633535e-03  1.62944337e-02  4.27268072e-02  8.35745401e-02
   1.42428837e-01  2.23111471e-01  3.29212274e-01  4.63350416e-01
   6.26212916e-01  8.15591656e-01  1.02581469e+00  1.24800000e+00
   1.47131031e+00  1.68490834e+00  1.87991208e+00  2.05064958e+00
   2.19491273e+00  2.31338853e+00  2.40869616e+00  2.48442546e+00
   2.54439819e+00  2.59220557e+00  2.63097866e+00  2.66331789e+00
   2.69131385e+00  2.71661130e+00  2.74048637e+00  2.76392145e+00
   2.78767050e+00  2.81231294e+00  2.83829638e+00  2.86596980e+00
   2.89560877e+00  2.92743456e+00  2.96162831e+00  2.99834166e+00]
 [-8.46862634e-01 -7.80135162e-01 -7.18751182e-01 -6.62569994e-01
  -6.11450881e-01 -5.65253095e-01 -5.23835857e-01 -4.87058343e-01
  -4.54779670e-01 -4.26858885e-01 -4.03154941e-01 -3.83526671e-01
  -3.67832753e-01 -3.55931668e-01 -3.47681644e-01 -3.42940581e-01
  -3.41565964e-01 -3.43414736e-01 -3.48343155e-01 -3.56206591e-01
  -3.66859279e-01 -3.80153994e-01 -3.95941642e-01 -4.14070725e-01
  -4.34386666e-01 -4.56730939e-01 -4.80939951e-01 -5.06843622e-01
  -5.34263557e-01 -5.63010728e-01 -5.92882509e-01 -6.23658906e-01
  -6.55097789e-01 -6.86928862e-01 -7.18846086e-01 -7.50498222e-01
  -7.81477131e-01 -8.11303447e-01 -8.39409331e-01 -8.65118145e-01
  -8.87621228e-01 -9.05952583e-01 -9.18963301e-01 -9.25299156e-01
  -9.23387137e-01 -9.11439735e-01 -8.87489318e-01 -8.49468009e-01
  -7.95349244e-01 -7.23362704e-01 -6.32281046e-01 -5.21752511e-01
  -3.92620685e-01 -2.47142269e-01 -8.90047153e-02  7.69232249e-02
   2.45101165e-01  4.09988719e-01  5.66717135e-01  7.11598961e-01
   8.42377496e-01  9.58209153e-01  1.05944569e+00  1.14731446e+00
   1.22358577e+00  1.29028618e+00  1.34948359e+00  1.40314561e+00
   1.45305975e+00  1.50079903e+00  1.54771768e+00  1.59496460e+00
   1.64350578e+00  1.69414990e+00  1.74757358e+00  1.80434467e+00
   1.86494254e+00  1.92977531e+00  1.99919424e+00  2.07350536e+00
   3.61055717e-02  6.94688907e-02  1.00160349e-01  1.28250263e-01
   1.53808953e-01  1.76906741e-01  1.97613953e-01  2.16000918e-01
   2.32137973e-01  2.46095465e-01  2.57943750e-01  2.67753203e-01
   2.75594222e-01  2.81537234e-01  2.85652711e-01  2.88011180e-01
   2.88683250e-01  2.87739637e-01  2.85251205e-01  2.81289021e-01
   2.75924429e-01  2.69229151e-01  2.61275424e-01  2.52136194e-01
   2.41885370e-01  2.30598183e-01  2.18351664e-01  2.05225309e-01
   1.91301976e-01  1.76669121e-01  1.61420476e-01  1.45658336e-01
   1.29496686e-01  1.13065443e-01  9.65162317e-02  8.00302040e-02
   6.38286157e-02  4.81870577e-02  3.34544984e-02  2.00785528e-02
   8.63863092e-03 -1.11297440e-04 -5.18885395e-03 -5.31789027e-03
   1.14633535e-03  1.62944337e-02  4.27268072e-02  8.35745401e-02
   1.42428837e-01  2.23111471e-01  3.29212274e-01  4.63350416e-01
   6.26212916e-01  8.15591656e-01  1.02581469e+00  1.24800000e+00
   1.47131031e+00  1.68490834e+00  1.87991208e+00  2.05064958e+00
   2.19491273e+00  2.31338853e+00  2.40869616e+00  2.48442546e+00
   2.54439819e+00  2.59220557e+00  2.63097866e+00  2.66331789e+00
   2.69131385e+00  2.71661130e+00  2.74048637e+00  2.76392145e+00
   2.78767050e+00  2.81231294e+00  2.83829638e+00  2.86596980e+00
   2.89560877e+00  2.92743456e+00  2.96162831e+00  2.99834166e+00]
 [-8.46862634e-01 -7.80135162e-01 -7.18751182e-01 -6.62569994e-01
  -6.11450881e-01 -5.65253095e-01 -5.23835857e-01 -4.87058343e-01
  -4.54779670e-01 -4.26858885e-01 -4.03154941e-01 -3.83526671e-01
  -3.67832753e-01 -3.55931668e-01 -3.47681644e-01 -3.42940581e-01
  -3.41565964e-01 -3.43414736e-01 -3.48343155e-01 -3.56206591e-01
  -3.66859279e-01 -3.80153994e-01 -3.95941642e-01 -4.14070725e-01
  -4.34386666e-01 -4.56730939e-01 -4.80939951e-01 -5.06843622e-01
  -5.34263557e-01 -5.63010728e-01 -5.92882509e-01 -6.23658906e-01
  -6.55097789e-01 -6.86928862e-01 -7.18846086e-01 -7.50498222e-01
  -7.81477131e-01 -8.11303447e-01 -8.39409331e-01 -8.65118145e-01
  -8.87621228e-01 -9.05952583e-01 -9.18963301e-01 -9.25299156e-01
  -9.23387137e-01 -9.11439735e-01 -8.87489318e-01 -8.49468009e-01
  -7.95349244e-01 -7.23362704e-01 -6.32281046e-01 -5.21752511e-01
  -3.92620685e-01 -2.47142269e-01 -8.90047153e-02  7.69232249e-02
   2.45101165e-01  4.09988719e-01  5.66717135e-01  7.11598961e-01
   8.42377496e-01  9.58209153e-01  1.05944569e+00  1.14731446e+00
   1.22358577e+00  1.29028618e+00  1.34948359e+00  1.40314561e+00
   1.45305975e+00  1.50079903e+00  1.54771768e+00  1.59496460e+00
   1.64350578e+00  1.69414990e+00  1.74757358e+00  1.80434467e+00
   1.86494254e+00  1.92977531e+00  1.99919424e+00  2.07350536e+00
   3.61055717e-02  6.94688907e-02  1.00160349e-01  1.28250263e-01
   1.53808953e-01  1.76906741e-01  1.97613953e-01  2.16000918e-01
   2.32137973e-01  2.46095465e-01  2.57943750e-01  2.67753203e-01
   2.75594222e-01  2.81537234e-01  2.85652711e-01  2.88011180e-01
   2.88683250e-01  2.87739637e-01  2.85251205e-01  2.81289021e-01
   2.75924429e-01  2.69229151e-01  2.61275424e-01  2.52136194e-01
   2.41885370e-01  2.30598183e-01  2.18351664e-01  2.05225309e-01
   1.91301976e-01  1.76669121e-01  1.61420476e-01  1.45658336e-01
   1.29496686e-01  1.13065443e-01  9.65162317e-02  8.00302040e-02
   6.38286157e-02  4.81870577e-02  3.34544984e-02  2.00785528e-02
   8.63863092e-03 -1.11297440e-04 -5.18885395e-03 -5.31789027e-03
   1.14633535e-03  1.62944337e-02  4.27268072e-02  8.35745401e-02
   1.42428837e-01  2.23111471e-01  3.29212274e-01  4.63350416e-01
   6.26212916e-01  8.15591656e-01  1.02581469e+00  1.24800000e+00
   1.47131031e+00  1.68490834e+00  1.87991208e+00  2.05064958e+00
   2.19491273e+00  2.31338853e+00  2.40869616e+00  2.48442546e+00
   2.54439819e+00  2.59220557e+00  2.63097866e+00  2.66331789e+00
   2.69131385e+00  2.71661130e+00  2.74048637e+00  2.76392145e+00
   2.78767050e+00  2.81231294e+00  2.83829638e+00  2.86596980e+00
   2.89560877e+00  2.92743456e+00  2.96162831e+00  2.99834166e+00]
 [-8.46862634e-01 -7.80135162e-01 -7.18751182e-01 -6.62569994e-01
  -6.11450881e-01 -5.65253095e-01 -5.23835857e-01 -4.87058343e-01
  -4.54779670e-01 -4.26858885e-01 -4.03154941e-01 -3.83526671e-01
  -3.67832753e-01 -3.55931668e-01 -3.47681644e-01 -3.42940581e-01
  -3.41565964e-01 -3.43414736e-01 -3.48343155e-01 -3.56206591e-01
  -3.66859279e-01 -3.80153994e-01 -3.95941642e-01 -4.14070725e-01
  -4.34386666e-01 -4.56730939e-01 -4.80939951e-01 -5.06843622e-01
  -5.34263557e-01 -5.63010728e-01 -5.92882509e-01 -6.23658906e-01
  -6.55097789e-01 -6.86928862e-01 -7.18846086e-01 -7.50498222e-01
  -7.81477131e-01 -8.11303447e-01 -8.39409331e-01 -8.65118145e-01
  -8.87621228e-01 -9.05952583e-01 -9.18963301e-01 -9.25299156e-01
  -9.23387137e-01 -9.11439735e-01 -8.87489318e-01 -8.49468009e-01
  -7.95349244e-01 -7.23362704e-01 -6.32281046e-01 -5.21752511e-01
  -3.92620685e-01 -2.47142269e-01 -8.90047153e-02  7.69232249e-02
   2.45101165e-01  4.09988719e-01  5.66717135e-01  7.11598961e-01
   8.42377496e-01  9.58209153e-01  1.05944569e+00  1.14731446e+00
   1.22358577e+00  1.29028618e+00  1.34948359e+00  1.40314561e+00
   1.45305975e+00  1.50079903e+00  1.54771768e+00  1.59496460e+00
   1.64350578e+00  1.69414990e+00  1.74757358e+00  1.80434467e+00
   1.86494254e+00  1.92977531e+00  1.99919424e+00  2.07350536e+00
   3.61055717e-02  6.94688907e-02  1.00160349e-01  1.28250263e-01
   1.53808953e-01  1.76906741e-01  1.97613953e-01  2.16000918e-01
   2.32137973e-01  2.46095465e-01  2.57943750e-01  2.67753203e-01
   2.75594222e-01  2.81537234e-01  2.85652711e-01  2.88011180e-01
   2.88683250e-01  2.87739637e-01  2.85251205e-01  2.81289021e-01
   2.75924429e-01  2.69229151e-01  2.61275424e-01  2.52136194e-01
   2.41885370e-01  2.30598183e-01  2.18351664e-01  2.05225309e-01
   1.91301976e-01  1.76669121e-01  1.61420476e-01  1.45658336e-01
   1.29496686e-01  1.13065443e-01  9.65162317e-02  8.00302040e-02
   6.38286157e-02  4.81870577e-02  3.34544984e-02  2.00785528e-02
   8.63863092e-03 -1.11297440e-04 -5.18885395e-03 -5.31789027e-03
   1.14633535e-03  1.62944337e-02  4.27268072e-02  8.35745401e-02
   1.42428837e-01  2.23111471e-01  3.29212274e-01  4.63350416e-01
   6.26212916e-01  8.15591656e-01  1.02581469e+00  1.24800000e+00
   1.47131031e+00  1.68490834e+00  1.87991208e+00  2.05064958e+00
   2.19491273e+00  2.31338853e+00  2.40869616e+00  2.48442546e+00
   2.54439819e+00  2.59220557e+00  2.63097866e+00  2.66331789e+00
   2.69131385e+00  2.71661130e+00  2.74048637e+00  2.76392145e+00
   2.78767050e+00  2.81231294e+00  2.83829638e+00  2.86596980e+00
   2.89560877e+00  2.92743456e+00  2.96162831e+00  2.99834166e+00]
 [-8.46862634e-01 -7.80135162e-01 -7.18751182e-01 -6.62569994e-01
  -6.11450881e-01 -5.65253095e-01 -5.23835857e-01 -4.87058343e-01
  -4.54779670e-01 -4.26858885e-01 -4.03154941e-01 -3.83526671e-01
  -3.67832753e-01 -3.55931668e-01 -3.47681644e-01 -3.42940581e-01
  -3.41565964e-01 -3.43414736e-01 -3.48343155e-01 -3.56206591e-01
  -3.66859279e-01 -3.80153994e-01 -3.95941642e-01 -4.14070725e-01
  -4.34386666e-01 -4.56730939e-01 -4.80939951e-01 -5.06843622e-01
  -5.34263557e-01 -5.63010728e-01 -5.92882509e-01 -6.23658906e-01
  -6.55097789e-01 -6.86928862e-01 -7.18846086e-01 -7.50498222e-01
  -7.81477131e-01 -8.11303447e-01 -8.39409331e-01 -8.65118145e-01
  -8.87621228e-01 -9.05952583e-01 -9.18963301e-01 -9.25299156e-01
  -9.23387137e-01 -9.11439735e-01 -8.87489318e-01 -8.49468009e-01
  -7.95349244e-01 -7.23362704e-01 -6.32281046e-01 -5.21752511e-01
  -3.92620685e-01 -2.47142269e-01 -8.90047153e-02  7.69232249e-02
   2.45101165e-01  4.09988719e-01  5.66717135e-01  7.11598961e-01
   8.42377496e-01  9.58209153e-01  1.05944569e+00  1.14731446e+00
   1.22358577e+00  1.29028618e+00  1.34948359e+00  1.40314561e+00
   1.45305975e+00  1.50079903e+00  1.54771768e+00  1.59496460e+00
   1.64350578e+00  1.69414990e+00  1.74757358e+00  1.80434467e+00
   1.86494254e+00  1.92977531e+00  1.99919424e+00  2.07350536e+00
   3.61055717e-02  6.94688907e-02  1.00160349e-01  1.28250263e-01
   1.53808953e-01  1.76906741e-01  1.97613953e-01  2.16000918e-01
   2.32137973e-01  2.46095465e-01  2.57943750e-01  2.67753203e-01
   2.75594222e-01  2.81537234e-01  2.85652711e-01  2.88011180e-01
   2.88683250e-01  2.87739637e-01  2.85251205e-01  2.81289021e-01
   2.75924429e-01  2.69229151e-01  2.61275424e-01  2.52136194e-01
   2.41885370e-01  2.30598183e-01  2.18351664e-01  2.05225309e-01
   1.91301976e-01  1.76669121e-01  1.61420476e-01  1.45658336e-01
   1.29496686e-01  1.13065443e-01  9.65162317e-02  8.00302040e-02
   6.38286157e-02  4.81870577e-02  3.34544984e-02  2.00785528e-02
   8.63863092e-03 -1.11297440e-04 -5.18885395e-03 -5.31789027e-03
   1.14633535e-03  1.62944337e-02  4.27268072e-02  8.35745401e-02
   1.42428837e-01  2.23111471e-01  3.29212274e-01  4.63350416e-01
   6.26212916e-01  8.15591656e-01  1.02581469e+00  1.24800000e+00
   1.47131031e+00  1.68490834e+00  1.87991208e+00  2.05064958e+00
   2.19491273e+00  2.31338853e+00  2.40869616e+00  2.48442546e+00
   2.54439819e+00  2.59220557e+00  2.63097866e+00  2.66331789e+00
   2.69131385e+00  2.71661130e+00  2.74048637e+00  2.76392145e+00
   2.78767050e+00  2.81231294e+00  2.83829638e+00  2.86596980e+00
   2.89560877e+00  2.92743456e+00  2.96162831e+00  2.99834166e+00]
 [-8.46862634e-01 -7.80135162e-01 -7.18751182e-01 -6.62569994e-01
  -6.11450881e-01 -5.65253095e-01 -5.23835857e-01 -4.87058343e-01
  -4.54779670e-01 -4.26858885e-01 -4.03154941e-01 -3.83526671e-01
  -3.67832753e-01 -3.55931668e-01 -3.47681644e-01 -3.42940581e-01
  -3.41565964e-01 -3.43414736e-01 -3.48343155e-01 -3.56206591e-01
  -3.66859279e-01 -3.80153994e-01 -3.95941642e-01 -4.14070725e-01
  -4.34386666e-01 -4.56730939e-01 -4.80939951e-01 -5.06843622e-01
  -5.34263557e-01 -5.63010728e-01 -5.92882509e-01 -6.23658906e-01
  -6.55097789e-01 -6.86928862e-01 -7.18846086e-01 -7.50498222e-01
  -7.81477131e-01 -8.11303447e-01 -8.39409331e-01 -8.65118145e-01
  -8.87621228e-01 -9.05952583e-01 -9.18963301e-01 -9.25299156e-01
  -9.23387137e-01 -9.11439735e-01 -8.87489318e-01 -8.49468009e-01
  -7.95349244e-01 -7.23362704e-01 -6.32281046e-01 -5.21752511e-01
  -3.92620685e-01 -2.47142269e-01 -8.90047153e-02  7.69232249e-02
   2.45101165e-01  4.09988719e-01  5.66717135e-01  7.11598961e-01
   8.42377496e-01  9.58209153e-01  1.05944569e+00  1.14731446e+00
   1.22358577e+00  1.29028618e+00  1.34948359e+00  1.40314561e+00
   1.45305975e+00  1.50079903e+00  1.54771768e+00  1.59496460e+00
   1.64350578e+00  1.69414990e+00  1.74757358e+00  1.80434467e+00
   1.86494254e+00  1.92977531e+00  1.99919424e+00  2.07350536e+00
   3.61055717e-02  6.94688907e-02  1.00160349e-01  1.28250263e-01
   1.53808953e-01  1.76906741e-01  1.97613953e-01  2.16000918e-01
   2.32137973e-01  2.46095465e-01  2.57943750e-01  2.67753203e-01
   2.75594222e-01  2.81537234e-01  2.85652711e-01  2.88011180e-01
   2.88683250e-01  2.87739637e-01  2.85251205e-01  2.81289021e-01
   2.75924429e-01  2.69229151e-01  2.61275424e-01  2.52136194e-01
   2.41885370e-01  2.30598183e-01  2.18351664e-01  2.05225309e-01
   1.91301976e-01  1.76669121e-01  1.61420476e-01  1.45658336e-01
   1.29496686e-01  1.13065443e-01  9.65162317e-02  8.00302040e-02
   6.38286157e-02  4.81870577e-02  3.34544984e-02  2.00785528e-02
   8.63863092e-03 -1.11297440e-04 -5.18885395e-03 -5.31789027e-03
   1.14633535e-03  1.62944337e-02  4.27268072e-02  8.35745401e-02
   1.42428837e-01  2.23111471e-01  3.29212274e-01  4.63350416e-01
   6.26212916e-01  8.15591656e-01  1.02581469e+00  1.24800000e+00
   1.47131031e+00  1.68490834e+00  1.87991208e+00  2.05064958e+00
   2.19491273e+00  2.31338853e+00  2.40869616e+00  2.48442546e+00
   2.54439819e+00  2.59220557e+00  2.63097866e+00  2.66331789e+00
   2.69131385e+00  2.71661130e+00  2.74048637e+00  2.76392145e+00
   2.78767050e+00  2.81231294e+00  2.83829638e+00  2.86596980e+00
   2.89560877e+00  2.92743456e+00  2.96162831e+00  2.99834166e+00]
 [-8.46862634e-01 -7.80135162e-01 -7.18751182e-01 -6.62569994e-01
  -6.11450881e-01 -5.65253095e-01 -5.23835857e-01 -4.87058343e-01
  -4.54779670e-01 -4.26858885e-01 -4.03154941e-01 -3.83526671e-01
  -3.67832753e-01 -3.55931668e-01 -3.47681644e-01 -3.42940581e-01
  -3.41565964e-01 -3.43414736e-01 -3.48343155e-01 -3.56206591e-01
  -3.66859279e-01 -3.80153994e-01 -3.95941642e-01 -4.14070725e-01
  -4.34386666e-01 -4.56730939e-01 -4.80939951e-01 -5.06843622e-01
  -5.34263557e-01 -5.63010728e-01 -5.92882509e-01 -6.23658906e-01
  -6.55097789e-01 -6.86928862e-01 -7.18846086e-01 -7.50498222e-01
  -7.81477131e-01 -8.11303447e-01 -8.39409331e-01 -8.65118145e-01
  -8.87621228e-01 -9.05952583e-01 -9.18963301e-01 -9.25299156e-01
  -9.23387137e-01 -9.11439735e-01 -8.87489318e-01 -8.49468009e-01
  -7.95349244e-01 -7.23362704e-01 -6.32281046e-01 -5.21752511e-01
  -3.92620685e-01 -2.47142269e-01 -8.90047153e-02  7.69232249e-02
   2.45101165e-01  4.09988719e-01  5.66717135e-01  7.11598961e-01
   8.42377496e-01  9.58209153e-01  1.05944569e+00  1.14731446e+00
   1.22358577e+00  1.29028618e+00  1.34948359e+00  1.40314561e+00
   1.45305975e+00  1.50079903e+00  1.54771768e+00  1.59496460e+00
   1.64350578e+00  1.69414990e+00  1.74757358e+00  1.80434467e+00
   1.86494254e+00  1.92977531e+00  1.99919424e+00  2.07350536e+00
   3.61055717e-02  6.94688907e-02  1.00160349e-01  1.28250263e-01
   1.53808953e-01  1.76906741e-01  1.97613953e-01  2.16000918e-01
   2.32137973e-01  2.46095465e-01  2.57943750e-01  2.67753203e-01
   2.75594222e-01  2.81537234e-01  2.85652711e-01  2.88011180e-01
   2.88683250e-01  2.87739637e-01  2.85251205e-01  2.81289021e-01
   2.75924429e-01  2.69229151e-01  2.61275424e-01  2.52136194e-01
   2.41885370e-01  2.30598183e-01  2.18351664e-01  2.05225309e-01
   1.91301976e-01  1.76669121e-01  1.61420476e-01  1.45658336e-01
   1.29496686e-01  1.13065443e-01  9.65162317e-02  8.00302040e-02
   6.38286157e-02  4.81870577e-02  3.34544984e-02  2.00785528e-02
   8.63863092e-03 -1.11297440e-04 -5.18885395e-03 -5.31789027e-03
   1.14633535e-03  1.62944337e-02  4.27268072e-02  8.35745401e-02
   1.42428837e-01  2.23111471e-01  3.29212274e-01  4.63350416e-01
   6.26212916e-01  8.15591656e-01  1.02581469e+00  1.24800000e+00
   1.47131031e+00  1.68490834e+00  1.87991208e+00  2.05064958e+00
   2.19491273e+00  2.31338853e+00  2.40869616e+00  2.48442546e+00
   2.54439819e+00  2.59220557e+00  2.63097866e+00  2.66331789e+00
   2.69131385e+00  2.71661130e+00  2.74048637e+00  2.76392145e+00
   2.78767050e+00  2.81231294e+00  2.83829638e+00  2.86596980e+00
   2.89560877e+00  2.92743456e+00  2.96162831e+00  2.99834166e+00]
 [-8.46862634e-01 -7.80135162e-01 -7.18751182e-01 -6.62569994e-01
  -6.11450881e-01 -5.65253095e-01 -5.23835857e-01 -4.87058343e-01
  -4.54779670e-01 -4.26858885e-01 -4.03154941e-01 -3.83526671e-01
  -3.67832753e-01 -3.55931668e-01 -3.47681644e-01 -3.42940581e-01
  -3.41565964e-01 -3.43414736e-01 -3.48343155e-01 -3.56206591e-01
  -3.66859279e-01 -3.80153994e-01 -3.95941642e-01 -4.14070725e-01
  -4.34386666e-01 -4.56730939e-01 -4.80939951e-01 -5.06843622e-01
  -5.34263557e-01 -5.63010728e-01 -5.92882509e-01 -6.23658906e-01
  -6.55097789e-01 -6.86928862e-01 -7.18846086e-01 -7.50498222e-01
  -7.81477131e-01 -8.11303447e-01 -8.39409331e-01 -8.65118145e-01
  -8.87621228e-01 -9.05952583e-01 -9.18963301e-01 -9.25299156e-01
  -9.23387137e-01 -9.11439735e-01 -8.87489318e-01 -8.49468009e-01
  -7.95349244e-01 -7.23362704e-01 -6.32281046e-01 -5.21752511e-01
  -3.92620685e-01 -2.47142269e-01 -8.90047153e-02  7.69232249e-02
   2.45101165e-01  4.09988719e-01  5.66717135e-01  7.11598961e-01
   8.42377496e-01  9.58209153e-01  1.05944569e+00  1.14731446e+00
   1.22358577e+00  1.29028618e+00  1.34948359e+00  1.40314561e+00
   1.45305975e+00  1.50079903e+00  1.54771768e+00  1.59496460e+00
   1.64350578e+00  1.69414990e+00  1.74757358e+00  1.80434467e+00
   1.86494254e+00  1.92977531e+00  1.99919424e+00  2.07350536e+00
   3.61055717e-02  6.94688907e-02  1.00160349e-01  1.28250263e-01
   1.53808953e-01  1.76906741e-01  1.97613953e-01  2.16000918e-01
   2.32137973e-01  2.46095465e-01  2.57943750e-01  2.67753203e-01
   2.75594222e-01  2.81537234e-01  2.85652711e-01  2.88011180e-01
   2.88683250e-01  2.87739637e-01  2.85251205e-01  2.81289021e-01
   2.75924429e-01  2.69229151e-01  2.61275424e-01  2.52136194e-01
   2.41885370e-01  2.30598183e-01  2.18351664e-01  2.05225309e-01
   1.91301976e-01  1.76669121e-01  1.61420476e-01  1.45658336e-01
   1.29496686e-01  1.13065443e-01  9.65162317e-02  8.00302040e-02
   6.38286157e-02  4.81870577e-02  3.34544984e-02  2.00785528e-02
   8.63863092e-03 -1.11297440e-04 -5.18885395e-03 -5.31789027e-03
   1.14633535e-03  1.62944337e-02  4.27268072e-02  8.35745401e-02
   1.42428837e-01  2.23111471e-01  3.29212274e-01  4.63350416e-01
   6.26212916e-01  8.15591656e-01  1.02581469e+00  1.24800000e+00
   1.47131031e+00  1.68490834e+00  1.87991208e+00  2.05064958e+00
   2.19491273e+00  2.31338853e+00  2.40869616e+00  2.48442546e+00
   2.54439819e+00  2.59220557e+00  2.63097866e+00  2.66331789e+00
   2.69131385e+00  2.71661130e+00  2.74048637e+00  2.76392145e+00
   2.78767050e+00  2.81231294e+00  2.83829638e+00  2.86596980e+00
   2.89560877e+00  2.92743456e+00  2.96162831e+00  2.99834166e+00]
 [-8.46862634e-01 -7.80135162e-01 -7.18751182e-01 -6.62569994e-01
  -6.11450881e-01 -5.65253095e-01 -5.23835857e-01 -4.87058343e-01
  -4.54779670e-01 -4.26858885e-01 -4.03154941e-01 -3.83526671e-01
  -3.67832753e-01 -3.55931668e-01 -3.47681644e-01 -3.42940581e-01
  -3.41565964e-01 -3.43414736e-01 -3.48343155e-01 -3.56206591e-01
  -3.66859279e-01 -3.80153994e-01 -3.95941642e-01 -4.14070725e-01
  -4.34386666e-01 -4.56730939e-01 -4.80939951e-01 -5.06843622e-01
  -5.34263557e-01 -5.63010728e-01 -5.92882509e-01 -6.23658906e-01
  -6.55097789e-01 -6.86928862e-01 -7.18846086e-01 -7.50498222e-01
  -7.81477131e-01 -8.11303447e-01 -8.39409331e-01 -8.65118145e-01
  -8.87621228e-01 -9.05952583e-01 -9.18963301e-01 -9.25299156e-01
  -9.23387137e-01 -9.11439735e-01 -8.87489318e-01 -8.49468009e-01
  -7.95349244e-01 -7.23362704e-01 -6.32281046e-01 -5.21752511e-01
  -3.92620685e-01 -2.47142269e-01 -8.90047153e-02  7.69232249e-02
   2.45101165e-01  4.09988719e-01  5.66717135e-01  7.11598961e-01
   8.42377496e-01  9.58209153e-01  1.05944569e+00  1.14731446e+00
   1.22358577e+00  1.29028618e+00  1.34948359e+00  1.40314561e+00
   1.45305975e+00  1.50079903e+00  1.54771768e+00  1.59496460e+00
   1.64350578e+00  1.69414990e+00  1.74757358e+00  1.80434467e+00
   1.86494254e+00  1.92977531e+00  1.99919424e+00  2.07350536e+00
   3.61055717e-02  6.94688907e-02  1.00160349e-01  1.28250263e-01
   1.53808953e-01  1.76906741e-01  1.97613953e-01  2.16000918e-01
   2.32137973e-01  2.46095465e-01  2.57943750e-01  2.67753203e-01
   2.75594222e-01  2.81537234e-01  2.85652711e-01  2.88011180e-01
   2.88683250e-01  2.87739637e-01  2.85251205e-01  2.81289021e-01
   2.75924429e-01  2.69229151e-01  2.61275424e-01  2.52136194e-01
   2.41885370e-01  2.30598183e-01  2.18351664e-01  2.05225309e-01
   1.91301976e-01  1.76669121e-01  1.61420476e-01  1.45658336e-01
   1.29496686e-01  1.13065443e-01  9.65162317e-02  8.00302040e-02
   6.38286157e-02  4.81870577e-02  3.34544984e-02  2.00785528e-02
   8.63863092e-03 -1.11297440e-04 -5.18885395e-03 -5.31789027e-03
   1.14633535e-03  1.62944337e-02  4.27268072e-02  8.35745401e-02
   1.42428837e-01  2.23111471e-01  3.29212274e-01  4.63350416e-01
   6.26212916e-01  8.15591656e-01  1.02581469e+00  1.24800000e+00
   1.47131031e+00  1.68490834e+00  1.87991208e+00  2.05064958e+00
   2.19491273e+00  2.31338853e+00  2.40869616e+00  2.48442546e+00
   2.54439819e+00  2.59220557e+00  2.63097866e+00  2.66331789e+00
   2.69131385e+00  2.71661130e+00  2.74048637e+00  2.76392145e+00
   2.78767050e+00  2.81231294e+00  2.83829638e+00  2.86596980e+00
   2.89560877e+00  2.92743456e+00  2.96162831e+00  2.99834166e+00]
 [-8.46862634e-01 -7.80135162e-01 -7.18751182e-01 -6.62569994e-01
  -6.11450881e-01 -5.65253095e-01 -5.23835857e-01 -4.87058343e-01
  -4.54779670e-01 -4.26858885e-01 -4.03154941e-01 -3.83526671e-01
  -3.67832753e-01 -3.55931668e-01 -3.47681644e-01 -3.42940581e-01
  -3.41565964e-01 -3.43414736e-01 -3.48343155e-01 -3.56206591e-01
  -3.66859279e-01 -3.80153994e-01 -3.95941642e-01 -4.14070725e-01
  -4.34386666e-01 -4.56730939e-01 -4.80939951e-01 -5.06843622e-01
  -5.34263557e-01 -5.63010728e-01 -5.92882509e-01 -6.23658906e-01
  -6.55097789e-01 -6.86928862e-01 -7.18846086e-01 -7.50498222e-01
  -7.81477131e-01 -8.11303447e-01 -8.39409331e-01 -8.65118145e-01
  -8.87621228e-01 -9.05952583e-01 -9.18963301e-01 -9.25299156e-01
  -9.23387137e-01 -9.11439735e-01 -8.87489318e-01 -8.49468009e-01
  -7.95349244e-01 -7.23362704e-01 -6.32281046e-01 -5.21752511e-01
  -3.92620685e-01 -2.47142269e-01 -8.90047153e-02  7.69232249e-02
   2.45101165e-01  4.09988719e-01  5.66717135e-01  7.11598961e-01
   8.42377496e-01  9.58209153e-01  1.05944569e+00  1.14731446e+00
   1.22358577e+00  1.29028618e+00  1.34948359e+00  1.40314561e+00
   1.45305975e+00  1.50079903e+00  1.54771768e+00  1.59496460e+00
   1.64350578e+00  1.69414990e+00  1.74757358e+00  1.80434467e+00
   1.86494254e+00  1.92977531e+00  1.99919424e+00  2.07350536e+00
   3.61055717e-02  6.94688907e-02  1.00160349e-01  1.28250263e-01
   1.53808953e-01  1.76906741e-01  1.97613953e-01  2.16000918e-01
   2.32137973e-01  2.46095465e-01  2.57943750e-01  2.67753203e-01
   2.75594222e-01  2.81537234e-01  2.85652711e-01  2.88011180e-01
   2.88683250e-01  2.87739637e-01  2.85251205e-01  2.81289021e-01
   2.75924429e-01  2.69229151e-01  2.61275424e-01  2.52136194e-01
   2.41885370e-01  2.30598183e-01  2.18351664e-01  2.05225309e-01
   1.91301976e-01  1.76669121e-01  1.61420476e-01  1.45658336e-01
   1.29496686e-01  1.13065443e-01  9.65162317e-02  8.00302040e-02
   6.38286157e-02  4.81870577e-02  3.34544984e-02  2.00785528e-02
   8.63863092e-03 -1.11297440e-04 -5.18885395e-03 -5.31789027e-03
   1.14633535e-03  1.62944337e-02  4.27268072e-02  8.35745401e-02
   1.42428837e-01  2.23111471e-01  3.29212274e-01  4.63350416e-01
   6.26212916e-01  8.15591656e-01  1.02581469e+00  1.24800000e+00
   1.47131031e+00  1.68490834e+00  1.87991208e+00  2.05064958e+00
   2.19491273e+00  2.31338853e+00  2.40869616e+00  2.48442546e+00
   2.54439819e+00  2.59220557e+00  2.63097866e+00  2.66331789e+00
   2.69131385e+00  2.71661130e+00  2.74048637e+00  2.76392145e+00
   2.78767050e+00  2.81231294e+00  2.83829638e+00  2.86596980e+00
   2.89560877e+00  2.92743456e+00  2.96162831e+00  2.99834166e+00]
 [-8.46862634e-01 -7.80135162e-01 -7.18751182e-01 -6.62569994e-01
  -6.11450881e-01 -5.65253095e-01 -5.23835857e-01 -4.87058343e-01
  -4.54779670e-01 -4.26858885e-01 -4.03154941e-01 -3.83526671e-01
  -3.67832753e-01 -3.55931668e-01 -3.47681644e-01 -3.42940581e-01
  -3.41565964e-01 -3.43414736e-01 -3.48343155e-01 -3.56206591e-01
  -3.66859279e-01 -3.80153994e-01 -3.95941642e-01 -4.14070725e-01
  -4.34386666e-01 -4.56730939e-01 -4.80939951e-01 -5.06843622e-01
  -5.34263557e-01 -5.63010728e-01 -5.92882509e-01 -6.23658906e-01
  -6.55097789e-01 -6.86928862e-01 -7.18846086e-01 -7.50498222e-01
  -7.81477131e-01 -8.11303447e-01 -8.39409331e-01 -8.65118145e-01
  -8.87621228e-01 -9.05952583e-01 -9.18963301e-01 -9.25299156e-01
  -9.23387137e-01 -9.11439735e-01 -8.87489318e-01 -8.49468009e-01
  -7.95349244e-01 -7.23362704e-01 -6.32281046e-01 -5.21752511e-01
  -3.92620685e-01 -2.47142269e-01 -8.90047153e-02  7.69232249e-02
   2.45101165e-01  4.09988719e-01  5.66717135e-01  7.11598961e-01
   8.42377496e-01  9.58209153e-01  1.05944569e+00  1.14731446e+00
   1.22358577e+00  1.29028618e+00  1.34948359e+00  1.40314561e+00
   1.45305975e+00  1.50079903e+00  1.54771768e+00  1.59496460e+00
   1.64350578e+00  1.69414990e+00  1.74757358e+00  1.80434467e+00
   1.86494254e+00  1.92977531e+00  1.99919424e+00  2.07350536e+00
   3.61055717e-02  6.94688907e-02  1.00160349e-01  1.28250263e-01
   1.53808953e-01  1.76906741e-01  1.97613953e-01  2.16000918e-01
   2.32137973e-01  2.46095465e-01  2.57943750e-01  2.67753203e-01
   2.75594222e-01  2.81537234e-01  2.85652711e-01  2.88011180e-01
   2.88683250e-01  2.87739637e-01  2.85251205e-01  2.81289021e-01
   2.75924429e-01  2.69229151e-01  2.61275424e-01  2.52136194e-01
   2.41885370e-01  2.30598183e-01  2.18351664e-01  2.05225309e-01
   1.91301976e-01  1.76669121e-01  1.61420476e-01  1.45658336e-01
   1.29496686e-01  1.13065443e-01  9.65162317e-02  8.00302040e-02
   6.38286157e-02  4.81870577e-02  3.34544984e-02  2.00785528e-02
   8.63863092e-03 -1.11297440e-04 -5.18885395e-03 -5.31789027e-03
   1.14633535e-03  1.62944337e-02  4.27268072e-02  8.35745401e-02
   1.42428837e-01  2.23111471e-01  3.29212274e-01  4.63350416e-01
   6.26212916e-01  8.15591656e-01  1.02581469e+00  1.24800000e+00
   1.47131031e+00  1.68490834e+00  1.87991208e+00  2.05064958e+00
   2.19491273e+00  2.31338853e+00  2.40869616e+00  2.48442546e+00
   2.54439819e+00  2.59220557e+00  2.63097866e+00  2.66331789e+00
   2.69131385e+00  2.71661130e+00  2.74048637e+00  2.76392145e+00
   2.78767050e+00  2.81231294e+00  2.83829638e+00  2.86596980e+00
   2.89560877e+00  2.92743456e+00  2.96162831e+00  2.99834166e+00]
 [-8.46862634e-01 -7.80135162e-01 -7.18751182e-01 -6.62569994e-01
  -6.11450881e-01 -5.65253095e-01 -5.23835857e-01 -4.87058343e-01
  -4.54779670e-01 -4.26858885e-01 -4.03154941e-01 -3.83526671e-01
  -3.67832753e-01 -3.55931668e-01 -3.47681644e-01 -3.42940581e-01
  -3.41565964e-01 -3.43414736e-01 -3.48343155e-01 -3.56206591e-01
  -3.66859279e-01 -3.80153994e-01 -3.95941642e-01 -4.14070725e-01
  -4.34386666e-01 -4.56730939e-01 -4.80939951e-01 -5.06843622e-01
  -5.34263557e-01 -5.63010728e-01 -5.92882509e-01 -6.23658906e-01
  -6.55097789e-01 -6.86928862e-01 -7.18846086e-01 -7.50498222e-01
  -7.81477131e-01 -8.11303447e-01 -8.39409331e-01 -8.65118145e-01
  -8.87621228e-01 -9.05952583e-01 -9.18963301e-01 -9.25299156e-01
  -9.23387137e-01 -9.11439735e-01 -8.87489318e-01 -8.49468009e-01
  -7.95349244e-01 -7.23362704e-01 -6.32281046e-01 -5.21752511e-01
  -3.92620685e-01 -2.47142269e-01 -8.90047153e-02  7.69232249e-02
   2.45101165e-01  4.09988719e-01  5.66717135e-01  7.11598961e-01
   8.42377496e-01  9.58209153e-01  1.05944569e+00  1.14731446e+00
   1.22358577e+00  1.29028618e+00  1.34948359e+00  1.40314561e+00
   1.45305975e+00  1.50079903e+00  1.54771768e+00  1.59496460e+00
   1.64350578e+00  1.69414990e+00  1.74757358e+00  1.80434467e+00
   1.86494254e+00  1.92977531e+00  1.99919424e+00  2.07350536e+00
   3.61055717e-02  6.94688907e-02  1.00160349e-01  1.28250263e-01
   1.53808953e-01  1.76906741e-01  1.97613953e-01  2.16000918e-01
   2.32137973e-01  2.46095465e-01  2.57943750e-01  2.67753203e-01
   2.75594222e-01  2.81537234e-01  2.85652711e-01  2.88011180e-01
   2.88683250e-01  2.87739637e-01  2.85251205e-01  2.81289021e-01
   2.75924429e-01  2.69229151e-01  2.61275424e-01  2.52136194e-01
   2.41885370e-01  2.30598183e-01  2.18351664e-01  2.05225309e-01
   1.91301976e-01  1.76669121e-01  1.61420476e-01  1.45658336e-01
   1.29496686e-01  1.13065443e-01  9.65162317e-02  8.00302040e-02
   6.38286157e-02  4.81870577e-02  3.34544984e-02  2.00785528e-02
   8.63863092e-03 -1.11297440e-04 -5.18885395e-03 -5.31789027e-03
   1.14633535e-03  1.62944337e-02  4.27268072e-02  8.35745401e-02
   1.42428837e-01  2.23111471e-01  3.29212274e-01  4.63350416e-01
   6.26212916e-01  8.15591656e-01  1.02581469e+00  1.24800000e+00
   1.47131031e+00  1.68490834e+00  1.87991208e+00  2.05064958e+00
   2.19491273e+00  2.31338853e+00  2.40869616e+00  2.48442546e+00
   2.54439819e+00  2.59220557e+00  2.63097866e+00  2.66331789e+00
   2.69131385e+00  2.71661130e+00  2.74048637e+00  2.76392145e+00
   2.78767050e+00  2.81231294e+00  2.83829638e+00  2.86596980e+00
   2.89560877e+00  2.92743456e+00  2.96162831e+00  2.99834166e+00]
 [-8.46862634e-01 -7.80135162e-01 -7.18751182e-01 -6.62569994e-01
  -6.11450881e-01 -5.65253095e-01 -5.23835857e-01 -4.87058343e-01
  -4.54779670e-01 -4.26858885e-01 -4.03154941e-01 -3.83526671e-01
  -3.67832753e-01 -3.55931668e-01 -3.47681644e-01 -3.42940581e-01
  -3.41565964e-01 -3.43414736e-01 -3.48343155e-01 -3.56206591e-01
  -3.66859279e-01 -3.80153994e-01 -3.95941642e-01 -4.14070725e-01
  -4.34386666e-01 -4.56730939e-01 -4.80939951e-01 -5.06843622e-01
  -5.34263557e-01 -5.63010728e-01 -5.92882509e-01 -6.23658906e-01
  -6.55097789e-01 -6.86928862e-01 -7.18846086e-01 -7.50498222e-01
  -7.81477131e-01 -8.11303447e-01 -8.39409331e-01 -8.65118145e-01
  -8.87621228e-01 -9.05952583e-01 -9.18963301e-01 -9.25299156e-01
  -9.23387137e-01 -9.11439735e-01 -8.87489318e-01 -8.49468009e-01
  -7.95349244e-01 -7.23362704e-01 -6.32281046e-01 -5.21752511e-01
  -3.92620685e-01 -2.47142269e-01 -8.90047153e-02  7.69232249e-02
   2.45101165e-01  4.09988719e-01  5.66717135e-01  7.11598961e-01
   8.42377496e-01  9.58209153e-01  1.05944569e+00  1.14731446e+00
   1.22358577e+00  1.29028618e+00  1.34948359e+00  1.40314561e+00
   1.45305975e+00  1.50079903e+00  1.54771768e+00  1.59496460e+00
   1.64350578e+00  1.69414990e+00  1.74757358e+00  1.80434467e+00
   1.86494254e+00  1.92977531e+00  1.99919424e+00  2.07350536e+00
   3.61055717e-02  6.94688907e-02  1.00160349e-01  1.28250263e-01
   1.53808953e-01  1.76906741e-01  1.97613953e-01  2.16000918e-01
   2.32137973e-01  2.46095465e-01  2.57943750e-01  2.67753203e-01
   2.75594222e-01  2.81537234e-01  2.85652711e-01  2.88011180e-01
   2.88683250e-01  2.87739637e-01  2.85251205e-01  2.81289021e-01
   2.75924429e-01  2.69229151e-01  2.61275424e-01  2.52136194e-01
   2.41885370e-01  2.30598183e-01  2.18351664e-01  2.05225309e-01
   1.91301976e-01  1.76669121e-01  1.61420476e-01  1.45658336e-01
   1.29496686e-01  1.13065443e-01  9.65162317e-02  8.00302040e-02
   6.38286157e-02  4.81870577e-02  3.34544984e-02  2.00785528e-02
   8.63863092e-03 -1.11297440e-04 -5.18885395e-03 -5.31789027e-03
   1.14633535e-03  1.62944337e-02  4.27268072e-02  8.35745401e-02
   1.42428837e-01  2.23111471e-01  3.29212274e-01  4.63350416e-01
   6.26212916e-01  8.15591656e-01  1.02581469e+00  1.24800000e+00
   1.47131031e+00  1.68490834e+00  1.87991208e+00  2.05064958e+00
   2.19491273e+00  2.31338853e+00  2.40869616e+00  2.48442546e+00
   2.54439819e+00  2.59220557e+00  2.63097866e+00  2.66331789e+00
   2.69131385e+00  2.71661130e+00  2.74048637e+00  2.76392145e+00
   2.78767050e+00  2.81231294e+00  2.83829638e+00  2.86596980e+00
   2.89560877e+00  2.92743456e+00  2.96162831e+00  2.99834166e+00]
 [-8.46862634e-01 -7.80135162e-01 -7.18751182e-01 -6.62569994e-01
  -6.11450881e-01 -5.65253095e-01 -5.23835857e-01 -4.87058343e-01
  -4.54779670e-01 -4.26858885e-01 -4.03154941e-01 -3.83526671e-01
  -3.67832753e-01 -3.55931668e-01 -3.47681644e-01 -3.42940581e-01
  -3.41565964e-01 -3.43414736e-01 -3.48343155e-01 -3.56206591e-01
  -3.66859279e-01 -3.80153994e-01 -3.95941642e-01 -4.14070725e-01
  -4.34386666e-01 -4.56730939e-01 -4.80939951e-01 -5.06843622e-01
  -5.34263557e-01 -5.63010728e-01 -5.92882509e-01 -6.23658906e-01
  -6.55097789e-01 -6.86928862e-01 -7.18846086e-01 -7.50498222e-01
  -7.81477131e-01 -8.11303447e-01 -8.39409331e-01 -8.65118145e-01
  -8.87621228e-01 -9.05952583e-01 -9.18963301e-01 -9.25299156e-01
  -9.23387137e-01 -9.11439735e-01 -8.87489318e-01 -8.49468009e-01
  -7.95349244e-01 -7.23362704e-01 -6.32281046e-01 -5.21752511e-01
  -3.92620685e-01 -2.47142269e-01 -8.90047153e-02  7.69232249e-02
   2.45101165e-01  4.09988719e-01  5.66717135e-01  7.11598961e-01
   8.42377496e-01  9.58209153e-01  1.05944569e+00  1.14731446e+00
   1.22358577e+00  1.29028618e+00  1.34948359e+00  1.40314561e+00
   1.45305975e+00  1.50079903e+00  1.54771768e+00  1.59496460e+00
   1.64350578e+00  1.69414990e+00  1.74757358e+00  1.80434467e+00
   1.86494254e+00  1.92977531e+00  1.99919424e+00  2.07350536e+00
   3.61055717e-02  6.94688907e-02  1.00160349e-01  1.28250263e-01
   1.53808953e-01  1.76906741e-01  1.97613953e-01  2.16000918e-01
   2.32137973e-01  2.46095465e-01  2.57943750e-01  2.67753203e-01
   2.75594222e-01  2.81537234e-01  2.85652711e-01  2.88011180e-01
   2.88683250e-01  2.87739637e-01  2.85251205e-01  2.81289021e-01
   2.75924429e-01  2.69229151e-01  2.61275424e-01  2.52136194e-01
   2.41885370e-01  2.30598183e-01  2.18351664e-01  2.05225309e-01
   1.91301976e-01  1.76669121e-01  1.61420476e-01  1.45658336e-01
   1.29496686e-01  1.13065443e-01  9.65162317e-02  8.00302040e-02
   6.38286157e-02  4.81870577e-02  3.34544984e-02  2.00785528e-02
   8.63863092e-03 -1.11297440e-04 -5.18885395e-03 -5.31789027e-03
   1.14633535e-03  1.62944337e-02  4.27268072e-02  8.35745401e-02
   1.42428837e-01  2.23111471e-01  3.29212274e-01  4.63350416e-01
   6.26212916e-01  8.15591656e-01  1.02581469e+00  1.24800000e+00
   1.47131031e+00  1.68490834e+00  1.87991208e+00  2.05064958e+00
   2.19491273e+00  2.31338853e+00  2.40869616e+00  2.48442546e+00
   2.54439819e+00  2.59220557e+00  2.63097866e+00  2.66331789e+00
   2.69131385e+00  2.71661130e+00  2.74048637e+00  2.76392145e+00
   2.78767050e+00  2.81231294e+00  2.83829638e+00  2.86596980e+00
   2.89560877e+00  2.92743456e+00  2.96162831e+00  2.99834166e+00]
 [-8.46862634e-01 -7.80135162e-01 -7.18751182e-01 -6.62569994e-01
  -6.11450881e-01 -5.65253095e-01 -5.23835857e-01 -4.87058343e-01
  -4.54779670e-01 -4.26858885e-01 -4.03154941e-01 -3.83526671e-01
  -3.67832753e-01 -3.55931668e-01 -3.47681644e-01 -3.42940581e-01
  -3.41565964e-01 -3.43414736e-01 -3.48343155e-01 -3.56206591e-01
  -3.66859279e-01 -3.80153994e-01 -3.95941642e-01 -4.14070725e-01
  -4.34386666e-01 -4.56730939e-01 -4.80939951e-01 -5.06843622e-01
  -5.34263557e-01 -5.63010728e-01 -5.92882509e-01 -6.23658906e-01
  -6.55097789e-01 -6.86928862e-01 -7.18846086e-01 -7.50498222e-01
  -7.81477131e-01 -8.11303447e-01 -8.39409331e-01 -8.65118145e-01
  -8.87621228e-01 -9.05952583e-01 -9.18963301e-01 -9.25299156e-01
  -9.23387137e-01 -9.11439735e-01 -8.87489318e-01 -8.49468009e-01
  -7.95349244e-01 -7.23362704e-01 -6.32281046e-01 -5.21752511e-01
  -3.92620685e-01 -2.47142269e-01 -8.90047153e-02  7.69232249e-02
   2.45101165e-01  4.09988719e-01  5.66717135e-01  7.11598961e-01
   8.42377496e-01  9.58209153e-01  1.05944569e+00  1.14731446e+00
   1.22358577e+00  1.29028618e+00  1.34948359e+00  1.40314561e+00
   1.45305975e+00  1.50079903e+00  1.54771768e+00  1.59496460e+00
   1.64350578e+00  1.69414990e+00  1.74757358e+00  1.80434467e+00
   1.86494254e+00  1.92977531e+00  1.99919424e+00  2.07350536e+00
   3.61055717e-02  6.94688907e-02  1.00160349e-01  1.28250263e-01
   1.53808953e-01  1.76906741e-01  1.97613953e-01  2.16000918e-01
   2.32137973e-01  2.46095465e-01  2.57943750e-01  2.67753203e-01
   2.75594222e-01  2.81537234e-01  2.85652711e-01  2.88011180e-01
   2.88683250e-01  2.87739637e-01  2.85251205e-01  2.81289021e-01
   2.75924429e-01  2.69229151e-01  2.61275424e-01  2.52136194e-01
   2.41885370e-01  2.30598183e-01  2.18351664e-01  2.05225309e-01
   1.91301976e-01  1.76669121e-01  1.61420476e-01  1.45658336e-01
   1.29496686e-01  1.13065443e-01  9.65162317e-02  8.00302040e-02
   6.38286157e-02  4.81870577e-02  3.34544984e-02  2.00785528e-02
   8.63863092e-03 -1.11297440e-04 -5.18885395e-03 -5.31789027e-03
   1.14633535e-03  1.62944337e-02  4.27268072e-02  8.35745401e-02
   1.42428837e-01  2.23111471e-01  3.29212274e-01  4.63350416e-01
   6.26212916e-01  8.15591656e-01  1.02581469e+00  1.24800000e+00
   1.47131031e+00  1.68490834e+00  1.87991208e+00  2.05064958e+00
   2.19491273e+00  2.31338853e+00  2.40869616e+00  2.48442546e+00
   2.54439819e+00  2.59220557e+00  2.63097866e+00  2.66331789e+00
   2.69131385e+00  2.71661130e+00  2.74048637e+00  2.76392145e+00
   2.78767050e+00  2.81231294e+00  2.83829638e+00  2.86596980e+00
   2.89560877e+00  2.92743456e+00  2.96162831e+00  2.99834166e+00]
 [-8.46862634e-01 -7.80135162e-01 -7.18751182e-01 -6.62569994e-01
  -6.11450881e-01 -5.65253095e-01 -5.23835857e-01 -4.87058343e-01
  -4.54779670e-01 -4.26858885e-01 -4.03154941e-01 -3.83526671e-01
  -3.67832753e-01 -3.55931668e-01 -3.47681644e-01 -3.42940581e-01
  -3.41565964e-01 -3.43414736e-01 -3.48343155e-01 -3.56206591e-01
  -3.66859279e-01 -3.80153994e-01 -3.95941642e-01 -4.14070725e-01
  -4.34386666e-01 -4.56730939e-01 -4.80939951e-01 -5.06843622e-01
  -5.34263557e-01 -5.63010728e-01 -5.92882509e-01 -6.23658906e-01
  -6.55097789e-01 -6.86928862e-01 -7.18846086e-01 -7.50498222e-01
  -7.81477131e-01 -8.11303447e-01 -8.39409331e-01 -8.65118145e-01
  -8.87621228e-01 -9.05952583e-01 -9.18963301e-01 -9.25299156e-01
  -9.23387137e-01 -9.11439735e-01 -8.87489318e-01 -8.49468009e-01
  -7.95349244e-01 -7.23362704e-01 -6.32281046e-01 -5.21752511e-01
  -3.92620685e-01 -2.47142269e-01 -8.90047153e-02  7.69232249e-02
   2.45101165e-01  4.09988719e-01  5.66717135e-01  7.11598961e-01
   8.42377496e-01  9.58209153e-01  1.05944569e+00  1.14731446e+00
   1.22358577e+00  1.29028618e+00  1.34948359e+00  1.40314561e+00
   1.45305975e+00  1.50079903e+00  1.54771768e+00  1.59496460e+00
   1.64350578e+00  1.69414990e+00  1.74757358e+00  1.80434467e+00
   1.86494254e+00  1.92977531e+00  1.99919424e+00  2.07350536e+00
   3.61055717e-02  6.94688907e-02  1.00160349e-01  1.28250263e-01
   1.53808953e-01  1.76906741e-01  1.97613953e-01  2.16000918e-01
   2.32137973e-01  2.46095465e-01  2.57943750e-01  2.67753203e-01
   2.75594222e-01  2.81537234e-01  2.85652711e-01  2.88011180e-01
   2.88683250e-01  2.87739637e-01  2.85251205e-01  2.81289021e-01
   2.75924429e-01  2.69229151e-01  2.61275424e-01  2.52136194e-01
   2.41885370e-01  2.30598183e-01  2.18351664e-01  2.05225309e-01
   1.91301976e-01  1.76669121e-01  1.61420476e-01  1.45658336e-01
   1.29496686e-01  1.13065443e-01  9.65162317e-02  8.00302040e-02
   6.38286157e-02  4.81870577e-02  3.34544984e-02  2.00785528e-02
   8.63863092e-03 -1.11297440e-04 -5.18885395e-03 -5.31789027e-03
   1.14633535e-03  1.62944337e-02  4.27268072e-02  8.35745401e-02
   1.42428837e-01  2.23111471e-01  3.29212274e-01  4.63350416e-01
   6.26212916e-01  8.15591656e-01  1.02581469e+00  1.24800000e+00
   1.47131031e+00  1.68490834e+00  1.87991208e+00  2.05064958e+00
   2.19491273e+00  2.31338853e+00  2.40869616e+00  2.48442546e+00
   2.54439819e+00  2.59220557e+00  2.63097866e+00  2.66331789e+00
   2.69131385e+00  2.71661130e+00  2.74048637e+00  2.76392145e+00
   2.78767050e+00  2.81231294e+00  2.83829638e+00  2.86596980e+00
   2.89560877e+00  2.92743456e+00  2.96162831e+00  2.99834166e+00]
 [-8.46862634e-01 -7.80135162e-01 -7.18751182e-01 -6.62569994e-01
  -6.11450881e-01 -5.65253095e-01 -5.23835857e-01 -4.87058343e-01
  -4.54779670e-01 -4.26858885e-01 -4.03154941e-01 -3.83526671e-01
  -3.67832753e-01 -3.55931668e-01 -3.47681644e-01 -3.42940581e-01
  -3.41565964e-01 -3.43414736e-01 -3.48343155e-01 -3.56206591e-01
  -3.66859279e-01 -3.80153994e-01 -3.95941642e-01 -4.14070725e-01
  -4.34386666e-01 -4.56730939e-01 -4.80939951e-01 -5.06843622e-01
  -5.34263557e-01 -5.63010728e-01 -5.92882509e-01 -6.23658906e-01
  -6.55097789e-01 -6.86928862e-01 -7.18846086e-01 -7.50498222e-01
  -7.81477131e-01 -8.11303447e-01 -8.39409331e-01 -8.65118145e-01
  -8.87621228e-01 -9.05952583e-01 -9.18963301e-01 -9.25299156e-01
  -9.23387137e-01 -9.11439735e-01 -8.87489318e-01 -8.49468009e-01
  -7.95349244e-01 -7.23362704e-01 -6.32281046e-01 -5.21752511e-01
  -3.92620685e-01 -2.47142269e-01 -8.90047153e-02  7.69232249e-02
   2.45101165e-01  4.09988719e-01  5.66717135e-01  7.11598961e-01
   8.42377496e-01  9.58209153e-01  1.05944569e+00  1.14731446e+00
   1.22358577e+00  1.29028618e+00  1.34948359e+00  1.40314561e+00
   1.45305975e+00  1.50079903e+00  1.54771768e+00  1.59496460e+00
   1.64350578e+00  1.69414990e+00  1.74757358e+00  1.80434467e+00
   1.86494254e+00  1.92977531e+00  1.99919424e+00  2.07350536e+00
   3.61055717e-02  6.94688907e-02  1.00160349e-01  1.28250263e-01
   1.53808953e-01  1.76906741e-01  1.97613953e-01  2.16000918e-01
   2.32137973e-01  2.46095465e-01  2.57943750e-01  2.67753203e-01
   2.75594222e-01  2.81537234e-01  2.85652711e-01  2.88011180e-01
   2.88683250e-01  2.87739637e-01  2.85251205e-01  2.81289021e-01
   2.75924429e-01  2.69229151e-01  2.61275424e-01  2.52136194e-01
   2.41885370e-01  2.30598183e-01  2.18351664e-01  2.05225309e-01
   1.91301976e-01  1.76669121e-01  1.61420476e-01  1.45658336e-01
   1.29496686e-01  1.13065443e-01  9.65162317e-02  8.00302040e-02
   6.38286157e-02  4.81870577e-02  3.34544984e-02  2.00785528e-02
   8.63863092e-03 -1.11297440e-04 -5.18885395e-03 -5.31789027e-03
   1.14633535e-03  1.62944337e-02  4.27268072e-02  8.35745401e-02
   1.42428837e-01  2.23111471e-01  3.29212274e-01  4.63350416e-01
   6.26212916e-01  8.15591656e-01  1.02581469e+00  1.24800000e+00
   1.47131031e+00  1.68490834e+00  1.87991208e+00  2.05064958e+00
   2.19491273e+00  2.31338853e+00  2.40869616e+00  2.48442546e+00
   2.54439819e+00  2.59220557e+00  2.63097866e+00  2.66331789e+00
   2.69131385e+00  2.71661130e+00  2.74048637e+00  2.76392145e+00
   2.78767050e+00  2.81231294e+00  2.83829638e+00  2.86596980e+00
   2.89560877e+00  2.92743456e+00  2.96162831e+00  2.99834166e+00]
 [-8.46862634e-01 -7.80135162e-01 -7.18751182e-01 -6.62569994e-01
  -6.11450881e-01 -5.65253095e-01 -5.23835857e-01 -4.87058343e-01
  -4.54779670e-01 -4.26858885e-01 -4.03154941e-01 -3.83526671e-01
  -3.67832753e-01 -3.55931668e-01 -3.47681644e-01 -3.42940581e-01
  -3.41565964e-01 -3.43414736e-01 -3.48343155e-01 -3.56206591e-01
  -3.66859279e-01 -3.80153994e-01 -3.95941642e-01 -4.14070725e-01
  -4.34386666e-01 -4.56730939e-01 -4.80939951e-01 -5.06843622e-01
  -5.34263557e-01 -5.63010728e-01 -5.92882509e-01 -6.23658906e-01
  -6.55097789e-01 -6.86928862e-01 -7.18846086e-01 -7.50498222e-01
  -7.81477131e-01 -8.11303447e-01 -8.39409331e-01 -8.65118145e-01
  -8.87621228e-01 -9.05952583e-01 -9.18963301e-01 -9.25299156e-01
  -9.23387137e-01 -9.11439735e-01 -8.87489318e-01 -8.49468009e-01
  -7.95349244e-01 -7.23362704e-01 -6.32281046e-01 -5.21752511e-01
  -3.92620685e-01 -2.47142269e-01 -8.90047153e-02  7.69232249e-02
   2.45101165e-01  4.09988719e-01  5.66717135e-01  7.11598961e-01
   8.42377496e-01  9.58209153e-01  1.05944569e+00  1.14731446e+00
   1.22358577e+00  1.29028618e+00  1.34948359e+00  1.40314561e+00
   1.45305975e+00  1.50079903e+00  1.54771768e+00  1.59496460e+00
   1.64350578e+00  1.69414990e+00  1.74757358e+00  1.80434467e+00
   1.86494254e+00  1.92977531e+00  1.99919424e+00  2.07350536e+00
   3.61055717e-02  6.94688907e-02  1.00160349e-01  1.28250263e-01
   1.53808953e-01  1.76906741e-01  1.97613953e-01  2.16000918e-01
   2.32137973e-01  2.46095465e-01  2.57943750e-01  2.67753203e-01
   2.75594222e-01  2.81537234e-01  2.85652711e-01  2.88011180e-01
   2.88683250e-01  2.87739637e-01  2.85251205e-01  2.81289021e-01
   2.75924429e-01  2.69229151e-01  2.61275424e-01  2.52136194e-01
   2.41885370e-01  2.30598183e-01  2.18351664e-01  2.05225309e-01
   1.91301976e-01  1.76669121e-01  1.61420476e-01  1.45658336e-01
   1.29496686e-01  1.13065443e-01  9.65162317e-02  8.00302040e-02
   6.38286157e-02  4.81870577e-02  3.34544984e-02  2.00785528e-02
   8.63863092e-03 -1.11297440e-04 -5.18885395e-03 -5.31789027e-03
   1.14633535e-03  1.62944337e-02  4.27268072e-02  8.35745401e-02
   1.42428837e-01  2.23111471e-01  3.29212274e-01  4.63350416e-01
   6.26212916e-01  8.15591656e-01  1.02581469e+00  1.24800000e+00
   1.47131031e+00  1.68490834e+00  1.87991208e+00  2.05064958e+00
   2.19491273e+00  2.31338853e+00  2.40869616e+00  2.48442546e+00
   2.54439819e+00  2.59220557e+00  2.63097866e+00  2.66331789e+00
   2.69131385e+00  2.71661130e+00  2.74048637e+00  2.76392145e+00
   2.78767050e+00  2.81231294e+00  2.83829638e+00  2.86596980e+00
   2.89560877e+00  2.92743456e+00  2.96162831e+00  2.99834166e+00]
 [-8.46862634e-01 -7.80135162e-01 -7.18751182e-01 -6.62569994e-01
  -6.11450881e-01 -5.65253095e-01 -5.23835857e-01 -4.87058343e-01
  -4.54779670e-01 -4.26858885e-01 -4.03154941e-01 -3.83526671e-01
  -3.67832753e-01 -3.55931668e-01 -3.47681644e-01 -3.42940581e-01
  -3.41565964e-01 -3.43414736e-01 -3.48343155e-01 -3.56206591e-01
  -3.66859279e-01 -3.80153994e-01 -3.95941642e-01 -4.14070725e-01
  -4.34386666e-01 -4.56730939e-01 -4.80939951e-01 -5.06843622e-01
  -5.34263557e-01 -5.63010728e-01 -5.92882509e-01 -6.23658906e-01
  -6.55097789e-01 -6.86928862e-01 -7.18846086e-01 -7.50498222e-01
  -7.81477131e-01 -8.11303447e-01 -8.39409331e-01 -8.65118145e-01
  -8.87621228e-01 -9.05952583e-01 -9.18963301e-01 -9.25299156e-01
  -9.23387137e-01 -9.11439735e-01 -8.87489318e-01 -8.49468009e-01
  -7.95349244e-01 -7.23362704e-01 -6.32281046e-01 -5.21752511e-01
  -3.92620685e-01 -2.47142269e-01 -8.90047153e-02  7.69232249e-02
   2.45101165e-01  4.09988719e-01  5.66717135e-01  7.11598961e-01
   8.42377496e-01  9.58209153e-01  1.05944569e+00  1.14731446e+00
   1.22358577e+00  1.29028618e+00  1.34948359e+00  1.40314561e+00
   1.45305975e+00  1.50079903e+00  1.54771768e+00  1.59496460e+00
   1.64350578e+00  1.69414990e+00  1.74757358e+00  1.80434467e+00
   1.86494254e+00  1.92977531e+00  1.99919424e+00  2.07350536e+00
   3.61055717e-02  6.94688907e-02  1.00160349e-01  1.28250263e-01
   1.53808953e-01  1.76906741e-01  1.97613953e-01  2.16000918e-01
   2.32137973e-01  2.46095465e-01  2.57943750e-01  2.67753203e-01
   2.75594222e-01  2.81537234e-01  2.85652711e-01  2.88011180e-01
   2.88683250e-01  2.87739637e-01  2.85251205e-01  2.81289021e-01
   2.75924429e-01  2.69229151e-01  2.61275424e-01  2.52136194e-01
   2.41885370e-01  2.30598183e-01  2.18351664e-01  2.05225309e-01
   1.91301976e-01  1.76669121e-01  1.61420476e-01  1.45658336e-01
   1.29496686e-01  1.13065443e-01  9.65162317e-02  8.00302040e-02
   6.38286157e-02  4.81870577e-02  3.34544984e-02  2.00785528e-02
   8.63863092e-03 -1.11297440e-04 -5.18885395e-03 -5.31789027e-03
   1.14633535e-03  1.62944337e-02  4.27268072e-02  8.35745401e-02
   1.42428837e-01  2.23111471e-01  3.29212274e-01  4.63350416e-01
   6.26212916e-01  8.15591656e-01  1.02581469e+00  1.24800000e+00
   1.47131031e+00  1.68490834e+00  1.87991208e+00  2.05064958e+00
   2.19491273e+00  2.31338853e+00  2.40869616e+00  2.48442546e+00
   2.54439819e+00  2.59220557e+00  2.63097866e+00  2.66331789e+00
   2.69131385e+00  2.71661130e+00  2.74048637e+00  2.76392145e+00
   2.78767050e+00  2.81231294e+00  2.83829638e+00  2.86596980e+00
   2.89560877e+00  2.92743456e+00  2.96162831e+00  2.99834166e+00]
 [-8.46862634e-01 -7.80135162e-01 -7.18751182e-01 -6.62569994e-01
  -6.11450881e-01 -5.65253095e-01 -5.23835857e-01 -4.87058343e-01
  -4.54779670e-01 -4.26858885e-01 -4.03154941e-01 -3.83526671e-01
  -3.67832753e-01 -3.55931668e-01 -3.47681644e-01 -3.42940581e-01
  -3.41565964e-01 -3.43414736e-01 -3.48343155e-01 -3.56206591e-01
  -3.66859279e-01 -3.80153994e-01 -3.95941642e-01 -4.14070725e-01
  -4.34386666e-01 -4.56730939e-01 -4.80939951e-01 -5.06843622e-01
  -5.34263557e-01 -5.63010728e-01 -5.92882509e-01 -6.23658906e-01
  -6.55097789e-01 -6.86928862e-01 -7.18846086e-01 -7.50498222e-01
  -7.81477131e-01 -8.11303447e-01 -8.39409331e-01 -8.65118145e-01
  -8.87621228e-01 -9.05952583e-01 -9.18963301e-01 -9.25299156e-01
  -9.23387137e-01 -9.11439735e-01 -8.87489318e-01 -8.49468009e-01
  -7.95349244e-01 -7.23362704e-01 -6.32281046e-01 -5.21752511e-01
  -3.92620685e-01 -2.47142269e-01 -8.90047153e-02  7.69232249e-02
   2.45101165e-01  4.09988719e-01  5.66717135e-01  7.11598961e-01
   8.42377496e-01  9.58209153e-01  1.05944569e+00  1.14731446e+00
   1.22358577e+00  1.29028618e+00  1.34948359e+00  1.40314561e+00
   1.45305975e+00  1.50079903e+00  1.54771768e+00  1.59496460e+00
   1.64350578e+00  1.69414990e+00  1.74757358e+00  1.80434467e+00
   1.86494254e+00  1.92977531e+00  1.99919424e+00  2.07350536e+00
   3.61055717e-02  6.94688907e-02  1.00160349e-01  1.28250263e-01
   1.53808953e-01  1.76906741e-01  1.97613953e-01  2.16000918e-01
   2.32137973e-01  2.46095465e-01  2.57943750e-01  2.67753203e-01
   2.75594222e-01  2.81537234e-01  2.85652711e-01  2.88011180e-01
   2.88683250e-01  2.87739637e-01  2.85251205e-01  2.81289021e-01
   2.75924429e-01  2.69229151e-01  2.61275424e-01  2.52136194e-01
   2.41885370e-01  2.30598183e-01  2.18351664e-01  2.05225309e-01
   1.91301976e-01  1.76669121e-01  1.61420476e-01  1.45658336e-01
   1.29496686e-01  1.13065443e-01  9.65162317e-02  8.00302040e-02
   6.38286157e-02  4.81870577e-02  3.34544984e-02  2.00785528e-02
   8.63863092e-03 -1.11297440e-04 -5.18885395e-03 -5.31789027e-03
   1.14633535e-03  1.62944337e-02  4.27268072e-02  8.35745401e-02
   1.42428837e-01  2.23111471e-01  3.29212274e-01  4.63350416e-01
   6.26212916e-01  8.15591656e-01  1.02581469e+00  1.24800000e+00
   1.47131031e+00  1.68490834e+00  1.87991208e+00  2.05064958e+00
   2.19491273e+00  2.31338853e+00  2.40869616e+00  2.48442546e+00
   2.54439819e+00  2.59220557e+00  2.63097866e+00  2.66331789e+00
   2.69131385e+00  2.71661130e+00  2.74048637e+00  2.76392145e+00
   2.78767050e+00  2.81231294e+00  2.83829638e+00  2.86596980e+00
   2.89560877e+00  2.92743456e+00  2.96162831e+00  2.99834166e+00]
 [-8.46862634e-01 -7.80135162e-01 -7.18751182e-01 -6.62569994e-01
  -6.11450881e-01 -5.65253095e-01 -5.23835857e-01 -4.87058343e-01
  -4.54779670e-01 -4.26858885e-01 -4.03154941e-01 -3.83526671e-01
  -3.67832753e-01 -3.55931668e-01 -3.47681644e-01 -3.42940581e-01
  -3.41565964e-01 -3.43414736e-01 -3.48343155e-01 -3.56206591e-01
  -3.66859279e-01 -3.80153994e-01 -3.95941642e-01 -4.14070725e-01
  -4.34386666e-01 -4.56730939e-01 -4.80939951e-01 -5.06843622e-01
  -5.34263557e-01 -5.63010728e-01 -5.92882509e-01 -6.23658906e-01
  -6.55097789e-01 -6.86928862e-01 -7.18846086e-01 -7.50498222e-01
  -7.81477131e-01 -8.11303447e-01 -8.39409331e-01 -8.65118145e-01
  -8.87621228e-01 -9.05952583e-01 -9.18963301e-01 -9.25299156e-01
  -9.23387137e-01 -9.11439735e-01 -8.87489318e-01 -8.49468009e-01
  -7.95349244e-01 -7.23362704e-01 -6.32281046e-01 -5.21752511e-01
  -3.92620685e-01 -2.47142269e-01 -8.90047153e-02  7.69232249e-02
   2.45101165e-01  4.09988719e-01  5.66717135e-01  7.11598961e-01
   8.42377496e-01  9.58209153e-01  1.05944569e+00  1.14731446e+00
   1.22358577e+00  1.29028618e+00  1.34948359e+00  1.40314561e+00
   1.45305975e+00  1.50079903e+00  1.54771768e+00  1.59496460e+00
   1.64350578e+00  1.69414990e+00  1.74757358e+00  1.80434467e+00
   1.86494254e+00  1.92977531e+00  1.99919424e+00  2.07350536e+00
   3.61055717e-02  6.94688907e-02  1.00160349e-01  1.28250263e-01
   1.53808953e-01  1.76906741e-01  1.97613953e-01  2.16000918e-01
   2.32137973e-01  2.46095465e-01  2.57943750e-01  2.67753203e-01
   2.75594222e-01  2.81537234e-01  2.85652711e-01  2.88011180e-01
   2.88683250e-01  2.87739637e-01  2.85251205e-01  2.81289021e-01
   2.75924429e-01  2.69229151e-01  2.61275424e-01  2.52136194e-01
   2.41885370e-01  2.30598183e-01  2.18351664e-01  2.05225309e-01
   1.91301976e-01  1.76669121e-01  1.61420476e-01  1.45658336e-01
   1.29496686e-01  1.13065443e-01  9.65162317e-02  8.00302040e-02
   6.38286157e-02  4.81870577e-02  3.34544984e-02  2.00785528e-02
   8.63863092e-03 -1.11297440e-04 -5.18885395e-03 -5.31789027e-03
   1.14633535e-03  1.62944337e-02  4.27268072e-02  8.35745401e-02
   1.42428837e-01  2.23111471e-01  3.29212274e-01  4.63350416e-01
   6.26212916e-01  8.15591656e-01  1.02581469e+00  1.24800000e+00
   1.47131031e+00  1.68490834e+00  1.87991208e+00  2.05064958e+00
   2.19491273e+00  2.31338853e+00  2.40869616e+00  2.48442546e+00
   2.54439819e+00  2.59220557e+00  2.63097866e+00  2.66331789e+00
   2.69131385e+00  2.71661130e+00  2.74048637e+00  2.76392145e+00
   2.78767050e+00  2.81231294e+00  2.83829638e+00  2.86596980e+00
   2.89560877e+00  2.92743456e+00  2.96162831e+00  2.99834166e+00]
 [-8.46862634e-01 -7.80135162e-01 -7.18751182e-01 -6.62569994e-01
  -6.11450881e-01 -5.65253095e-01 -5.23835857e-01 -4.87058343e-01
  -4.54779670e-01 -4.26858885e-01 -4.03154941e-01 -3.83526671e-01
  -3.67832753e-01 -3.55931668e-01 -3.47681644e-01 -3.42940581e-01
  -3.41565964e-01 -3.43414736e-01 -3.48343155e-01 -3.56206591e-01
  -3.66859279e-01 -3.80153994e-01 -3.95941642e-01 -4.14070725e-01
  -4.34386666e-01 -4.56730939e-01 -4.80939951e-01 -5.06843622e-01
  -5.34263557e-01 -5.63010728e-01 -5.92882509e-01 -6.23658906e-01
  -6.55097789e-01 -6.86928862e-01 -7.18846086e-01 -7.50498222e-01
  -7.81477131e-01 -8.11303447e-01 -8.39409331e-01 -8.65118145e-01
  -8.87621228e-01 -9.05952583e-01 -9.18963301e-01 -9.25299156e-01
  -9.23387137e-01 -9.11439735e-01 -8.87489318e-01 -8.49468009e-01
  -7.95349244e-01 -7.23362704e-01 -6.32281046e-01 -5.21752511e-01
  -3.92620685e-01 -2.47142269e-01 -8.90047153e-02  7.69232249e-02
   2.45101165e-01  4.09988719e-01  5.66717135e-01  7.11598961e-01
   8.42377496e-01  9.58209153e-01  1.05944569e+00  1.14731446e+00
   1.22358577e+00  1.29028618e+00  1.34948359e+00  1.40314561e+00
   1.45305975e+00  1.50079903e+00  1.54771768e+00  1.59496460e+00
   1.64350578e+00  1.69414990e+00  1.74757358e+00  1.80434467e+00
   1.86494254e+00  1.92977531e+00  1.99919424e+00  2.07350536e+00
   3.61055717e-02  6.94688907e-02  1.00160349e-01  1.28250263e-01
   1.53808953e-01  1.76906741e-01  1.97613953e-01  2.16000918e-01
   2.32137973e-01  2.46095465e-01  2.57943750e-01  2.67753203e-01
   2.75594222e-01  2.81537234e-01  2.85652711e-01  2.88011180e-01
   2.88683250e-01  2.87739637e-01  2.85251205e-01  2.81289021e-01
   2.75924429e-01  2.69229151e-01  2.61275424e-01  2.52136194e-01
   2.41885370e-01  2.30598183e-01  2.18351664e-01  2.05225309e-01
   1.91301976e-01  1.76669121e-01  1.61420476e-01  1.45658336e-01
   1.29496686e-01  1.13065443e-01  9.65162317e-02  8.00302040e-02
   6.38286157e-02  4.81870577e-02  3.34544984e-02  2.00785528e-02
   8.63863092e-03 -1.11297440e-04 -5.18885395e-03 -5.31789027e-03
   1.14633535e-03  1.62944337e-02  4.27268072e-02  8.35745401e-02
   1.42428837e-01  2.23111471e-01  3.29212274e-01  4.63350416e-01
   6.26212916e-01  8.15591656e-01  1.02581469e+00  1.24800000e+00
   1.47131031e+00  1.68490834e+00  1.87991208e+00  2.05064958e+00
   2.19491273e+00  2.31338853e+00  2.40869616e+00  2.48442546e+00
   2.54439819e+00  2.59220557e+00  2.63097866e+00  2.66331789e+00
   2.69131385e+00  2.71661130e+00  2.74048637e+00  2.76392145e+00
   2.78767050e+00  2.81231294e+00  2.83829638e+00  2.86596980e+00
   2.89560877e+00  2.92743456e+00  2.96162831e+00  2.99834166e+00]
 [-8.46862634e-01 -7.80135162e-01 -7.18751182e-01 -6.62569994e-01
  -6.11450881e-01 -5.65253095e-01 -5.23835857e-01 -4.87058343e-01
  -4.54779670e-01 -4.26858885e-01 -4.03154941e-01 -3.83526671e-01
  -3.67832753e-01 -3.55931668e-01 -3.47681644e-01 -3.42940581e-01
  -3.41565964e-01 -3.43414736e-01 -3.48343155e-01 -3.56206591e-01
  -3.66859279e-01 -3.80153994e-01 -3.95941642e-01 -4.14070725e-01
  -4.34386666e-01 -4.56730939e-01 -4.80939951e-01 -5.06843622e-01
  -5.34263557e-01 -5.63010728e-01 -5.92882509e-01 -6.23658906e-01
  -6.55097789e-01 -6.86928862e-01 -7.18846086e-01 -7.50498222e-01
  -7.81477131e-01 -8.11303447e-01 -8.39409331e-01 -8.65118145e-01
  -8.87621228e-01 -9.05952583e-01 -9.18963301e-01 -9.25299156e-01
  -9.23387137e-01 -9.11439735e-01 -8.87489318e-01 -8.49468009e-01
  -7.95349244e-01 -7.23362704e-01 -6.32281046e-01 -5.21752511e-01
  -3.92620685e-01 -2.47142269e-01 -8.90047153e-02  7.69232249e-02
   2.45101165e-01  4.09988719e-01  5.66717135e-01  7.11598961e-01
   8.42377496e-01  9.58209153e-01  1.05944569e+00  1.14731446e+00
   1.22358577e+00  1.29028618e+00  1.34948359e+00  1.40314561e+00
   1.45305975e+00  1.50079903e+00  1.54771768e+00  1.59496460e+00
   1.64350578e+00  1.69414990e+00  1.74757358e+00  1.80434467e+00
   1.86494254e+00  1.92977531e+00  1.99919424e+00  2.07350536e+00
   3.61055717e-02  6.94688907e-02  1.00160349e-01  1.28250263e-01
   1.53808953e-01  1.76906741e-01  1.97613953e-01  2.16000918e-01
   2.32137973e-01  2.46095465e-01  2.57943750e-01  2.67753203e-01
   2.75594222e-01  2.81537234e-01  2.85652711e-01  2.88011180e-01
   2.88683250e-01  2.87739637e-01  2.85251205e-01  2.81289021e-01
   2.75924429e-01  2.69229151e-01  2.61275424e-01  2.52136194e-01
   2.41885370e-01  2.30598183e-01  2.18351664e-01  2.05225309e-01
   1.91301976e-01  1.76669121e-01  1.61420476e-01  1.45658336e-01
   1.29496686e-01  1.13065443e-01  9.65162317e-02  8.00302040e-02
   6.38286157e-02  4.81870577e-02  3.34544984e-02  2.00785528e-02
   8.63863092e-03 -1.11297440e-04 -5.18885395e-03 -5.31789027e-03
   1.14633535e-03  1.62944337e-02  4.27268072e-02  8.35745401e-02
   1.42428837e-01  2.23111471e-01  3.29212274e-01  4.63350416e-01
   6.26212916e-01  8.15591656e-01  1.02581469e+00  1.24800000e+00
   1.47131031e+00  1.68490834e+00  1.87991208e+00  2.05064958e+00
   2.19491273e+00  2.31338853e+00  2.40869616e+00  2.48442546e+00
   2.54439819e+00  2.59220557e+00  2.63097866e+00  2.66331789e+00
   2.69131385e+00  2.71661130e+00  2.74048637e+00  2.76392145e+00
   2.78767050e+00  2.81231294e+00  2.83829638e+00  2.86596980e+00
   2.89560877e+00  2.92743456e+00  2.96162831e+00  2.99834166e+00]
 [-8.46862634e-01 -7.80135162e-01 -7.18751182e-01 -6.62569994e-01
  -6.11450881e-01 -5.65253095e-01 -5.23835857e-01 -4.87058343e-01
  -4.54779670e-01 -4.26858885e-01 -4.03154941e-01 -3.83526671e-01
  -3.67832753e-01 -3.55931668e-01 -3.47681644e-01 -3.42940581e-01
  -3.41565964e-01 -3.43414736e-01 -3.48343155e-01 -3.56206591e-01
  -3.66859279e-01 -3.80153994e-01 -3.95941642e-01 -4.14070725e-01
  -4.34386666e-01 -4.56730939e-01 -4.80939951e-01 -5.06843622e-01
  -5.34263557e-01 -5.63010728e-01 -5.92882509e-01 -6.23658906e-01
  -6.55097789e-01 -6.86928862e-01 -7.18846086e-01 -7.50498222e-01
  -7.81477131e-01 -8.11303447e-01 -8.39409331e-01 -8.65118145e-01
  -8.87621228e-01 -9.05952583e-01 -9.18963301e-01 -9.25299156e-01
  -9.23387137e-01 -9.11439735e-01 -8.87489318e-01 -8.49468009e-01
  -7.95349244e-01 -7.23362704e-01 -6.32281046e-01 -5.21752511e-01
  -3.92620685e-01 -2.47142269e-01 -8.90047153e-02  7.69232249e-02
   2.45101165e-01  4.09988719e-01  5.66717135e-01  7.11598961e-01
   8.42377496e-01  9.58209153e-01  1.05944569e+00  1.14731446e+00
   1.22358577e+00  1.29028618e+00  1.34948359e+00  1.40314561e+00
   1.45305975e+00  1.50079903e+00  1.54771768e+00  1.59496460e+00
   1.64350578e+00  1.69414990e+00  1.74757358e+00  1.80434467e+00
   1.86494254e+00  1.92977531e+00  1.99919424e+00  2.07350536e+00
   3.61055717e-02  6.94688907e-02  1.00160349e-01  1.28250263e-01
   1.53808953e-01  1.76906741e-01  1.97613953e-01  2.16000918e-01
   2.32137973e-01  2.46095465e-01  2.57943750e-01  2.67753203e-01
   2.75594222e-01  2.81537234e-01  2.85652711e-01  2.88011180e-01
   2.88683250e-01  2.87739637e-01  2.85251205e-01  2.81289021e-01
   2.75924429e-01  2.69229151e-01  2.61275424e-01  2.52136194e-01
   2.41885370e-01  2.30598183e-01  2.18351664e-01  2.05225309e-01
   1.91301976e-01  1.76669121e-01  1.61420476e-01  1.45658336e-01
   1.29496686e-01  1.13065443e-01  9.65162317e-02  8.00302040e-02
   6.38286157e-02  4.81870577e-02  3.34544984e-02  2.00785528e-02
   8.63863092e-03 -1.11297440e-04 -5.18885395e-03 -5.31789027e-03
   1.14633535e-03  1.62944337e-02  4.27268072e-02  8.35745401e-02
   1.42428837e-01  2.23111471e-01  3.29212274e-01  4.63350416e-01
   6.26212916e-01  8.15591656e-01  1.02581469e+00  1.24800000e+00
   1.47131031e+00  1.68490834e+00  1.87991208e+00  2.05064958e+00
   2.19491273e+00  2.31338853e+00  2.40869616e+00  2.48442546e+00
   2.54439819e+00  2.59220557e+00  2.63097866e+00  2.66331789e+00
   2.69131385e+00  2.71661130e+00  2.74048637e+00  2.76392145e+00
   2.78767050e+00  2.81231294e+00  2.83829638e+00  2.86596980e+00
   2.89560877e+00  2.92743456e+00  2.96162831e+00  2.99834166e+00]
 [-8.46862634e-01 -7.80135162e-01 -7.18751182e-01 -6.62569994e-01
  -6.11450881e-01 -5.65253095e-01 -5.23835857e-01 -4.87058343e-01
  -4.54779670e-01 -4.26858885e-01 -4.03154941e-01 -3.83526671e-01
  -3.67832753e-01 -3.55931668e-01 -3.47681644e-01 -3.42940581e-01
  -3.41565964e-01 -3.43414736e-01 -3.48343155e-01 -3.56206591e-01
  -3.66859279e-01 -3.80153994e-01 -3.95941642e-01 -4.14070725e-01
  -4.34386666e-01 -4.56730939e-01 -4.80939951e-01 -5.06843622e-01
  -5.34263557e-01 -5.63010728e-01 -5.92882509e-01 -6.23658906e-01
  -6.55097789e-01 -6.86928862e-01 -7.18846086e-01 -7.50498222e-01
  -7.81477131e-01 -8.11303447e-01 -8.39409331e-01 -8.65118145e-01
  -8.87621228e-01 -9.05952583e-01 -9.18963301e-01 -9.25299156e-01
  -9.23387137e-01 -9.11439735e-01 -8.87489318e-01 -8.49468009e-01
  -7.95349244e-01 -7.23362704e-01 -6.32281046e-01 -5.21752511e-01
  -3.92620685e-01 -2.47142269e-01 -8.90047153e-02  7.69232249e-02
   2.45101165e-01  4.09988719e-01  5.66717135e-01  7.11598961e-01
   8.42377496e-01  9.58209153e-01  1.05944569e+00  1.14731446e+00
   1.22358577e+00  1.29028618e+00  1.34948359e+00  1.40314561e+00
   1.45305975e+00  1.50079903e+00  1.54771768e+00  1.59496460e+00
   1.64350578e+00  1.69414990e+00  1.74757358e+00  1.80434467e+00
   1.86494254e+00  1.92977531e+00  1.99919424e+00  2.07350536e+00
   3.61055717e-02  6.94688907e-02  1.00160349e-01  1.28250263e-01
   1.53808953e-01  1.76906741e-01  1.97613953e-01  2.16000918e-01
   2.32137973e-01  2.46095465e-01  2.57943750e-01  2.67753203e-01
   2.75594222e-01  2.81537234e-01  2.85652711e-01  2.88011180e-01
   2.88683250e-01  2.87739637e-01  2.85251205e-01  2.81289021e-01
   2.75924429e-01  2.69229151e-01  2.61275424e-01  2.52136194e-01
   2.41885370e-01  2.30598183e-01  2.18351664e-01  2.05225309e-01
   1.91301976e-01  1.76669121e-01  1.61420476e-01  1.45658336e-01
   1.29496686e-01  1.13065443e-01  9.65162317e-02  8.00302040e-02
   6.38286157e-02  4.81870577e-02  3.34544984e-02  2.00785528e-02
   8.63863092e-03 -1.11297440e-04 -5.18885395e-03 -5.31789027e-03
   1.14633535e-03  1.62944337e-02  4.27268072e-02  8.35745401e-02
   1.42428837e-01  2.23111471e-01  3.29212274e-01  4.63350416e-01
   6.26212916e-01  8.15591656e-01  1.02581469e+00  1.24800000e+00
   1.47131031e+00  1.68490834e+00  1.87991208e+00  2.05064958e+00
   2.19491273e+00  2.31338853e+00  2.40869616e+00  2.48442546e+00
   2.54439819e+00  2.59220557e+00  2.63097866e+00  2.66331789e+00
   2.69131385e+00  2.71661130e+00  2.74048637e+00  2.76392145e+00
   2.78767050e+00  2.81231294e+00  2.83829638e+00  2.86596980e+00
   2.89560877e+00  2.92743456e+00  2.96162831e+00  2.99834166e+00]
 [-8.46862634e-01 -7.80135162e-01 -7.18751182e-01 -6.62569994e-01
  -6.11450881e-01 -5.65253095e-01 -5.23835857e-01 -4.87058343e-01
  -4.54779670e-01 -4.26858885e-01 -4.03154941e-01 -3.83526671e-01
  -3.67832753e-01 -3.55931668e-01 -3.47681644e-01 -3.42940581e-01
  -3.41565964e-01 -3.43414736e-01 -3.48343155e-01 -3.56206591e-01
  -3.66859279e-01 -3.80153994e-01 -3.95941642e-01 -4.14070725e-01
  -4.34386666e-01 -4.56730939e-01 -4.80939951e-01 -5.06843622e-01
  -5.34263557e-01 -5.63010728e-01 -5.92882509e-01 -6.23658906e-01
  -6.55097789e-01 -6.86928862e-01 -7.18846086e-01 -7.50498222e-01
  -7.81477131e-01 -8.11303447e-01 -8.39409331e-01 -8.65118145e-01
  -8.87621228e-01 -9.05952583e-01 -9.18963301e-01 -9.25299156e-01
  -9.23387137e-01 -9.11439735e-01 -8.87489318e-01 -8.49468009e-01
  -7.95349244e-01 -7.23362704e-01 -6.32281046e-01 -5.21752511e-01
  -3.92620685e-01 -2.47142269e-01 -8.90047153e-02  7.69232249e-02
   2.45101165e-01  4.09988719e-01  5.66717135e-01  7.11598961e-01
   8.42377496e-01  9.58209153e-01  1.05944569e+00  1.14731446e+00
   1.22358577e+00  1.29028618e+00  1.34948359e+00  1.40314561e+00
   1.45305975e+00  1.50079903e+00  1.54771768e+00  1.59496460e+00
   1.64350578e+00  1.69414990e+00  1.74757358e+00  1.80434467e+00
   1.86494254e+00  1.92977531e+00  1.99919424e+00  2.07350536e+00
   3.61055717e-02  6.94688907e-02  1.00160349e-01  1.28250263e-01
   1.53808953e-01  1.76906741e-01  1.97613953e-01  2.16000918e-01
   2.32137973e-01  2.46095465e-01  2.57943750e-01  2.67753203e-01
   2.75594222e-01  2.81537234e-01  2.85652711e-01  2.88011180e-01
   2.88683250e-01  2.87739637e-01  2.85251205e-01  2.81289021e-01
   2.75924429e-01  2.69229151e-01  2.61275424e-01  2.52136194e-01
   2.41885370e-01  2.30598183e-01  2.18351664e-01  2.05225309e-01
   1.91301976e-01  1.76669121e-01  1.61420476e-01  1.45658336e-01
   1.29496686e-01  1.13065443e-01  9.65162317e-02  8.00302040e-02
   6.38286157e-02  4.81870577e-02  3.34544984e-02  2.00785528e-02
   8.63863092e-03 -1.11297440e-04 -5.18885395e-03 -5.31789027e-03
   1.14633535e-03  1.62944337e-02  4.27268072e-02  8.35745401e-02
   1.42428837e-01  2.23111471e-01  3.29212274e-01  4.63350416e-01
   6.26212916e-01  8.15591656e-01  1.02581469e+00  1.24800000e+00
   1.47131031e+00  1.68490834e+00  1.87991208e+00  2.05064958e+00
   2.19491273e+00  2.31338853e+00  2.40869616e+00  2.48442546e+00
   2.54439819e+00  2.59220557e+00  2.63097866e+00  2.66331789e+00
   2.69131385e+00  2.71661130e+00  2.74048637e+00  2.76392145e+00
   2.78767050e+00  2.81231294e+00  2.83829638e+00  2.86596980e+00
   2.89560877e+00  2.92743456e+00  2.96162831e+00  2.99834166e+00]
 [-8.46862634e-01 -7.80135162e-01 -7.18751182e-01 -6.62569994e-01
  -6.11450881e-01 -5.65253095e-01 -5.23835857e-01 -4.87058343e-01
  -4.54779670e-01 -4.26858885e-01 -4.03154941e-01 -3.83526671e-01
  -3.67832753e-01 -3.55931668e-01 -3.47681644e-01 -3.42940581e-01
  -3.41565964e-01 -3.43414736e-01 -3.48343155e-01 -3.56206591e-01
  -3.66859279e-01 -3.80153994e-01 -3.95941642e-01 -4.14070725e-01
  -4.34386666e-01 -4.56730939e-01 -4.80939951e-01 -5.06843622e-01
  -5.34263557e-01 -5.63010728e-01 -5.92882509e-01 -6.23658906e-01
  -6.55097789e-01 -6.86928862e-01 -7.18846086e-01 -7.50498222e-01
  -7.81477131e-01 -8.11303447e-01 -8.39409331e-01 -8.65118145e-01
  -8.87621228e-01 -9.05952583e-01 -9.18963301e-01 -9.25299156e-01
  -9.23387137e-01 -9.11439735e-01 -8.87489318e-01 -8.49468009e-01
  -7.95349244e-01 -7.23362704e-01 -6.32281046e-01 -5.21752511e-01
  -3.92620685e-01 -2.47142269e-01 -8.90047153e-02  7.69232249e-02
   2.45101165e-01  4.09988719e-01  5.66717135e-01  7.11598961e-01
   8.42377496e-01  9.58209153e-01  1.05944569e+00  1.14731446e+00
   1.22358577e+00  1.29028618e+00  1.34948359e+00  1.40314561e+00
   1.45305975e+00  1.50079903e+00  1.54771768e+00  1.59496460e+00
   1.64350578e+00  1.69414990e+00  1.74757358e+00  1.80434467e+00
   1.86494254e+00  1.92977531e+00  1.99919424e+00  2.07350536e+00
   3.61055717e-02  6.94688907e-02  1.00160349e-01  1.28250263e-01
   1.53808953e-01  1.76906741e-01  1.97613953e-01  2.16000918e-01
   2.32137973e-01  2.46095465e-01  2.57943750e-01  2.67753203e-01
   2.75594222e-01  2.81537234e-01  2.85652711e-01  2.88011180e-01
   2.88683250e-01  2.87739637e-01  2.85251205e-01  2.81289021e-01
   2.75924429e-01  2.69229151e-01  2.61275424e-01  2.52136194e-01
   2.41885370e-01  2.30598183e-01  2.18351664e-01  2.05225309e-01
   1.91301976e-01  1.76669121e-01  1.61420476e-01  1.45658336e-01
   1.29496686e-01  1.13065443e-01  9.65162317e-02  8.00302040e-02
   6.38286157e-02  4.81870577e-02  3.34544984e-02  2.00785528e-02
   8.63863092e-03 -1.11297440e-04 -5.18885395e-03 -5.31789027e-03
   1.14633535e-03  1.62944337e-02  4.27268072e-02  8.35745401e-02
   1.42428837e-01  2.23111471e-01  3.29212274e-01  4.63350416e-01
   6.26212916e-01  8.15591656e-01  1.02581469e+00  1.24800000e+00
   1.47131031e+00  1.68490834e+00  1.87991208e+00  2.05064958e+00
   2.19491273e+00  2.31338853e+00  2.40869616e+00  2.48442546e+00
   2.54439819e+00  2.59220557e+00  2.63097866e+00  2.66331789e+00
   2.69131385e+00  2.71661130e+00  2.74048637e+00  2.76392145e+00
   2.78767050e+00  2.81231294e+00  2.83829638e+00  2.86596980e+00
   2.89560877e+00  2.92743456e+00  2.96162831e+00  2.99834166e+00]
 [-2.07233989e+00 -1.93341910e+00 -1.80171516e+00 -1.67708689e+00
  -1.55939297e+00 -1.44849189e+00 -1.34424186e+00 -1.24650080e+00
  -1.15512618e+00 -1.06997495e+00 -9.90903373e-01 -9.17766809e-01
  -8.50419497e-01 -7.88714212e-01 -7.32501860e-01 -6.81630943e-01
  -6.35946884e-01 -5.95291157e-01 -5.59500169e-01 -5.28403840e-01
  -5.01823775e-01 -4.79570946e-01 -4.61442727e-01 -4.47219124e-01
  -4.36658007e-01 -4.29489080e-01 -4.25406304e-01 -4.24058440e-01
  -4.25037349e-01 -4.27863665e-01 -4.31969550e-01 -4.36678363e-01
  -4.41181446e-01 -4.44512801e-01 -4.45523519e-01 -4.42859374e-01
  -4.34947355e-01 -4.19999953e-01 -3.96049536e-01 -3.61028227e-01
  -3.12909462e-01 -2.49922922e-01 -1.70841264e-01 -7.53127290e-02
   3.58190968e-02  1.60297513e-01  2.94435067e-01  4.33363007e-01
   5.71540947e-01  7.03428500e-01  8.24156917e-01  9.30038743e-01
   1.01881728e+00  1.08964894e+00  1.14288548e+00  1.17975424e+00
   1.20202555e+00  1.21172597e+00  1.21092337e+00  1.20158539e+00
   1.18549953e+00  1.16423881e+00  1.13915746e+00  1.11140438e+00
   1.08194556e+00  1.05158968e+00  1.02101336e+00  9.90784454e-01
   9.61382317e-01  9.33215094e-01  9.06634021e-01  8.81945137e-01
   8.59418740e-01  8.39296960e-01  8.21799789e-01  8.07129853e-01
   7.95476183e-01  7.87017171e-01  7.81922898e-01  7.80356956e-01
   3.02993300e-02  5.06392068e-02  7.09540203e-02  9.13285528e-02
   1.11863332e-01  1.32677365e-01  1.53911258e-01  1.75730751e-01
   1.98330664e-01  2.21939228e-01  2.46822735e-01  2.73290360e-01
   3.01698957e-01  3.32457453e-01  3.66030378e-01  4.02939798e-01
   4.43764758e-01  4.89137040e-01  5.39731836e-01  5.96251755e-01
   6.59402574e-01  7.29859406e-01  8.08222630e-01  8.94964109e-01
   9.90366041e-01  1.09445701e+00  1.20695232e+00  1.32720764e+00
   1.45419596e+00  1.58651663e+00  1.72244181e+00  1.86000000e+00
   1.99708944e+00  2.13160837e+00  2.26158529e+00  2.38529236e+00
   2.50132893e+00  2.60866799e+00  2.70666521e+00  2.79503589e+00
   2.87380862e+00  2.94326559e+00  3.00387868e+00  3.05624824e+00
   3.10104941e+00  3.13898796e+00  3.17076649e+00  3.19706020e+00
   3.21850087e+00  3.23566755e+00  3.24908229e+00  3.25920964e+00
   3.26645852e+00  3.27118577e+00  3.27370059e+00  3.27426925e+00
   3.27311999e+00  3.27044763e+00  3.26641792e+00  3.26117145e+00
   3.25482723e+00  3.24748579e+00  3.23923192e+00  3.23013702e+00
   3.22026115e+00  3.20965482e+00  3.19836042e+00  3.18641354e+00
   3.17384403e+00  3.16067692e+00  3.14693319e+00  3.13263040e+00
   3.11778328e+00  3.10240416e+00  3.08650336e+00  3.07008952e+00
   3.05316986e+00  3.03575045e+00  3.01783634e+00  2.99943178e+00]
 [-2.07233989e+00 -1.93341910e+00 -1.80171516e+00 -1.67708689e+00
  -1.55939297e+00 -1.44849189e+00 -1.34424186e+00 -1.24650080e+00
  -1.15512618e+00 -1.06997495e+00 -9.90903373e-01 -9.17766809e-01
  -8.50419497e-01 -7.88714212e-01 -7.32501860e-01 -6.81630943e-01
  -6.35946884e-01 -5.95291157e-01 -5.59500169e-01 -5.28403840e-01
  -5.01823775e-01 -4.79570946e-01 -4.61442727e-01 -4.47219124e-01
  -4.36658007e-01 -4.29489080e-01 -4.25406304e-01 -4.24058440e-01
  -4.25037349e-01 -4.27863665e-01 -4.31969550e-01 -4.36678363e-01
  -4.41181446e-01 -4.44512801e-01 -4.45523519e-01 -4.42859374e-01
  -4.34947355e-01 -4.19999953e-01 -3.96049536e-01 -3.61028227e-01
  -3.12909462e-01 -2.49922922e-01 -1.70841264e-01 -7.53127290e-02
   3.58190968e-02  1.60297513e-01  2.94435067e-01  4.33363007e-01
   5.71540947e-01  7.03428500e-01  8.24156917e-01  9.30038743e-01
   1.01881728e+00  1.08964894e+00  1.14288548e+00  1.17975424e+00
   1.20202555e+00  1.21172597e+00  1.21092337e+00  1.20158539e+00
   1.18549953e+00  1.16423881e+00  1.13915746e+00  1.11140438e+00
   1.08194556e+00  1.05158968e+00  1.02101336e+00  9.90784454e-01
   9.61382317e-01  9.33215094e-01  9.06634021e-01  8.81945137e-01
   8.59418740e-01  8.39296960e-01  8.21799789e-01  8.07129853e-01
   7.95476183e-01  7.87017171e-01  7.81922898e-01  7.80356956e-01
   3.02993300e-02  5.06392068e-02  7.09540203e-02  9.13285528e-02
   1.11863332e-01  1.32677365e-01  1.53911258e-01  1.75730751e-01
   1.98330664e-01  2.21939228e-01  2.46822735e-01  2.73290360e-01
   3.01698957e-01  3.32457453e-01  3.66030378e-01  4.02939798e-01
   4.43764758e-01  4.89137040e-01  5.39731836e-01  5.96251755e-01
   6.59402574e-01  7.29859406e-01  8.08222630e-01  8.94964109e-01
   9.90366041e-01  1.09445701e+00  1.20695232e+00  1.32720764e+00
   1.45419596e+00  1.58651663e+00  1.72244181e+00  1.86000000e+00
   1.99708944e+00  2.13160837e+00  2.26158529e+00  2.38529236e+00
   2.50132893e+00  2.60866799e+00  2.70666521e+00  2.79503589e+00
   2.87380862e+00  2.94326559e+00  3.00387868e+00  3.05624824e+00
   3.10104941e+00  3.13898796e+00  3.17076649e+00  3.19706020e+00
   3.21850087e+00  3.23566755e+00  3.24908229e+00  3.25920964e+00
   3.26645852e+00  3.27118577e+00  3.27370059e+00  3.27426925e+00
   3.27311999e+00  3.27044763e+00  3.26641792e+00  3.26117145e+00
   3.25482723e+00  3.24748579e+00  3.23923192e+00  3.23013702e+00
   3.22026115e+00  3.20965482e+00  3.19836042e+00  3.18641354e+00
   3.17384403e+00  3.16067692e+00  3.14693319e+00  3.13263040e+00
   3.11778328e+00  3.10240416e+00  3.08650336e+00  3.07008952e+00
   3.05316986e+00  3.03575045e+00  3.01783634e+00  2.99943178e+00]
 [-2.07233989e+00 -1.93341910e+00 -1.80171516e+00 -1.67708689e+00
  -1.55939297e+00 -1.44849189e+00 -1.34424186e+00 -1.24650080e+00
  -1.15512618e+00 -1.06997495e+00 -9.90903373e-01 -9.17766809e-01
  -8.50419497e-01 -7.88714212e-01 -7.32501860e-01 -6.81630943e-01
  -6.35946884e-01 -5.95291157e-01 -5.59500169e-01 -5.28403840e-01
  -5.01823775e-01 -4.79570946e-01 -4.61442727e-01 -4.47219124e-01
  -4.36658007e-01 -4.29489080e-01 -4.25406304e-01 -4.24058440e-01
  -4.25037349e-01 -4.27863665e-01 -4.31969550e-01 -4.36678363e-01
  -4.41181446e-01 -4.44512801e-01 -4.45523519e-01 -4.42859374e-01
  -4.34947355e-01 -4.19999953e-01 -3.96049536e-01 -3.61028227e-01
  -3.12909462e-01 -2.49922922e-01 -1.70841264e-01 -7.53127290e-02
   3.58190968e-02  1.60297513e-01  2.94435067e-01  4.33363007e-01
   5.71540947e-01  7.03428500e-01  8.24156917e-01  9.30038743e-01
   1.01881728e+00  1.08964894e+00  1.14288548e+00  1.17975424e+00
   1.20202555e+00  1.21172597e+00  1.21092337e+00  1.20158539e+00
   1.18549953e+00  1.16423881e+00  1.13915746e+00  1.11140438e+00
   1.08194556e+00  1.05158968e+00  1.02101336e+00  9.90784454e-01
   9.61382317e-01  9.33215094e-01  9.06634021e-01  8.81945137e-01
   8.59418740e-01  8.39296960e-01  8.21799789e-01  8.07129853e-01
   7.95476183e-01  7.87017171e-01  7.81922898e-01  7.80356956e-01
   3.02993300e-02  5.06392068e-02  7.09540203e-02  9.13285528e-02
   1.11863332e-01  1.32677365e-01  1.53911258e-01  1.75730751e-01
   1.98330664e-01  2.21939228e-01  2.46822735e-01  2.73290360e-01
   3.01698957e-01  3.32457453e-01  3.66030378e-01  4.02939798e-01
   4.43764758e-01  4.89137040e-01  5.39731836e-01  5.96251755e-01
   6.59402574e-01  7.29859406e-01  8.08222630e-01  8.94964109e-01
   9.90366041e-01  1.09445701e+00  1.20695232e+00  1.32720764e+00
   1.45419596e+00  1.58651663e+00  1.72244181e+00  1.86000000e+00
   1.99708944e+00  2.13160837e+00  2.26158529e+00  2.38529236e+00
   2.50132893e+00  2.60866799e+00  2.70666521e+00  2.79503589e+00
   2.87380862e+00  2.94326559e+00  3.00387868e+00  3.05624824e+00
   3.10104941e+00  3.13898796e+00  3.17076649e+00  3.19706020e+00
   3.21850087e+00  3.23566755e+00  3.24908229e+00  3.25920964e+00
   3.26645852e+00  3.27118577e+00  3.27370059e+00  3.27426925e+00
   3.27311999e+00  3.27044763e+00  3.26641792e+00  3.26117145e+00
   3.25482723e+00  3.24748579e+00  3.23923192e+00  3.23013702e+00
   3.22026115e+00  3.20965482e+00  3.19836042e+00  3.18641354e+00
   3.17384403e+00  3.16067692e+00  3.14693319e+00  3.13263040e+00
   3.11778328e+00  3.10240416e+00  3.08650336e+00  3.07008952e+00
   3.05316986e+00  3.03575045e+00  3.01783634e+00  2.99943178e+00]
 [-2.07233989e+00 -1.93341910e+00 -1.80171516e+00 -1.67708689e+00
  -1.55939297e+00 -1.44849189e+00 -1.34424186e+00 -1.24650080e+00
  -1.15512618e+00 -1.06997495e+00 -9.90903373e-01 -9.17766809e-01
  -8.50419497e-01 -7.88714212e-01 -7.32501860e-01 -6.81630943e-01
  -6.35946884e-01 -5.95291157e-01 -5.59500169e-01 -5.28403840e-01
  -5.01823775e-01 -4.79570946e-01 -4.61442727e-01 -4.47219124e-01
  -4.36658007e-01 -4.29489080e-01 -4.25406304e-01 -4.24058440e-01
  -4.25037349e-01 -4.27863665e-01 -4.31969550e-01 -4.36678363e-01
  -4.41181446e-01 -4.44512801e-01 -4.45523519e-01 -4.42859374e-01
  -4.34947355e-01 -4.19999953e-01 -3.96049536e-01 -3.61028227e-01
  -3.12909462e-01 -2.49922922e-01 -1.70841264e-01 -7.53127290e-02
   3.58190968e-02  1.60297513e-01  2.94435067e-01  4.33363007e-01
   5.71540947e-01  7.03428500e-01  8.24156917e-01  9.30038743e-01
   1.01881728e+00  1.08964894e+00  1.14288548e+00  1.17975424e+00
   1.20202555e+00  1.21172597e+00  1.21092337e+00  1.20158539e+00
   1.18549953e+00  1.16423881e+00  1.13915746e+00  1.11140438e+00
   1.08194556e+00  1.05158968e+00  1.02101336e+00  9.90784454e-01
   9.61382317e-01  9.33215094e-01  9.06634021e-01  8.81945137e-01
   8.59418740e-01  8.39296960e-01  8.21799789e-01  8.07129853e-01
   7.95476183e-01  7.87017171e-01  7.81922898e-01  7.80356956e-01
   3.02993300e-02  5.06392068e-02  7.09540203e-02  9.13285528e-02
   1.11863332e-01  1.32677365e-01  1.53911258e-01  1.75730751e-01
   1.98330664e-01  2.21939228e-01  2.46822735e-01  2.73290360e-01
   3.01698957e-01  3.32457453e-01  3.66030378e-01  4.02939798e-01
   4.43764758e-01  4.89137040e-01  5.39731836e-01  5.96251755e-01
   6.59402574e-01  7.29859406e-01  8.08222630e-01  8.94964109e-01
   9.90366041e-01  1.09445701e+00  1.20695232e+00  1.32720764e+00
   1.45419596e+00  1.58651663e+00  1.72244181e+00  1.86000000e+00
   1.99708944e+00  2.13160837e+00  2.26158529e+00  2.38529236e+00
   2.50132893e+00  2.60866799e+00  2.70666521e+00  2.79503589e+00
   2.87380862e+00  2.94326559e+00  3.00387868e+00  3.05624824e+00
   3.10104941e+00  3.13898796e+00  3.17076649e+00  3.19706020e+00
   3.21850087e+00  3.23566755e+00  3.24908229e+00  3.25920964e+00
   3.26645852e+00  3.27118577e+00  3.27370059e+00  3.27426925e+00
   3.27311999e+00  3.27044763e+00  3.26641792e+00  3.26117145e+00
   3.25482723e+00  3.24748579e+00  3.23923192e+00  3.23013702e+00
   3.22026115e+00  3.20965482e+00  3.19836042e+00  3.18641354e+00
   3.17384403e+00  3.16067692e+00  3.14693319e+00  3.13263040e+00
   3.11778328e+00  3.10240416e+00  3.08650336e+00  3.07008952e+00
   3.05316986e+00  3.03575045e+00  3.01783634e+00  2.99943178e+00]
 [-2.07233989e+00 -1.93341910e+00 -1.80171516e+00 -1.67708689e+00
  -1.55939297e+00 -1.44849189e+00 -1.34424186e+00 -1.24650080e+00
  -1.15512618e+00 -1.06997495e+00 -9.90903373e-01 -9.17766809e-01
  -8.50419497e-01 -7.88714212e-01 -7.32501860e-01 -6.81630943e-01
  -6.35946884e-01 -5.95291157e-01 -5.59500169e-01 -5.28403840e-01
  -5.01823775e-01 -4.79570946e-01 -4.61442727e-01 -4.47219124e-01
  -4.36658007e-01 -4.29489080e-01 -4.25406304e-01 -4.24058440e-01
  -4.25037349e-01 -4.27863665e-01 -4.31969550e-01 -4.36678363e-01
  -4.41181446e-01 -4.44512801e-01 -4.45523519e-01 -4.42859374e-01
  -4.34947355e-01 -4.19999953e-01 -3.96049536e-01 -3.61028227e-01
  -3.12909462e-01 -2.49922922e-01 -1.70841264e-01 -7.53127290e-02
   3.58190968e-02  1.60297513e-01  2.94435067e-01  4.33363007e-01
   5.71540947e-01  7.03428500e-01  8.24156917e-01  9.30038743e-01
   1.01881728e+00  1.08964894e+00  1.14288548e+00  1.17975424e+00
   1.20202555e+00  1.21172597e+00  1.21092337e+00  1.20158539e+00
   1.18549953e+00  1.16423881e+00  1.13915746e+00  1.11140438e+00
   1.08194556e+00  1.05158968e+00  1.02101336e+00  9.90784454e-01
   9.61382317e-01  9.33215094e-01  9.06634021e-01  8.81945137e-01
   8.59418740e-01  8.39296960e-01  8.21799789e-01  8.07129853e-01
   7.95476183e-01  7.87017171e-01  7.81922898e-01  7.80356956e-01
   3.02993300e-02  5.06392068e-02  7.09540203e-02  9.13285528e-02
   1.11863332e-01  1.32677365e-01  1.53911258e-01  1.75730751e-01
   1.98330664e-01  2.21939228e-01  2.46822735e-01  2.73290360e-01
   3.01698957e-01  3.32457453e-01  3.66030378e-01  4.02939798e-01
   4.43764758e-01  4.89137040e-01  5.39731836e-01  5.96251755e-01
   6.59402574e-01  7.29859406e-01  8.08222630e-01  8.94964109e-01
   9.90366041e-01  1.09445701e+00  1.20695232e+00  1.32720764e+00
   1.45419596e+00  1.58651663e+00  1.72244181e+00  1.86000000e+00
   1.99708944e+00  2.13160837e+00  2.26158529e+00  2.38529236e+00
   2.50132893e+00  2.60866799e+00  2.70666521e+00  2.79503589e+00
   2.87380862e+00  2.94326559e+00  3.00387868e+00  3.05624824e+00
   3.10104941e+00  3.13898796e+00  3.17076649e+00  3.19706020e+00
   3.21850087e+00  3.23566755e+00  3.24908229e+00  3.25920964e+00
   3.26645852e+00  3.27118577e+00  3.27370059e+00  3.27426925e+00
   3.27311999e+00  3.27044763e+00  3.26641792e+00  3.26117145e+00
   3.25482723e+00  3.24748579e+00  3.23923192e+00  3.23013702e+00
   3.22026115e+00  3.20965482e+00  3.19836042e+00  3.18641354e+00
   3.17384403e+00  3.16067692e+00  3.14693319e+00  3.13263040e+00
   3.11778328e+00  3.10240416e+00  3.08650336e+00  3.07008952e+00
   3.05316986e+00  3.03575045e+00  3.01783634e+00  2.99943178e+00]
 [-2.07233989e+00 -1.93341910e+00 -1.80171516e+00 -1.67708689e+00
  -1.55939297e+00 -1.44849189e+00 -1.34424186e+00 -1.24650080e+00
  -1.15512618e+00 -1.06997495e+00 -9.90903373e-01 -9.17766809e-01
  -8.50419497e-01 -7.88714212e-01 -7.32501860e-01 -6.81630943e-01
  -6.35946884e-01 -5.95291157e-01 -5.59500169e-01 -5.28403840e-01
  -5.01823775e-01 -4.79570946e-01 -4.61442727e-01 -4.47219124e-01
  -4.36658007e-01 -4.29489080e-01 -4.25406304e-01 -4.24058440e-01
  -4.25037349e-01 -4.27863665e-01 -4.31969550e-01 -4.36678363e-01
  -4.41181446e-01 -4.44512801e-01 -4.45523519e-01 -4.42859374e-01
  -4.34947355e-01 -4.19999953e-01 -3.96049536e-01 -3.61028227e-01
  -3.12909462e-01 -2.49922922e-01 -1.70841264e-01 -7.53127290e-02
   3.58190968e-02  1.60297513e-01  2.94435067e-01  4.33363007e-01
   5.71540947e-01  7.03428500e-01  8.24156917e-01  9.30038743e-01
   1.01881728e+00  1.08964894e+00  1.14288548e+00  1.17975424e+00
   1.20202555e+00  1.21172597e+00  1.21092337e+00  1.20158539e+00
   1.18549953e+00  1.16423881e+00  1.13915746e+00  1.11140438e+00
   1.08194556e+00  1.05158968e+00  1.02101336e+00  9.90784454e-01
   9.61382317e-01  9.33215094e-01  9.06634021e-01  8.81945137e-01
   8.59418740e-01  8.39296960e-01  8.21799789e-01  8.07129853e-01
   7.95476183e-01  7.87017171e-01  7.81922898e-01  7.80356956e-01
   3.02993300e-02  5.06392068e-02  7.09540203e-02  9.13285528e-02
   1.11863332e-01  1.32677365e-01  1.53911258e-01  1.75730751e-01
   1.98330664e-01  2.21939228e-01  2.46822735e-01  2.73290360e-01
   3.01698957e-01  3.32457453e-01  3.66030378e-01  4.02939798e-01
   4.43764758e-01  4.89137040e-01  5.39731836e-01  5.96251755e-01
   6.59402574e-01  7.29859406e-01  8.08222630e-01  8.94964109e-01
   9.90366041e-01  1.09445701e+00  1.20695232e+00  1.32720764e+00
   1.45419596e+00  1.58651663e+00  1.72244181e+00  1.86000000e+00
   1.99708944e+00  2.13160837e+00  2.26158529e+00  2.38529236e+00
   2.50132893e+00  2.60866799e+00  2.70666521e+00  2.79503589e+00
   2.87380862e+00  2.94326559e+00  3.00387868e+00  3.05624824e+00
   3.10104941e+00  3.13898796e+00  3.17076649e+00  3.19706020e+00
   3.21850087e+00  3.23566755e+00  3.24908229e+00  3.25920964e+00
   3.26645852e+00  3.27118577e+00  3.27370059e+00  3.27426925e+00
   3.27311999e+00  3.27044763e+00  3.26641792e+00  3.26117145e+00
   3.25482723e+00  3.24748579e+00  3.23923192e+00  3.23013702e+00
   3.22026115e+00  3.20965482e+00  3.19836042e+00  3.18641354e+00
   3.17384403e+00  3.16067692e+00  3.14693319e+00  3.13263040e+00
   3.11778328e+00  3.10240416e+00  3.08650336e+00  3.07008952e+00
   3.05316986e+00  3.03575045e+00  3.01783634e+00  2.99943178e+00]
 [-2.07233989e+00 -1.93341910e+00 -1.80171516e+00 -1.67708689e+00
  -1.55939297e+00 -1.44849189e+00 -1.34424186e+00 -1.24650080e+00
  -1.15512618e+00 -1.06997495e+00 -9.90903373e-01 -9.17766809e-01
  -8.50419497e-01 -7.88714212e-01 -7.32501860e-01 -6.81630943e-01
  -6.35946884e-01 -5.95291157e-01 -5.59500169e-01 -5.28403840e-01
  -5.01823775e-01 -4.79570946e-01 -4.61442727e-01 -4.47219124e-01
  -4.36658007e-01 -4.29489080e-01 -4.25406304e-01 -4.24058440e-01
  -4.25037349e-01 -4.27863665e-01 -4.31969550e-01 -4.36678363e-01
  -4.41181446e-01 -4.44512801e-01 -4.45523519e-01 -4.42859374e-01
  -4.34947355e-01 -4.19999953e-01 -3.96049536e-01 -3.61028227e-01
  -3.12909462e-01 -2.49922922e-01 -1.70841264e-01 -7.53127290e-02
   3.58190968e-02  1.60297513e-01  2.94435067e-01  4.33363007e-01
   5.71540947e-01  7.03428500e-01  8.24156917e-01  9.30038743e-01
   1.01881728e+00  1.08964894e+00  1.14288548e+00  1.17975424e+00
   1.20202555e+00  1.21172597e+00  1.21092337e+00  1.20158539e+00
   1.18549953e+00  1.16423881e+00  1.13915746e+00  1.11140438e+00
   1.08194556e+00  1.05158968e+00  1.02101336e+00  9.90784454e-01
   9.61382317e-01  9.33215094e-01  9.06634021e-01  8.81945137e-01
   8.59418740e-01  8.39296960e-01  8.21799789e-01  8.07129853e-01
   7.95476183e-01  7.87017171e-01  7.81922898e-01  7.80356956e-01
   3.02993300e-02  5.06392068e-02  7.09540203e-02  9.13285528e-02
   1.11863332e-01  1.32677365e-01  1.53911258e-01  1.75730751e-01
   1.98330664e-01  2.21939228e-01  2.46822735e-01  2.73290360e-01
   3.01698957e-01  3.32457453e-01  3.66030378e-01  4.02939798e-01
   4.43764758e-01  4.89137040e-01  5.39731836e-01  5.96251755e-01
   6.59402574e-01  7.29859406e-01  8.08222630e-01  8.94964109e-01
   9.90366041e-01  1.09445701e+00  1.20695232e+00  1.32720764e+00
   1.45419596e+00  1.58651663e+00  1.72244181e+00  1.86000000e+00
   1.99708944e+00  2.13160837e+00  2.26158529e+00  2.38529236e+00
   2.50132893e+00  2.60866799e+00  2.70666521e+00  2.79503589e+00
   2.87380862e+00  2.94326559e+00  3.00387868e+00  3.05624824e+00
   3.10104941e+00  3.13898796e+00  3.17076649e+00  3.19706020e+00
   3.21850087e+00  3.23566755e+00  3.24908229e+00  3.25920964e+00
   3.26645852e+00  3.27118577e+00  3.27370059e+00  3.27426925e+00
   3.27311999e+00  3.27044763e+00  3.26641792e+00  3.26117145e+00
   3.25482723e+00  3.24748579e+00  3.23923192e+00  3.23013702e+00
   3.22026115e+00  3.20965482e+00  3.19836042e+00  3.18641354e+00
   3.17384403e+00  3.16067692e+00  3.14693319e+00  3.13263040e+00
   3.11778328e+00  3.10240416e+00  3.08650336e+00  3.07008952e+00
   3.05316986e+00  3.03575045e+00  3.01783634e+00  2.99943178e+00]
 [-2.07233989e+00 -1.93341910e+00 -1.80171516e+00 -1.67708689e+00
  -1.55939297e+00 -1.44849189e+00 -1.34424186e+00 -1.24650080e+00
  -1.15512618e+00 -1.06997495e+00 -9.90903373e-01 -9.17766809e-01
  -8.50419497e-01 -7.88714212e-01 -7.32501860e-01 -6.81630943e-01
  -6.35946884e-01 -5.95291157e-01 -5.59500169e-01 -5.28403840e-01
  -5.01823775e-01 -4.79570946e-01 -4.61442727e-01 -4.47219124e-01
  -4.36658007e-01 -4.29489080e-01 -4.25406304e-01 -4.24058440e-01
  -4.25037349e-01 -4.27863665e-01 -4.31969550e-01 -4.36678363e-01
  -4.41181446e-01 -4.44512801e-01 -4.45523519e-01 -4.42859374e-01
  -4.34947355e-01 -4.19999953e-01 -3.96049536e-01 -3.61028227e-01
  -3.12909462e-01 -2.49922922e-01 -1.70841264e-01 -7.53127290e-02
   3.58190968e-02  1.60297513e-01  2.94435067e-01  4.33363007e-01
   5.71540947e-01  7.03428500e-01  8.24156917e-01  9.30038743e-01
   1.01881728e+00  1.08964894e+00  1.14288548e+00  1.17975424e+00
   1.20202555e+00  1.21172597e+00  1.21092337e+00  1.20158539e+00
   1.18549953e+00  1.16423881e+00  1.13915746e+00  1.11140438e+00
   1.08194556e+00  1.05158968e+00  1.02101336e+00  9.90784454e-01
   9.61382317e-01  9.33215094e-01  9.06634021e-01  8.81945137e-01
   8.59418740e-01  8.39296960e-01  8.21799789e-01  8.07129853e-01
   7.95476183e-01  7.87017171e-01  7.81922898e-01  7.80356956e-01
   3.02993300e-02  5.06392068e-02  7.09540203e-02  9.13285528e-02
   1.11863332e-01  1.32677365e-01  1.53911258e-01  1.75730751e-01
   1.98330664e-01  2.21939228e-01  2.46822735e-01  2.73290360e-01
   3.01698957e-01  3.32457453e-01  3.66030378e-01  4.02939798e-01
   4.43764758e-01  4.89137040e-01  5.39731836e-01  5.96251755e-01
   6.59402574e-01  7.29859406e-01  8.08222630e-01  8.94964109e-01
   9.90366041e-01  1.09445701e+00  1.20695232e+00  1.32720764e+00
   1.45419596e+00  1.58651663e+00  1.72244181e+00  1.86000000e+00
   1.99708944e+00  2.13160837e+00  2.26158529e+00  2.38529236e+00
   2.50132893e+00  2.60866799e+00  2.70666521e+00  2.79503589e+00
   2.87380862e+00  2.94326559e+00  3.00387868e+00  3.05624824e+00
   3.10104941e+00  3.13898796e+00  3.17076649e+00  3.19706020e+00
   3.21850087e+00  3.23566755e+00  3.24908229e+00  3.25920964e+00
   3.26645852e+00  3.27118577e+00  3.27370059e+00  3.27426925e+00
   3.27311999e+00  3.27044763e+00  3.26641792e+00  3.26117145e+00
   3.25482723e+00  3.24748579e+00  3.23923192e+00  3.23013702e+00
   3.22026115e+00  3.20965482e+00  3.19836042e+00  3.18641354e+00
   3.17384403e+00  3.16067692e+00  3.14693319e+00  3.13263040e+00
   3.11778328e+00  3.10240416e+00  3.08650336e+00  3.07008952e+00
   3.05316986e+00  3.03575045e+00  3.01783634e+00  2.99943178e+00]
 [-2.07233989e+00 -1.93341910e+00 -1.80171516e+00 -1.67708689e+00
  -1.55939297e+00 -1.44849189e+00 -1.34424186e+00 -1.24650080e+00
  -1.15512618e+00 -1.06997495e+00 -9.90903373e-01 -9.17766809e-01
  -8.50419497e-01 -7.88714212e-01 -7.32501860e-01 -6.81630943e-01
  -6.35946884e-01 -5.95291157e-01 -5.59500169e-01 -5.28403840e-01
  -5.01823775e-01 -4.79570946e-01 -4.61442727e-01 -4.47219124e-01
  -4.36658007e-01 -4.29489080e-01 -4.25406304e-01 -4.24058440e-01
  -4.25037349e-01 -4.27863665e-01 -4.31969550e-01 -4.36678363e-01
  -4.41181446e-01 -4.44512801e-01 -4.45523519e-01 -4.42859374e-01
  -4.34947355e-01 -4.19999953e-01 -3.96049536e-01 -3.61028227e-01
  -3.12909462e-01 -2.49922922e-01 -1.70841264e-01 -7.53127290e-02
   3.58190968e-02  1.60297513e-01  2.94435067e-01  4.33363007e-01
   5.71540947e-01  7.03428500e-01  8.24156917e-01  9.30038743e-01
   1.01881728e+00  1.08964894e+00  1.14288548e+00  1.17975424e+00
   1.20202555e+00  1.21172597e+00  1.21092337e+00  1.20158539e+00
   1.18549953e+00  1.16423881e+00  1.13915746e+00  1.11140438e+00
   1.08194556e+00  1.05158968e+00  1.02101336e+00  9.90784454e-01
   9.61382317e-01  9.33215094e-01  9.06634021e-01  8.81945137e-01
   8.59418740e-01  8.39296960e-01  8.21799789e-01  8.07129853e-01
   7.95476183e-01  7.87017171e-01  7.81922898e-01  7.80356956e-01
   3.02993300e-02  5.06392068e-02  7.09540203e-02  9.13285528e-02
   1.11863332e-01  1.32677365e-01  1.53911258e-01  1.75730751e-01
   1.98330664e-01  2.21939228e-01  2.46822735e-01  2.73290360e-01
   3.01698957e-01  3.32457453e-01  3.66030378e-01  4.02939798e-01
   4.43764758e-01  4.89137040e-01  5.39731836e-01  5.96251755e-01
   6.59402574e-01  7.29859406e-01  8.08222630e-01  8.94964109e-01
   9.90366041e-01  1.09445701e+00  1.20695232e+00  1.32720764e+00
   1.45419596e+00  1.58651663e+00  1.72244181e+00  1.86000000e+00
   1.99708944e+00  2.13160837e+00  2.26158529e+00  2.38529236e+00
   2.50132893e+00  2.60866799e+00  2.70666521e+00  2.79503589e+00
   2.87380862e+00  2.94326559e+00  3.00387868e+00  3.05624824e+00
   3.10104941e+00  3.13898796e+00  3.17076649e+00  3.19706020e+00
   3.21850087e+00  3.23566755e+00  3.24908229e+00  3.25920964e+00
   3.26645852e+00  3.27118577e+00  3.27370059e+00  3.27426925e+00
   3.27311999e+00  3.27044763e+00  3.26641792e+00  3.26117145e+00
   3.25482723e+00  3.24748579e+00  3.23923192e+00  3.23013702e+00
   3.22026115e+00  3.20965482e+00  3.19836042e+00  3.18641354e+00
   3.17384403e+00  3.16067692e+00  3.14693319e+00  3.13263040e+00
   3.11778328e+00  3.10240416e+00  3.08650336e+00  3.07008952e+00
   3.05316986e+00  3.03575045e+00  3.01783634e+00  2.99943178e+00]
 [-2.07233989e+00 -1.93341910e+00 -1.80171516e+00 -1.67708689e+00
  -1.55939297e+00 -1.44849189e+00 -1.34424186e+00 -1.24650080e+00
  -1.15512618e+00 -1.06997495e+00 -9.90903373e-01 -9.17766809e-01
  -8.50419497e-01 -7.88714212e-01 -7.32501860e-01 -6.81630943e-01
  -6.35946884e-01 -5.95291157e-01 -5.59500169e-01 -5.28403840e-01
  -5.01823775e-01 -4.79570946e-01 -4.61442727e-01 -4.47219124e-01
  -4.36658007e-01 -4.29489080e-01 -4.25406304e-01 -4.24058440e-01
  -4.25037349e-01 -4.27863665e-01 -4.31969550e-01 -4.36678363e-01
  -4.41181446e-01 -4.44512801e-01 -4.45523519e-01 -4.42859374e-01
  -4.34947355e-01 -4.19999953e-01 -3.96049536e-01 -3.61028227e-01
  -3.12909462e-01 -2.49922922e-01 -1.70841264e-01 -7.53127290e-02
   3.58190968e-02  1.60297513e-01  2.94435067e-01  4.33363007e-01
   5.71540947e-01  7.03428500e-01  8.24156917e-01  9.30038743e-01
   1.01881728e+00  1.08964894e+00  1.14288548e+00  1.17975424e+00
   1.20202555e+00  1.21172597e+00  1.21092337e+00  1.20158539e+00
   1.18549953e+00  1.16423881e+00  1.13915746e+00  1.11140438e+00
   1.08194556e+00  1.05158968e+00  1.02101336e+00  9.90784454e-01
   9.61382317e-01  9.33215094e-01  9.06634021e-01  8.81945137e-01
   8.59418740e-01  8.39296960e-01  8.21799789e-01  8.07129853e-01
   7.95476183e-01  7.87017171e-01  7.81922898e-01  7.80356956e-01
   3.02993300e-02  5.06392068e-02  7.09540203e-02  9.13285528e-02
   1.11863332e-01  1.32677365e-01  1.53911258e-01  1.75730751e-01
   1.98330664e-01  2.21939228e-01  2.46822735e-01  2.73290360e-01
   3.01698957e-01  3.32457453e-01  3.66030378e-01  4.02939798e-01
   4.43764758e-01  4.89137040e-01  5.39731836e-01  5.96251755e-01
   6.59402574e-01  7.29859406e-01  8.08222630e-01  8.94964109e-01
   9.90366041e-01  1.09445701e+00  1.20695232e+00  1.32720764e+00
   1.45419596e+00  1.58651663e+00  1.72244181e+00  1.86000000e+00
   1.99708944e+00  2.13160837e+00  2.26158529e+00  2.38529236e+00
   2.50132893e+00  2.60866799e+00  2.70666521e+00  2.79503589e+00
   2.87380862e+00  2.94326559e+00  3.00387868e+00  3.05624824e+00
   3.10104941e+00  3.13898796e+00  3.17076649e+00  3.19706020e+00
   3.21850087e+00  3.23566755e+00  3.24908229e+00  3.25920964e+00
   3.26645852e+00  3.27118577e+00  3.27370059e+00  3.27426925e+00
   3.27311999e+00  3.27044763e+00  3.26641792e+00  3.26117145e+00
   3.25482723e+00  3.24748579e+00  3.23923192e+00  3.23013702e+00
   3.22026115e+00  3.20965482e+00  3.19836042e+00  3.18641354e+00
   3.17384403e+00  3.16067692e+00  3.14693319e+00  3.13263040e+00
   3.11778328e+00  3.10240416e+00  3.08650336e+00  3.07008952e+00
   3.05316986e+00  3.03575045e+00  3.01783634e+00  2.99943178e+00]
 [-2.07233989e+00 -1.93341910e+00 -1.80171516e+00 -1.67708689e+00
  -1.55939297e+00 -1.44849189e+00 -1.34424186e+00 -1.24650080e+00
  -1.15512618e+00 -1.06997495e+00 -9.90903373e-01 -9.17766809e-01
  -8.50419497e-01 -7.88714212e-01 -7.32501860e-01 -6.81630943e-01
  -6.35946884e-01 -5.95291157e-01 -5.59500169e-01 -5.28403840e-01
  -5.01823775e-01 -4.79570946e-01 -4.61442727e-01 -4.47219124e-01
  -4.36658007e-01 -4.29489080e-01 -4.25406304e-01 -4.24058440e-01
  -4.25037349e-01 -4.27863665e-01 -4.31969550e-01 -4.36678363e-01
  -4.41181446e-01 -4.44512801e-01 -4.45523519e-01 -4.42859374e-01
  -4.34947355e-01 -4.19999953e-01 -3.96049536e-01 -3.61028227e-01
  -3.12909462e-01 -2.49922922e-01 -1.70841264e-01 -7.53127290e-02
   3.58190968e-02  1.60297513e-01  2.94435067e-01  4.33363007e-01
   5.71540947e-01  7.03428500e-01  8.24156917e-01  9.30038743e-01
   1.01881728e+00  1.08964894e+00  1.14288548e+00  1.17975424e+00
   1.20202555e+00  1.21172597e+00  1.21092337e+00  1.20158539e+00
   1.18549953e+00  1.16423881e+00  1.13915746e+00  1.11140438e+00
   1.08194556e+00  1.05158968e+00  1.02101336e+00  9.90784454e-01
   9.61382317e-01  9.33215094e-01  9.06634021e-01  8.81945137e-01
   8.59418740e-01  8.39296960e-01  8.21799789e-01  8.07129853e-01
   7.95476183e-01  7.87017171e-01  7.81922898e-01  7.80356956e-01
   3.02993300e-02  5.06392068e-02  7.09540203e-02  9.13285528e-02
   1.11863332e-01  1.32677365e-01  1.53911258e-01  1.75730751e-01
   1.98330664e-01  2.21939228e-01  2.46822735e-01  2.73290360e-01
   3.01698957e-01  3.32457453e-01  3.66030378e-01  4.02939798e-01
   4.43764758e-01  4.89137040e-01  5.39731836e-01  5.96251755e-01
   6.59402574e-01  7.29859406e-01  8.08222630e-01  8.94964109e-01
   9.90366041e-01  1.09445701e+00  1.20695232e+00  1.32720764e+00
   1.45419596e+00  1.58651663e+00  1.72244181e+00  1.86000000e+00
   1.99708944e+00  2.13160837e+00  2.26158529e+00  2.38529236e+00
   2.50132893e+00  2.60866799e+00  2.70666521e+00  2.79503589e+00
   2.87380862e+00  2.94326559e+00  3.00387868e+00  3.05624824e+00
   3.10104941e+00  3.13898796e+00  3.17076649e+00  3.19706020e+00
   3.21850087e+00  3.23566755e+00  3.24908229e+00  3.25920964e+00
   3.26645852e+00  3.27118577e+00  3.27370059e+00  3.27426925e+00
   3.27311999e+00  3.27044763e+00  3.26641792e+00  3.26117145e+00
   3.25482723e+00  3.24748579e+00  3.23923192e+00  3.23013702e+00
   3.22026115e+00  3.20965482e+00  3.19836042e+00  3.18641354e+00
   3.17384403e+00  3.16067692e+00  3.14693319e+00  3.13263040e+00
   3.11778328e+00  3.10240416e+00  3.08650336e+00  3.07008952e+00
   3.05316986e+00  3.03575045e+00  3.01783634e+00  2.99943178e+00]
 [-2.07233989e+00 -1.93341910e+00 -1.80171516e+00 -1.67708689e+00
  -1.55939297e+00 -1.44849189e+00 -1.34424186e+00 -1.24650080e+00
  -1.15512618e+00 -1.06997495e+00 -9.90903373e-01 -9.17766809e-01
  -8.50419497e-01 -7.88714212e-01 -7.32501860e-01 -6.81630943e-01
  -6.35946884e-01 -5.95291157e-01 -5.59500169e-01 -5.28403840e-01
  -5.01823775e-01 -4.79570946e-01 -4.61442727e-01 -4.47219124e-01
  -4.36658007e-01 -4.29489080e-01 -4.25406304e-01 -4.24058440e-01
  -4.25037349e-01 -4.27863665e-01 -4.31969550e-01 -4.36678363e-01
  -4.41181446e-01 -4.44512801e-01 -4.45523519e-01 -4.42859374e-01
  -4.34947355e-01 -4.19999953e-01 -3.96049536e-01 -3.61028227e-01
  -3.12909462e-01 -2.49922922e-01 -1.70841264e-01 -7.53127290e-02
   3.58190968e-02  1.60297513e-01  2.94435067e-01  4.33363007e-01
   5.71540947e-01  7.03428500e-01  8.24156917e-01  9.30038743e-01
   1.01881728e+00  1.08964894e+00  1.14288548e+00  1.17975424e+00
   1.20202555e+00  1.21172597e+00  1.21092337e+00  1.20158539e+00
   1.18549953e+00  1.16423881e+00  1.13915746e+00  1.11140438e+00
   1.08194556e+00  1.05158968e+00  1.02101336e+00  9.90784454e-01
   9.61382317e-01  9.33215094e-01  9.06634021e-01  8.81945137e-01
   8.59418740e-01  8.39296960e-01  8.21799789e-01  8.07129853e-01
   7.95476183e-01  7.87017171e-01  7.81922898e-01  7.80356956e-01
   3.02993300e-02  5.06392068e-02  7.09540203e-02  9.13285528e-02
   1.11863332e-01  1.32677365e-01  1.53911258e-01  1.75730751e-01
   1.98330664e-01  2.21939228e-01  2.46822735e-01  2.73290360e-01
   3.01698957e-01  3.32457453e-01  3.66030378e-01  4.02939798e-01
   4.43764758e-01  4.89137040e-01  5.39731836e-01  5.96251755e-01
   6.59402574e-01  7.29859406e-01  8.08222630e-01  8.94964109e-01
   9.90366041e-01  1.09445701e+00  1.20695232e+00  1.32720764e+00
   1.45419596e+00  1.58651663e+00  1.72244181e+00  1.86000000e+00
   1.99708944e+00  2.13160837e+00  2.26158529e+00  2.38529236e+00
   2.50132893e+00  2.60866799e+00  2.70666521e+00  2.79503589e+00
   2.87380862e+00  2.94326559e+00  3.00387868e+00  3.05624824e+00
   3.10104941e+00  3.13898796e+00  3.17076649e+00  3.19706020e+00
   3.21850087e+00  3.23566755e+00  3.24908229e+00  3.25920964e+00
   3.26645852e+00  3.27118577e+00  3.27370059e+00  3.27426925e+00
   3.27311999e+00  3.27044763e+00  3.26641792e+00  3.26117145e+00
   3.25482723e+00  3.24748579e+00  3.23923192e+00  3.23013702e+00
   3.22026115e+00  3.20965482e+00  3.19836042e+00  3.18641354e+00
   3.17384403e+00  3.16067692e+00  3.14693319e+00  3.13263040e+00
   3.11778328e+00  3.10240416e+00  3.08650336e+00  3.07008952e+00
   3.05316986e+00  3.03575045e+00  3.01783634e+00  2.99943178e+00]
 [-2.07233989e+00 -1.93341910e+00 -1.80171516e+00 -1.67708689e+00
  -1.55939297e+00 -1.44849189e+00 -1.34424186e+00 -1.24650080e+00
  -1.15512618e+00 -1.06997495e+00 -9.90903373e-01 -9.17766809e-01
  -8.50419497e-01 -7.88714212e-01 -7.32501860e-01 -6.81630943e-01
  -6.35946884e-01 -5.95291157e-01 -5.59500169e-01 -5.28403840e-01
  -5.01823775e-01 -4.79570946e-01 -4.61442727e-01 -4.47219124e-01
  -4.36658007e-01 -4.29489080e-01 -4.25406304e-01 -4.24058440e-01
  -4.25037349e-01 -4.27863665e-01 -4.31969550e-01 -4.36678363e-01
  -4.41181446e-01 -4.44512801e-01 -4.45523519e-01 -4.42859374e-01
  -4.34947355e-01 -4.19999953e-01 -3.96049536e-01 -3.61028227e-01
  -3.12909462e-01 -2.49922922e-01 -1.70841264e-01 -7.53127290e-02
   3.58190968e-02  1.60297513e-01  2.94435067e-01  4.33363007e-01
   5.71540947e-01  7.03428500e-01  8.24156917e-01  9.30038743e-01
   1.01881728e+00  1.08964894e+00  1.14288548e+00  1.17975424e+00
   1.20202555e+00  1.21172597e+00  1.21092337e+00  1.20158539e+00
   1.18549953e+00  1.16423881e+00  1.13915746e+00  1.11140438e+00
   1.08194556e+00  1.05158968e+00  1.02101336e+00  9.90784454e-01
   9.61382317e-01  9.33215094e-01  9.06634021e-01  8.81945137e-01
   8.59418740e-01  8.39296960e-01  8.21799789e-01  8.07129853e-01
   7.95476183e-01  7.87017171e-01  7.81922898e-01  7.80356956e-01
   3.02993300e-02  5.06392068e-02  7.09540203e-02  9.13285528e-02
   1.11863332e-01  1.32677365e-01  1.53911258e-01  1.75730751e-01
   1.98330664e-01  2.21939228e-01  2.46822735e-01  2.73290360e-01
   3.01698957e-01  3.32457453e-01  3.66030378e-01  4.02939798e-01
   4.43764758e-01  4.89137040e-01  5.39731836e-01  5.96251755e-01
   6.59402574e-01  7.29859406e-01  8.08222630e-01  8.94964109e-01
   9.90366041e-01  1.09445701e+00  1.20695232e+00  1.32720764e+00
   1.45419596e+00  1.58651663e+00  1.72244181e+00  1.86000000e+00
   1.99708944e+00  2.13160837e+00  2.26158529e+00  2.38529236e+00
   2.50132893e+00  2.60866799e+00  2.70666521e+00  2.79503589e+00
   2.87380862e+00  2.94326559e+00  3.00387868e+00  3.05624824e+00
   3.10104941e+00  3.13898796e+00  3.17076649e+00  3.19706020e+00
   3.21850087e+00  3.23566755e+00  3.24908229e+00  3.25920964e+00
   3.26645852e+00  3.27118577e+00  3.27370059e+00  3.27426925e+00
   3.27311999e+00  3.27044763e+00  3.26641792e+00  3.26117145e+00
   3.25482723e+00  3.24748579e+00  3.23923192e+00  3.23013702e+00
   3.22026115e+00  3.20965482e+00  3.19836042e+00  3.18641354e+00
   3.17384403e+00  3.16067692e+00  3.14693319e+00  3.13263040e+00
   3.11778328e+00  3.10240416e+00  3.08650336e+00  3.07008952e+00
   3.05316986e+00  3.03575045e+00  3.01783634e+00  2.99943178e+00]
 [-2.07233989e+00 -1.93341910e+00 -1.80171516e+00 -1.67708689e+00
  -1.55939297e+00 -1.44849189e+00 -1.34424186e+00 -1.24650080e+00
  -1.15512618e+00 -1.06997495e+00 -9.90903373e-01 -9.17766809e-01
  -8.50419497e-01 -7.88714212e-01 -7.32501860e-01 -6.81630943e-01
  -6.35946884e-01 -5.95291157e-01 -5.59500169e-01 -5.28403840e-01
  -5.01823775e-01 -4.79570946e-01 -4.61442727e-01 -4.47219124e-01
  -4.36658007e-01 -4.29489080e-01 -4.25406304e-01 -4.24058440e-01
  -4.25037349e-01 -4.27863665e-01 -4.31969550e-01 -4.36678363e-01
  -4.41181446e-01 -4.44512801e-01 -4.45523519e-01 -4.42859374e-01
  -4.34947355e-01 -4.19999953e-01 -3.96049536e-01 -3.61028227e-01
  -3.12909462e-01 -2.49922922e-01 -1.70841264e-01 -7.53127290e-02
   3.58190968e-02  1.60297513e-01  2.94435067e-01  4.33363007e-01
   5.71540947e-01  7.03428500e-01  8.24156917e-01  9.30038743e-01
   1.01881728e+00  1.08964894e+00  1.14288548e+00  1.17975424e+00
   1.20202555e+00  1.21172597e+00  1.21092337e+00  1.20158539e+00
   1.18549953e+00  1.16423881e+00  1.13915746e+00  1.11140438e+00
   1.08194556e+00  1.05158968e+00  1.02101336e+00  9.90784454e-01
   9.61382317e-01  9.33215094e-01  9.06634021e-01  8.81945137e-01
   8.59418740e-01  8.39296960e-01  8.21799789e-01  8.07129853e-01
   7.95476183e-01  7.87017171e-01  7.81922898e-01  7.80356956e-01
   3.02993300e-02  5.06392068e-02  7.09540203e-02  9.13285528e-02
   1.11863332e-01  1.32677365e-01  1.53911258e-01  1.75730751e-01
   1.98330664e-01  2.21939228e-01  2.46822735e-01  2.73290360e-01
   3.01698957e-01  3.32457453e-01  3.66030378e-01  4.02939798e-01
   4.43764758e-01  4.89137040e-01  5.39731836e-01  5.96251755e-01
   6.59402574e-01  7.29859406e-01  8.08222630e-01  8.94964109e-01
   9.90366041e-01  1.09445701e+00  1.20695232e+00  1.32720764e+00
   1.45419596e+00  1.58651663e+00  1.72244181e+00  1.86000000e+00
   1.99708944e+00  2.13160837e+00  2.26158529e+00  2.38529236e+00
   2.50132893e+00  2.60866799e+00  2.70666521e+00  2.79503589e+00
   2.87380862e+00  2.94326559e+00  3.00387868e+00  3.05624824e+00
   3.10104941e+00  3.13898796e+00  3.17076649e+00  3.19706020e+00
   3.21850087e+00  3.23566755e+00  3.24908229e+00  3.25920964e+00
   3.26645852e+00  3.27118577e+00  3.27370059e+00  3.27426925e+00
   3.27311999e+00  3.27044763e+00  3.26641792e+00  3.26117145e+00
   3.25482723e+00  3.24748579e+00  3.23923192e+00  3.23013702e+00
   3.22026115e+00  3.20965482e+00  3.19836042e+00  3.18641354e+00
   3.17384403e+00  3.16067692e+00  3.14693319e+00  3.13263040e+00
   3.11778328e+00  3.10240416e+00  3.08650336e+00  3.07008952e+00
   3.05316986e+00  3.03575045e+00  3.01783634e+00  2.99943178e+00]
 [-2.07233989e+00 -1.93341910e+00 -1.80171516e+00 -1.67708689e+00
  -1.55939297e+00 -1.44849189e+00 -1.34424186e+00 -1.24650080e+00
  -1.15512618e+00 -1.06997495e+00 -9.90903373e-01 -9.17766809e-01
  -8.50419497e-01 -7.88714212e-01 -7.32501860e-01 -6.81630943e-01
  -6.35946884e-01 -5.95291157e-01 -5.59500169e-01 -5.28403840e-01
  -5.01823775e-01 -4.79570946e-01 -4.61442727e-01 -4.47219124e-01
  -4.36658007e-01 -4.29489080e-01 -4.25406304e-01 -4.24058440e-01
  -4.25037349e-01 -4.27863665e-01 -4.31969550e-01 -4.36678363e-01
  -4.41181446e-01 -4.44512801e-01 -4.45523519e-01 -4.42859374e-01
  -4.34947355e-01 -4.19999953e-01 -3.96049536e-01 -3.61028227e-01
  -3.12909462e-01 -2.49922922e-01 -1.70841264e-01 -7.53127290e-02
   3.58190968e-02  1.60297513e-01  2.94435067e-01  4.33363007e-01
   5.71540947e-01  7.03428500e-01  8.24156917e-01  9.30038743e-01
   1.01881728e+00  1.08964894e+00  1.14288548e+00  1.17975424e+00
   1.20202555e+00  1.21172597e+00  1.21092337e+00  1.20158539e+00
   1.18549953e+00  1.16423881e+00  1.13915746e+00  1.11140438e+00
   1.08194556e+00  1.05158968e+00  1.02101336e+00  9.90784454e-01
   9.61382317e-01  9.33215094e-01  9.06634021e-01  8.81945137e-01
   8.59418740e-01  8.39296960e-01  8.21799789e-01  8.07129853e-01
   7.95476183e-01  7.87017171e-01  7.81922898e-01  7.80356956e-01
   3.02993300e-02  5.06392068e-02  7.09540203e-02  9.13285528e-02
   1.11863332e-01  1.32677365e-01  1.53911258e-01  1.75730751e-01
   1.98330664e-01  2.21939228e-01  2.46822735e-01  2.73290360e-01
   3.01698957e-01  3.32457453e-01  3.66030378e-01  4.02939798e-01
   4.43764758e-01  4.89137040e-01  5.39731836e-01  5.96251755e-01
   6.59402574e-01  7.29859406e-01  8.08222630e-01  8.94964109e-01
   9.90366041e-01  1.09445701e+00  1.20695232e+00  1.32720764e+00
   1.45419596e+00  1.58651663e+00  1.72244181e+00  1.86000000e+00
   1.99708944e+00  2.13160837e+00  2.26158529e+00  2.38529236e+00
   2.50132893e+00  2.60866799e+00  2.70666521e+00  2.79503589e+00
   2.87380862e+00  2.94326559e+00  3.00387868e+00  3.05624824e+00
   3.10104941e+00  3.13898796e+00  3.17076649e+00  3.19706020e+00
   3.21850087e+00  3.23566755e+00  3.24908229e+00  3.25920964e+00
   3.26645852e+00  3.27118577e+00  3.27370059e+00  3.27426925e+00
   3.27311999e+00  3.27044763e+00  3.26641792e+00  3.26117145e+00
   3.25482723e+00  3.24748579e+00  3.23923192e+00  3.23013702e+00
   3.22026115e+00  3.20965482e+00  3.19836042e+00  3.18641354e+00
   3.17384403e+00  3.16067692e+00  3.14693319e+00  3.13263040e+00
   3.11778328e+00  3.10240416e+00  3.08650336e+00  3.07008952e+00
   3.05316986e+00  3.03575045e+00  3.01783634e+00  2.99943178e+00]
 [-2.07233989e+00 -1.93341910e+00 -1.80171516e+00 -1.67708689e+00
  -1.55939297e+00 -1.44849189e+00 -1.34424186e+00 -1.24650080e+00
  -1.15512618e+00 -1.06997495e+00 -9.90903373e-01 -9.17766809e-01
  -8.50419497e-01 -7.88714212e-01 -7.32501860e-01 -6.81630943e-01
  -6.35946884e-01 -5.95291157e-01 -5.59500169e-01 -5.28403840e-01
  -5.01823775e-01 -4.79570946e-01 -4.61442727e-01 -4.47219124e-01
  -4.36658007e-01 -4.29489080e-01 -4.25406304e-01 -4.24058440e-01
  -4.25037349e-01 -4.27863665e-01 -4.31969550e-01 -4.36678363e-01
  -4.41181446e-01 -4.44512801e-01 -4.45523519e-01 -4.42859374e-01
  -4.34947355e-01 -4.19999953e-01 -3.96049536e-01 -3.61028227e-01
  -3.12909462e-01 -2.49922922e-01 -1.70841264e-01 -7.53127290e-02
   3.58190968e-02  1.60297513e-01  2.94435067e-01  4.33363007e-01
   5.71540947e-01  7.03428500e-01  8.24156917e-01  9.30038743e-01
   1.01881728e+00  1.08964894e+00  1.14288548e+00  1.17975424e+00
   1.20202555e+00  1.21172597e+00  1.21092337e+00  1.20158539e+00
   1.18549953e+00  1.16423881e+00  1.13915746e+00  1.11140438e+00
   1.08194556e+00  1.05158968e+00  1.02101336e+00  9.90784454e-01
   9.61382317e-01  9.33215094e-01  9.06634021e-01  8.81945137e-01
   8.59418740e-01  8.39296960e-01  8.21799789e-01  8.07129853e-01
   7.95476183e-01  7.87017171e-01  7.81922898e-01  7.80356956e-01
   3.02993300e-02  5.06392068e-02  7.09540203e-02  9.13285528e-02
   1.11863332e-01  1.32677365e-01  1.53911258e-01  1.75730751e-01
   1.98330664e-01  2.21939228e-01  2.46822735e-01  2.73290360e-01
   3.01698957e-01  3.32457453e-01  3.66030378e-01  4.02939798e-01
   4.43764758e-01  4.89137040e-01  5.39731836e-01  5.96251755e-01
   6.59402574e-01  7.29859406e-01  8.08222630e-01  8.94964109e-01
   9.90366041e-01  1.09445701e+00  1.20695232e+00  1.32720764e+00
   1.45419596e+00  1.58651663e+00  1.72244181e+00  1.86000000e+00
   1.99708944e+00  2.13160837e+00  2.26158529e+00  2.38529236e+00
   2.50132893e+00  2.60866799e+00  2.70666521e+00  2.79503589e+00
   2.87380862e+00  2.94326559e+00  3.00387868e+00  3.05624824e+00
   3.10104941e+00  3.13898796e+00  3.17076649e+00  3.19706020e+00
   3.21850087e+00  3.23566755e+00  3.24908229e+00  3.25920964e+00
   3.26645852e+00  3.27118577e+00  3.27370059e+00  3.27426925e+00
   3.27311999e+00  3.27044763e+00  3.26641792e+00  3.26117145e+00
   3.25482723e+00  3.24748579e+00  3.23923192e+00  3.23013702e+00
   3.22026115e+00  3.20965482e+00  3.19836042e+00  3.18641354e+00
   3.17384403e+00  3.16067692e+00  3.14693319e+00  3.13263040e+00
   3.11778328e+00  3.10240416e+00  3.08650336e+00  3.07008952e+00
   3.05316986e+00  3.03575045e+00  3.01783634e+00  2.99943178e+00]
 [-2.07233989e+00 -1.93341910e+00 -1.80171516e+00 -1.67708689e+00
  -1.55939297e+00 -1.44849189e+00 -1.34424186e+00 -1.24650080e+00
  -1.15512618e+00 -1.06997495e+00 -9.90903373e-01 -9.17766809e-01
  -8.50419497e-01 -7.88714212e-01 -7.32501860e-01 -6.81630943e-01
  -6.35946884e-01 -5.95291157e-01 -5.59500169e-01 -5.28403840e-01
  -5.01823775e-01 -4.79570946e-01 -4.61442727e-01 -4.47219124e-01
  -4.36658007e-01 -4.29489080e-01 -4.25406304e-01 -4.24058440e-01
  -4.25037349e-01 -4.27863665e-01 -4.31969550e-01 -4.36678363e-01
  -4.41181446e-01 -4.44512801e-01 -4.45523519e-01 -4.42859374e-01
  -4.34947355e-01 -4.19999953e-01 -3.96049536e-01 -3.61028227e-01
  -3.12909462e-01 -2.49922922e-01 -1.70841264e-01 -7.53127290e-02
   3.58190968e-02  1.60297513e-01  2.94435067e-01  4.33363007e-01
   5.71540947e-01  7.03428500e-01  8.24156917e-01  9.30038743e-01
   1.01881728e+00  1.08964894e+00  1.14288548e+00  1.17975424e+00
   1.20202555e+00  1.21172597e+00  1.21092337e+00  1.20158539e+00
   1.18549953e+00  1.16423881e+00  1.13915746e+00  1.11140438e+00
   1.08194556e+00  1.05158968e+00  1.02101336e+00  9.90784454e-01
   9.61382317e-01  9.33215094e-01  9.06634021e-01  8.81945137e-01
   8.59418740e-01  8.39296960e-01  8.21799789e-01  8.07129853e-01
   7.95476183e-01  7.87017171e-01  7.81922898e-01  7.80356956e-01
   3.02993300e-02  5.06392068e-02  7.09540203e-02  9.13285528e-02
   1.11863332e-01  1.32677365e-01  1.53911258e-01  1.75730751e-01
   1.98330664e-01  2.21939228e-01  2.46822735e-01  2.73290360e-01
   3.01698957e-01  3.32457453e-01  3.66030378e-01  4.02939798e-01
   4.43764758e-01  4.89137040e-01  5.39731836e-01  5.96251755e-01
   6.59402574e-01  7.29859406e-01  8.08222630e-01  8.94964109e-01
   9.90366041e-01  1.09445701e+00  1.20695232e+00  1.32720764e+00
   1.45419596e+00  1.58651663e+00  1.72244181e+00  1.86000000e+00
   1.99708944e+00  2.13160837e+00  2.26158529e+00  2.38529236e+00
   2.50132893e+00  2.60866799e+00  2.70666521e+00  2.79503589e+00
   2.87380862e+00  2.94326559e+00  3.00387868e+00  3.05624824e+00
   3.10104941e+00  3.13898796e+00  3.17076649e+00  3.19706020e+00
   3.21850087e+00  3.23566755e+00  3.24908229e+00  3.25920964e+00
   3.26645852e+00  3.27118577e+00  3.27370059e+00  3.27426925e+00
   3.27311999e+00  3.27044763e+00  3.26641792e+00  3.26117145e+00
   3.25482723e+00  3.24748579e+00  3.23923192e+00  3.23013702e+00
   3.22026115e+00  3.20965482e+00  3.19836042e+00  3.18641354e+00
   3.17384403e+00  3.16067692e+00  3.14693319e+00  3.13263040e+00
   3.11778328e+00  3.10240416e+00  3.08650336e+00  3.07008952e+00
   3.05316986e+00  3.03575045e+00  3.01783634e+00  2.99943178e+00]
 [-2.07233989e+00 -1.93341910e+00 -1.80171516e+00 -1.67708689e+00
  -1.55939297e+00 -1.44849189e+00 -1.34424186e+00 -1.24650080e+00
  -1.15512618e+00 -1.06997495e+00 -9.90903373e-01 -9.17766809e-01
  -8.50419497e-01 -7.88714212e-01 -7.32501860e-01 -6.81630943e-01
  -6.35946884e-01 -5.95291157e-01 -5.59500169e-01 -5.28403840e-01
  -5.01823775e-01 -4.79570946e-01 -4.61442727e-01 -4.47219124e-01
  -4.36658007e-01 -4.29489080e-01 -4.25406304e-01 -4.24058440e-01
  -4.25037349e-01 -4.27863665e-01 -4.31969550e-01 -4.36678363e-01
  -4.41181446e-01 -4.44512801e-01 -4.45523519e-01 -4.42859374e-01
  -4.34947355e-01 -4.19999953e-01 -3.96049536e-01 -3.61028227e-01
  -3.12909462e-01 -2.49922922e-01 -1.70841264e-01 -7.53127290e-02
   3.58190968e-02  1.60297513e-01  2.94435067e-01  4.33363007e-01
   5.71540947e-01  7.03428500e-01  8.24156917e-01  9.30038743e-01
   1.01881728e+00  1.08964894e+00  1.14288548e+00  1.17975424e+00
   1.20202555e+00  1.21172597e+00  1.21092337e+00  1.20158539e+00
   1.18549953e+00  1.16423881e+00  1.13915746e+00  1.11140438e+00
   1.08194556e+00  1.05158968e+00  1.02101336e+00  9.90784454e-01
   9.61382317e-01  9.33215094e-01  9.06634021e-01  8.81945137e-01
   8.59418740e-01  8.39296960e-01  8.21799789e-01  8.07129853e-01
   7.95476183e-01  7.87017171e-01  7.81922898e-01  7.80356956e-01
   3.02993300e-02  5.06392068e-02  7.09540203e-02  9.13285528e-02
   1.11863332e-01  1.32677365e-01  1.53911258e-01  1.75730751e-01
   1.98330664e-01  2.21939228e-01  2.46822735e-01  2.73290360e-01
   3.01698957e-01  3.32457453e-01  3.66030378e-01  4.02939798e-01
   4.43764758e-01  4.89137040e-01  5.39731836e-01  5.96251755e-01
   6.59402574e-01  7.29859406e-01  8.08222630e-01  8.94964109e-01
   9.90366041e-01  1.09445701e+00  1.20695232e+00  1.32720764e+00
   1.45419596e+00  1.58651663e+00  1.72244181e+00  1.86000000e+00
   1.99708944e+00  2.13160837e+00  2.26158529e+00  2.38529236e+00
   2.50132893e+00  2.60866799e+00  2.70666521e+00  2.79503589e+00
   2.87380862e+00  2.94326559e+00  3.00387868e+00  3.05624824e+00
   3.10104941e+00  3.13898796e+00  3.17076649e+00  3.19706020e+00
   3.21850087e+00  3.23566755e+00  3.24908229e+00  3.25920964e+00
   3.26645852e+00  3.27118577e+00  3.27370059e+00  3.27426925e+00
   3.27311999e+00  3.27044763e+00  3.26641792e+00  3.26117145e+00
   3.25482723e+00  3.24748579e+00  3.23923192e+00  3.23013702e+00
   3.22026115e+00  3.20965482e+00  3.19836042e+00  3.18641354e+00
   3.17384403e+00  3.16067692e+00  3.14693319e+00  3.13263040e+00
   3.11778328e+00  3.10240416e+00  3.08650336e+00  3.07008952e+00
   3.05316986e+00  3.03575045e+00  3.01783634e+00  2.99943178e+00]
 [-2.07233989e+00 -1.93341910e+00 -1.80171516e+00 -1.67708689e+00
  -1.55939297e+00 -1.44849189e+00 -1.34424186e+00 -1.24650080e+00
  -1.15512618e+00 -1.06997495e+00 -9.90903373e-01 -9.17766809e-01
  -8.50419497e-01 -7.88714212e-01 -7.32501860e-01 -6.81630943e-01
  -6.35946884e-01 -5.95291157e-01 -5.59500169e-01 -5.28403840e-01
  -5.01823775e-01 -4.79570946e-01 -4.61442727e-01 -4.47219124e-01
  -4.36658007e-01 -4.29489080e-01 -4.25406304e-01 -4.24058440e-01
  -4.25037349e-01 -4.27863665e-01 -4.31969550e-01 -4.36678363e-01
  -4.41181446e-01 -4.44512801e-01 -4.45523519e-01 -4.42859374e-01
  -4.34947355e-01 -4.19999953e-01 -3.96049536e-01 -3.61028227e-01
  -3.12909462e-01 -2.49922922e-01 -1.70841264e-01 -7.53127290e-02
   3.58190968e-02  1.60297513e-01  2.94435067e-01  4.33363007e-01
   5.71540947e-01  7.03428500e-01  8.24156917e-01  9.30038743e-01
   1.01881728e+00  1.08964894e+00  1.14288548e+00  1.17975424e+00
   1.20202555e+00  1.21172597e+00  1.21092337e+00  1.20158539e+00
   1.18549953e+00  1.16423881e+00  1.13915746e+00  1.11140438e+00
   1.08194556e+00  1.05158968e+00  1.02101336e+00  9.90784454e-01
   9.61382317e-01  9.33215094e-01  9.06634021e-01  8.81945137e-01
   8.59418740e-01  8.39296960e-01  8.21799789e-01  8.07129853e-01
   7.95476183e-01  7.87017171e-01  7.81922898e-01  7.80356956e-01
   3.02993300e-02  5.06392068e-02  7.09540203e-02  9.13285528e-02
   1.11863332e-01  1.32677365e-01  1.53911258e-01  1.75730751e-01
   1.98330664e-01  2.21939228e-01  2.46822735e-01  2.73290360e-01
   3.01698957e-01  3.32457453e-01  3.66030378e-01  4.02939798e-01
   4.43764758e-01  4.89137040e-01  5.39731836e-01  5.96251755e-01
   6.59402574e-01  7.29859406e-01  8.08222630e-01  8.94964109e-01
   9.90366041e-01  1.09445701e+00  1.20695232e+00  1.32720764e+00
   1.45419596e+00  1.58651663e+00  1.72244181e+00  1.86000000e+00
   1.99708944e+00  2.13160837e+00  2.26158529e+00  2.38529236e+00
   2.50132893e+00  2.60866799e+00  2.70666521e+00  2.79503589e+00
   2.87380862e+00  2.94326559e+00  3.00387868e+00  3.05624824e+00
   3.10104941e+00  3.13898796e+00  3.17076649e+00  3.19706020e+00
   3.21850087e+00  3.23566755e+00  3.24908229e+00  3.25920964e+00
   3.26645852e+00  3.27118577e+00  3.27370059e+00  3.27426925e+00
   3.27311999e+00  3.27044763e+00  3.26641792e+00  3.26117145e+00
   3.25482723e+00  3.24748579e+00  3.23923192e+00  3.23013702e+00
   3.22026115e+00  3.20965482e+00  3.19836042e+00  3.18641354e+00
   3.17384403e+00  3.16067692e+00  3.14693319e+00  3.13263040e+00
   3.11778328e+00  3.10240416e+00  3.08650336e+00  3.07008952e+00
   3.05316986e+00  3.03575045e+00  3.01783634e+00  2.99943178e+00]
 [-2.07233989e+00 -1.93341910e+00 -1.80171516e+00 -1.67708689e+00
  -1.55939297e+00 -1.44849189e+00 -1.34424186e+00 -1.24650080e+00
  -1.15512618e+00 -1.06997495e+00 -9.90903373e-01 -9.17766809e-01
  -8.50419497e-01 -7.88714212e-01 -7.32501860e-01 -6.81630943e-01
  -6.35946884e-01 -5.95291157e-01 -5.59500169e-01 -5.28403840e-01
  -5.01823775e-01 -4.79570946e-01 -4.61442727e-01 -4.47219124e-01
  -4.36658007e-01 -4.29489080e-01 -4.25406304e-01 -4.24058440e-01
  -4.25037349e-01 -4.27863665e-01 -4.31969550e-01 -4.36678363e-01
  -4.41181446e-01 -4.44512801e-01 -4.45523519e-01 -4.42859374e-01
  -4.34947355e-01 -4.19999953e-01 -3.96049536e-01 -3.61028227e-01
  -3.12909462e-01 -2.49922922e-01 -1.70841264e-01 -7.53127290e-02
   3.58190968e-02  1.60297513e-01  2.94435067e-01  4.33363007e-01
   5.71540947e-01  7.03428500e-01  8.24156917e-01  9.30038743e-01
   1.01881728e+00  1.08964894e+00  1.14288548e+00  1.17975424e+00
   1.20202555e+00  1.21172597e+00  1.21092337e+00  1.20158539e+00
   1.18549953e+00  1.16423881e+00  1.13915746e+00  1.11140438e+00
   1.08194556e+00  1.05158968e+00  1.02101336e+00  9.90784454e-01
   9.61382317e-01  9.33215094e-01  9.06634021e-01  8.81945137e-01
   8.59418740e-01  8.39296960e-01  8.21799789e-01  8.07129853e-01
   7.95476183e-01  7.87017171e-01  7.81922898e-01  7.80356956e-01
   3.02993300e-02  5.06392068e-02  7.09540203e-02  9.13285528e-02
   1.11863332e-01  1.32677365e-01  1.53911258e-01  1.75730751e-01
   1.98330664e-01  2.21939228e-01  2.46822735e-01  2.73290360e-01
   3.01698957e-01  3.32457453e-01  3.66030378e-01  4.02939798e-01
   4.43764758e-01  4.89137040e-01  5.39731836e-01  5.96251755e-01
   6.59402574e-01  7.29859406e-01  8.08222630e-01  8.94964109e-01
   9.90366041e-01  1.09445701e+00  1.20695232e+00  1.32720764e+00
   1.45419596e+00  1.58651663e+00  1.72244181e+00  1.86000000e+00
   1.99708944e+00  2.13160837e+00  2.26158529e+00  2.38529236e+00
   2.50132893e+00  2.60866799e+00  2.70666521e+00  2.79503589e+00
   2.87380862e+00  2.94326559e+00  3.00387868e+00  3.05624824e+00
   3.10104941e+00  3.13898796e+00  3.17076649e+00  3.19706020e+00
   3.21850087e+00  3.23566755e+00  3.24908229e+00  3.25920964e+00
   3.26645852e+00  3.27118577e+00  3.27370059e+00  3.27426925e+00
   3.27311999e+00  3.27044763e+00  3.26641792e+00  3.26117145e+00
   3.25482723e+00  3.24748579e+00  3.23923192e+00  3.23013702e+00
   3.22026115e+00  3.20965482e+00  3.19836042e+00  3.18641354e+00
   3.17384403e+00  3.16067692e+00  3.14693319e+00  3.13263040e+00
   3.11778328e+00  3.10240416e+00  3.08650336e+00  3.07008952e+00
   3.05316986e+00  3.03575045e+00  3.01783634e+00  2.99943178e+00]
 [-2.07233989e+00 -1.93341910e+00 -1.80171516e+00 -1.67708689e+00
  -1.55939297e+00 -1.44849189e+00 -1.34424186e+00 -1.24650080e+00
  -1.15512618e+00 -1.06997495e+00 -9.90903373e-01 -9.17766809e-01
  -8.50419497e-01 -7.88714212e-01 -7.32501860e-01 -6.81630943e-01
  -6.35946884e-01 -5.95291157e-01 -5.59500169e-01 -5.28403840e-01
  -5.01823775e-01 -4.79570946e-01 -4.61442727e-01 -4.47219124e-01
  -4.36658007e-01 -4.29489080e-01 -4.25406304e-01 -4.24058440e-01
  -4.25037349e-01 -4.27863665e-01 -4.31969550e-01 -4.36678363e-01
  -4.41181446e-01 -4.44512801e-01 -4.45523519e-01 -4.42859374e-01
  -4.34947355e-01 -4.19999953e-01 -3.96049536e-01 -3.61028227e-01
  -3.12909462e-01 -2.49922922e-01 -1.70841264e-01 -7.53127290e-02
   3.58190968e-02  1.60297513e-01  2.94435067e-01  4.33363007e-01
   5.71540947e-01  7.03428500e-01  8.24156917e-01  9.30038743e-01
   1.01881728e+00  1.08964894e+00  1.14288548e+00  1.17975424e+00
   1.20202555e+00  1.21172597e+00  1.21092337e+00  1.20158539e+00
   1.18549953e+00  1.16423881e+00  1.13915746e+00  1.11140438e+00
   1.08194556e+00  1.05158968e+00  1.02101336e+00  9.90784454e-01
   9.61382317e-01  9.33215094e-01  9.06634021e-01  8.81945137e-01
   8.59418740e-01  8.39296960e-01  8.21799789e-01  8.07129853e-01
   7.95476183e-01  7.87017171e-01  7.81922898e-01  7.80356956e-01
   3.02993300e-02  5.06392068e-02  7.09540203e-02  9.13285528e-02
   1.11863332e-01  1.32677365e-01  1.53911258e-01  1.75730751e-01
   1.98330664e-01  2.21939228e-01  2.46822735e-01  2.73290360e-01
   3.01698957e-01  3.32457453e-01  3.66030378e-01  4.02939798e-01
   4.43764758e-01  4.89137040e-01  5.39731836e-01  5.96251755e-01
   6.59402574e-01  7.29859406e-01  8.08222630e-01  8.94964109e-01
   9.90366041e-01  1.09445701e+00  1.20695232e+00  1.32720764e+00
   1.45419596e+00  1.58651663e+00  1.72244181e+00  1.86000000e+00
   1.99708944e+00  2.13160837e+00  2.26158529e+00  2.38529236e+00
   2.50132893e+00  2.60866799e+00  2.70666521e+00  2.79503589e+00
   2.87380862e+00  2.94326559e+00  3.00387868e+00  3.05624824e+00
   3.10104941e+00  3.13898796e+00  3.17076649e+00  3.19706020e+00
   3.21850087e+00  3.23566755e+00  3.24908229e+00  3.25920964e+00
   3.26645852e+00  3.27118577e+00  3.27370059e+00  3.27426925e+00
   3.27311999e+00  3.27044763e+00  3.26641792e+00  3.26117145e+00
   3.25482723e+00  3.24748579e+00  3.23923192e+00  3.23013702e+00
   3.22026115e+00  3.20965482e+00  3.19836042e+00  3.18641354e+00
   3.17384403e+00  3.16067692e+00  3.14693319e+00  3.13263040e+00
   3.11778328e+00  3.10240416e+00  3.08650336e+00  3.07008952e+00
   3.05316986e+00  3.03575045e+00  3.01783634e+00  2.99943178e+00]
 [-2.07233989e+00 -1.93341910e+00 -1.80171516e+00 -1.67708689e+00
  -1.55939297e+00 -1.44849189e+00 -1.34424186e+00 -1.24650080e+00
  -1.15512618e+00 -1.06997495e+00 -9.90903373e-01 -9.17766809e-01
  -8.50419497e-01 -7.88714212e-01 -7.32501860e-01 -6.81630943e-01
  -6.35946884e-01 -5.95291157e-01 -5.59500169e-01 -5.28403840e-01
  -5.01823775e-01 -4.79570946e-01 -4.61442727e-01 -4.47219124e-01
  -4.36658007e-01 -4.29489080e-01 -4.25406304e-01 -4.24058440e-01
  -4.25037349e-01 -4.27863665e-01 -4.31969550e-01 -4.36678363e-01
  -4.41181446e-01 -4.44512801e-01 -4.45523519e-01 -4.42859374e-01
  -4.34947355e-01 -4.19999953e-01 -3.96049536e-01 -3.61028227e-01
  -3.12909462e-01 -2.49922922e-01 -1.70841264e-01 -7.53127290e-02
   3.58190968e-02  1.60297513e-01  2.94435067e-01  4.33363007e-01
   5.71540947e-01  7.03428500e-01  8.24156917e-01  9.30038743e-01
   1.01881728e+00  1.08964894e+00  1.14288548e+00  1.17975424e+00
   1.20202555e+00  1.21172597e+00  1.21092337e+00  1.20158539e+00
   1.18549953e+00  1.16423881e+00  1.13915746e+00  1.11140438e+00
   1.08194556e+00  1.05158968e+00  1.02101336e+00  9.90784454e-01
   9.61382317e-01  9.33215094e-01  9.06634021e-01  8.81945137e-01
   8.59418740e-01  8.39296960e-01  8.21799789e-01  8.07129853e-01
   7.95476183e-01  7.87017171e-01  7.81922898e-01  7.80356956e-01
   3.02993300e-02  5.06392068e-02  7.09540203e-02  9.13285528e-02
   1.11863332e-01  1.32677365e-01  1.53911258e-01  1.75730751e-01
   1.98330664e-01  2.21939228e-01  2.46822735e-01  2.73290360e-01
   3.01698957e-01  3.32457453e-01  3.66030378e-01  4.02939798e-01
   4.43764758e-01  4.89137040e-01  5.39731836e-01  5.96251755e-01
   6.59402574e-01  7.29859406e-01  8.08222630e-01  8.94964109e-01
   9.90366041e-01  1.09445701e+00  1.20695232e+00  1.32720764e+00
   1.45419596e+00  1.58651663e+00  1.72244181e+00  1.86000000e+00
   1.99708944e+00  2.13160837e+00  2.26158529e+00  2.38529236e+00
   2.50132893e+00  2.60866799e+00  2.70666521e+00  2.79503589e+00
   2.87380862e+00  2.94326559e+00  3.00387868e+00  3.05624824e+00
   3.10104941e+00  3.13898796e+00  3.17076649e+00  3.19706020e+00
   3.21850087e+00  3.23566755e+00  3.24908229e+00  3.25920964e+00
   3.26645852e+00  3.27118577e+00  3.27370059e+00  3.27426925e+00
   3.27311999e+00  3.27044763e+00  3.26641792e+00  3.26117145e+00
   3.25482723e+00  3.24748579e+00  3.23923192e+00  3.23013702e+00
   3.22026115e+00  3.20965482e+00  3.19836042e+00  3.18641354e+00
   3.17384403e+00  3.16067692e+00  3.14693319e+00  3.13263040e+00
   3.11778328e+00  3.10240416e+00  3.08650336e+00  3.07008952e+00
   3.05316986e+00  3.03575045e+00  3.01783634e+00  2.99943178e+00]
 [-2.07233989e+00 -1.93341910e+00 -1.80171516e+00 -1.67708689e+00
  -1.55939297e+00 -1.44849189e+00 -1.34424186e+00 -1.24650080e+00
  -1.15512618e+00 -1.06997495e+00 -9.90903373e-01 -9.17766809e-01
  -8.50419497e-01 -7.88714212e-01 -7.32501860e-01 -6.81630943e-01
  -6.35946884e-01 -5.95291157e-01 -5.59500169e-01 -5.28403840e-01
  -5.01823775e-01 -4.79570946e-01 -4.61442727e-01 -4.47219124e-01
  -4.36658007e-01 -4.29489080e-01 -4.25406304e-01 -4.24058440e-01
  -4.25037349e-01 -4.27863665e-01 -4.31969550e-01 -4.36678363e-01
  -4.41181446e-01 -4.44512801e-01 -4.45523519e-01 -4.42859374e-01
  -4.34947355e-01 -4.19999953e-01 -3.96049536e-01 -3.61028227e-01
  -3.12909462e-01 -2.49922922e-01 -1.70841264e-01 -7.53127290e-02
   3.58190968e-02  1.60297513e-01  2.94435067e-01  4.33363007e-01
   5.71540947e-01  7.03428500e-01  8.24156917e-01  9.30038743e-01
   1.01881728e+00  1.08964894e+00  1.14288548e+00  1.17975424e+00
   1.20202555e+00  1.21172597e+00  1.21092337e+00  1.20158539e+00
   1.18549953e+00  1.16423881e+00  1.13915746e+00  1.11140438e+00
   1.08194556e+00  1.05158968e+00  1.02101336e+00  9.90784454e-01
   9.61382317e-01  9.33215094e-01  9.06634021e-01  8.81945137e-01
   8.59418740e-01  8.39296960e-01  8.21799789e-01  8.07129853e-01
   7.95476183e-01  7.87017171e-01  7.81922898e-01  7.80356956e-01
   3.02993300e-02  5.06392068e-02  7.09540203e-02  9.13285528e-02
   1.11863332e-01  1.32677365e-01  1.53911258e-01  1.75730751e-01
   1.98330664e-01  2.21939228e-01  2.46822735e-01  2.73290360e-01
   3.01698957e-01  3.32457453e-01  3.66030378e-01  4.02939798e-01
   4.43764758e-01  4.89137040e-01  5.39731836e-01  5.96251755e-01
   6.59402574e-01  7.29859406e-01  8.08222630e-01  8.94964109e-01
   9.90366041e-01  1.09445701e+00  1.20695232e+00  1.32720764e+00
   1.45419596e+00  1.58651663e+00  1.72244181e+00  1.86000000e+00
   1.99708944e+00  2.13160837e+00  2.26158529e+00  2.38529236e+00
   2.50132893e+00  2.60866799e+00  2.70666521e+00  2.79503589e+00
   2.87380862e+00  2.94326559e+00  3.00387868e+00  3.05624824e+00
   3.10104941e+00  3.13898796e+00  3.17076649e+00  3.19706020e+00
   3.21850087e+00  3.23566755e+00  3.24908229e+00  3.25920964e+00
   3.26645852e+00  3.27118577e+00  3.27370059e+00  3.27426925e+00
   3.27311999e+00  3.27044763e+00  3.26641792e+00  3.26117145e+00
   3.25482723e+00  3.24748579e+00  3.23923192e+00  3.23013702e+00
   3.22026115e+00  3.20965482e+00  3.19836042e+00  3.18641354e+00
   3.17384403e+00  3.16067692e+00  3.14693319e+00  3.13263040e+00
   3.11778328e+00  3.10240416e+00  3.08650336e+00  3.07008952e+00
   3.05316986e+00  3.03575045e+00  3.01783634e+00  2.99943178e+00]
 [-2.07233989e+00 -1.93341910e+00 -1.80171516e+00 -1.67708689e+00
  -1.55939297e+00 -1.44849189e+00 -1.34424186e+00 -1.24650080e+00
  -1.15512618e+00 -1.06997495e+00 -9.90903373e-01 -9.17766809e-01
  -8.50419497e-01 -7.88714212e-01 -7.32501860e-01 -6.81630943e-01
  -6.35946884e-01 -5.95291157e-01 -5.59500169e-01 -5.28403840e-01
  -5.01823775e-01 -4.79570946e-01 -4.61442727e-01 -4.47219124e-01
  -4.36658007e-01 -4.29489080e-01 -4.25406304e-01 -4.24058440e-01
  -4.25037349e-01 -4.27863665e-01 -4.31969550e-01 -4.36678363e-01
  -4.41181446e-01 -4.44512801e-01 -4.45523519e-01 -4.42859374e-01
  -4.34947355e-01 -4.19999953e-01 -3.96049536e-01 -3.61028227e-01
  -3.12909462e-01 -2.49922922e-01 -1.70841264e-01 -7.53127290e-02
   3.58190968e-02  1.60297513e-01  2.94435067e-01  4.33363007e-01
   5.71540947e-01  7.03428500e-01  8.24156917e-01  9.30038743e-01
   1.01881728e+00  1.08964894e+00  1.14288548e+00  1.17975424e+00
   1.20202555e+00  1.21172597e+00  1.21092337e+00  1.20158539e+00
   1.18549953e+00  1.16423881e+00  1.13915746e+00  1.11140438e+00
   1.08194556e+00  1.05158968e+00  1.02101336e+00  9.90784454e-01
   9.61382317e-01  9.33215094e-01  9.06634021e-01  8.81945137e-01
   8.59418740e-01  8.39296960e-01  8.21799789e-01  8.07129853e-01
   7.95476183e-01  7.87017171e-01  7.81922898e-01  7.80356956e-01
   3.02993300e-02  5.06392068e-02  7.09540203e-02  9.13285528e-02
   1.11863332e-01  1.32677365e-01  1.53911258e-01  1.75730751e-01
   1.98330664e-01  2.21939228e-01  2.46822735e-01  2.73290360e-01
   3.01698957e-01  3.32457453e-01  3.66030378e-01  4.02939798e-01
   4.43764758e-01  4.89137040e-01  5.39731836e-01  5.96251755e-01
   6.59402574e-01  7.29859406e-01  8.08222630e-01  8.94964109e-01
   9.90366041e-01  1.09445701e+00  1.20695232e+00  1.32720764e+00
   1.45419596e+00  1.58651663e+00  1.72244181e+00  1.86000000e+00
   1.99708944e+00  2.13160837e+00  2.26158529e+00  2.38529236e+00
   2.50132893e+00  2.60866799e+00  2.70666521e+00  2.79503589e+00
   2.87380862e+00  2.94326559e+00  3.00387868e+00  3.05624824e+00
   3.10104941e+00  3.13898796e+00  3.17076649e+00  3.19706020e+00
   3.21850087e+00  3.23566755e+00  3.24908229e+00  3.25920964e+00
   3.26645852e+00  3.27118577e+00  3.27370059e+00  3.27426925e+00
   3.27311999e+00  3.27044763e+00  3.26641792e+00  3.26117145e+00
   3.25482723e+00  3.24748579e+00  3.23923192e+00  3.23013702e+00
   3.22026115e+00  3.20965482e+00  3.19836042e+00  3.18641354e+00
   3.17384403e+00  3.16067692e+00  3.14693319e+00  3.13263040e+00
   3.11778328e+00  3.10240416e+00  3.08650336e+00  3.07008952e+00
   3.05316986e+00  3.03575045e+00  3.01783634e+00  2.99943178e+00]
 [-2.07233989e+00 -1.93341910e+00 -1.80171516e+00 -1.67708689e+00
  -1.55939297e+00 -1.44849189e+00 -1.34424186e+00 -1.24650080e+00
  -1.15512618e+00 -1.06997495e+00 -9.90903373e-01 -9.17766809e-01
  -8.50419497e-01 -7.88714212e-01 -7.32501860e-01 -6.81630943e-01
  -6.35946884e-01 -5.95291157e-01 -5.59500169e-01 -5.28403840e-01
  -5.01823775e-01 -4.79570946e-01 -4.61442727e-01 -4.47219124e-01
  -4.36658007e-01 -4.29489080e-01 -4.25406304e-01 -4.24058440e-01
  -4.25037349e-01 -4.27863665e-01 -4.31969550e-01 -4.36678363e-01
  -4.41181446e-01 -4.44512801e-01 -4.45523519e-01 -4.42859374e-01
  -4.34947355e-01 -4.19999953e-01 -3.96049536e-01 -3.61028227e-01
  -3.12909462e-01 -2.49922922e-01 -1.70841264e-01 -7.53127290e-02
   3.58190968e-02  1.60297513e-01  2.94435067e-01  4.33363007e-01
   5.71540947e-01  7.03428500e-01  8.24156917e-01  9.30038743e-01
   1.01881728e+00  1.08964894e+00  1.14288548e+00  1.17975424e+00
   1.20202555e+00  1.21172597e+00  1.21092337e+00  1.20158539e+00
   1.18549953e+00  1.16423881e+00  1.13915746e+00  1.11140438e+00
   1.08194556e+00  1.05158968e+00  1.02101336e+00  9.90784454e-01
   9.61382317e-01  9.33215094e-01  9.06634021e-01  8.81945137e-01
   8.59418740e-01  8.39296960e-01  8.21799789e-01  8.07129853e-01
   7.95476183e-01  7.87017171e-01  7.81922898e-01  7.80356956e-01
   3.02993300e-02  5.06392068e-02  7.09540203e-02  9.13285528e-02
   1.11863332e-01  1.32677365e-01  1.53911258e-01  1.75730751e-01
   1.98330664e-01  2.21939228e-01  2.46822735e-01  2.73290360e-01
   3.01698957e-01  3.32457453e-01  3.66030378e-01  4.02939798e-01
   4.43764758e-01  4.89137040e-01  5.39731836e-01  5.96251755e-01
   6.59402574e-01  7.29859406e-01  8.08222630e-01  8.94964109e-01
   9.90366041e-01  1.09445701e+00  1.20695232e+00  1.32720764e+00
   1.45419596e+00  1.58651663e+00  1.72244181e+00  1.86000000e+00
   1.99708944e+00  2.13160837e+00  2.26158529e+00  2.38529236e+00
   2.50132893e+00  2.60866799e+00  2.70666521e+00  2.79503589e+00
   2.87380862e+00  2.94326559e+00  3.00387868e+00  3.05624824e+00
   3.10104941e+00  3.13898796e+00  3.17076649e+00  3.19706020e+00
   3.21850087e+00  3.23566755e+00  3.24908229e+00  3.25920964e+00
   3.26645852e+00  3.27118577e+00  3.27370059e+00  3.27426925e+00
   3.27311999e+00  3.27044763e+00  3.26641792e+00  3.26117145e+00
   3.25482723e+00  3.24748579e+00  3.23923192e+00  3.23013702e+00
   3.22026115e+00  3.20965482e+00  3.19836042e+00  3.18641354e+00
   3.17384403e+00  3.16067692e+00  3.14693319e+00  3.13263040e+00
   3.11778328e+00  3.10240416e+00  3.08650336e+00  3.07008952e+00
   3.05316986e+00  3.03575045e+00  3.01783634e+00  2.99943178e+00]
 [-2.07233989e+00 -1.93341910e+00 -1.80171516e+00 -1.67708689e+00
  -1.55939297e+00 -1.44849189e+00 -1.34424186e+00 -1.24650080e+00
  -1.15512618e+00 -1.06997495e+00 -9.90903373e-01 -9.17766809e-01
  -8.50419497e-01 -7.88714212e-01 -7.32501860e-01 -6.81630943e-01
  -6.35946884e-01 -5.95291157e-01 -5.59500169e-01 -5.28403840e-01
  -5.01823775e-01 -4.79570946e-01 -4.61442727e-01 -4.47219124e-01
  -4.36658007e-01 -4.29489080e-01 -4.25406304e-01 -4.24058440e-01
  -4.25037349e-01 -4.27863665e-01 -4.31969550e-01 -4.36678363e-01
  -4.41181446e-01 -4.44512801e-01 -4.45523519e-01 -4.42859374e-01
  -4.34947355e-01 -4.19999953e-01 -3.96049536e-01 -3.61028227e-01
  -3.12909462e-01 -2.49922922e-01 -1.70841264e-01 -7.53127290e-02
   3.58190968e-02  1.60297513e-01  2.94435067e-01  4.33363007e-01
   5.71540947e-01  7.03428500e-01  8.24156917e-01  9.30038743e-01
   1.01881728e+00  1.08964894e+00  1.14288548e+00  1.17975424e+00
   1.20202555e+00  1.21172597e+00  1.21092337e+00  1.20158539e+00
   1.18549953e+00  1.16423881e+00  1.13915746e+00  1.11140438e+00
   1.08194556e+00  1.05158968e+00  1.02101336e+00  9.90784454e-01
   9.61382317e-01  9.33215094e-01  9.06634021e-01  8.81945137e-01
   8.59418740e-01  8.39296960e-01  8.21799789e-01  8.07129853e-01
   7.95476183e-01  7.87017171e-01  7.81922898e-01  7.80356956e-01
   3.02993300e-02  5.06392068e-02  7.09540203e-02  9.13285528e-02
   1.11863332e-01  1.32677365e-01  1.53911258e-01  1.75730751e-01
   1.98330664e-01  2.21939228e-01  2.46822735e-01  2.73290360e-01
   3.01698957e-01  3.32457453e-01  3.66030378e-01  4.02939798e-01
   4.43764758e-01  4.89137040e-01  5.39731836e-01  5.96251755e-01
   6.59402574e-01  7.29859406e-01  8.08222630e-01  8.94964109e-01
   9.90366041e-01  1.09445701e+00  1.20695232e+00  1.32720764e+00
   1.45419596e+00  1.58651663e+00  1.72244181e+00  1.86000000e+00
   1.99708944e+00  2.13160837e+00  2.26158529e+00  2.38529236e+00
   2.50132893e+00  2.60866799e+00  2.70666521e+00  2.79503589e+00
   2.87380862e+00  2.94326559e+00  3.00387868e+00  3.05624824e+00
   3.10104941e+00  3.13898796e+00  3.17076649e+00  3.19706020e+00
   3.21850087e+00  3.23566755e+00  3.24908229e+00  3.25920964e+00
   3.26645852e+00  3.27118577e+00  3.27370059e+00  3.27426925e+00
   3.27311999e+00  3.27044763e+00  3.26641792e+00  3.26117145e+00
   3.25482723e+00  3.24748579e+00  3.23923192e+00  3.23013702e+00
   3.22026115e+00  3.20965482e+00  3.19836042e+00  3.18641354e+00
   3.17384403e+00  3.16067692e+00  3.14693319e+00  3.13263040e+00
   3.11778328e+00  3.10240416e+00  3.08650336e+00  3.07008952e+00
   3.05316986e+00  3.03575045e+00  3.01783634e+00  2.99943178e+00]
 [-2.07233989e+00 -1.93341910e+00 -1.80171516e+00 -1.67708689e+00
  -1.55939297e+00 -1.44849189e+00 -1.34424186e+00 -1.24650080e+00
  -1.15512618e+00 -1.06997495e+00 -9.90903373e-01 -9.17766809e-01
  -8.50419497e-01 -7.88714212e-01 -7.32501860e-01 -6.81630943e-01
  -6.35946884e-01 -5.95291157e-01 -5.59500169e-01 -5.28403840e-01
  -5.01823775e-01 -4.79570946e-01 -4.61442727e-01 -4.47219124e-01
  -4.36658007e-01 -4.29489080e-01 -4.25406304e-01 -4.24058440e-01
  -4.25037349e-01 -4.27863665e-01 -4.31969550e-01 -4.36678363e-01
  -4.41181446e-01 -4.44512801e-01 -4.45523519e-01 -4.42859374e-01
  -4.34947355e-01 -4.19999953e-01 -3.96049536e-01 -3.61028227e-01
  -3.12909462e-01 -2.49922922e-01 -1.70841264e-01 -7.53127290e-02
   3.58190968e-02  1.60297513e-01  2.94435067e-01  4.33363007e-01
   5.71540947e-01  7.03428500e-01  8.24156917e-01  9.30038743e-01
   1.01881728e+00  1.08964894e+00  1.14288548e+00  1.17975424e+00
   1.20202555e+00  1.21172597e+00  1.21092337e+00  1.20158539e+00
   1.18549953e+00  1.16423881e+00  1.13915746e+00  1.11140438e+00
   1.08194556e+00  1.05158968e+00  1.02101336e+00  9.90784454e-01
   9.61382317e-01  9.33215094e-01  9.06634021e-01  8.81945137e-01
   8.59418740e-01  8.39296960e-01  8.21799789e-01  8.07129853e-01
   7.95476183e-01  7.87017171e-01  7.81922898e-01  7.80356956e-01
   3.02993300e-02  5.06392068e-02  7.09540203e-02  9.13285528e-02
   1.11863332e-01  1.32677365e-01  1.53911258e-01  1.75730751e-01
   1.98330664e-01  2.21939228e-01  2.46822735e-01  2.73290360e-01
   3.01698957e-01  3.32457453e-01  3.66030378e-01  4.02939798e-01
   4.43764758e-01  4.89137040e-01  5.39731836e-01  5.96251755e-01
   6.59402574e-01  7.29859406e-01  8.08222630e-01  8.94964109e-01
   9.90366041e-01  1.09445701e+00  1.20695232e+00  1.32720764e+00
   1.45419596e+00  1.58651663e+00  1.72244181e+00  1.86000000e+00
   1.99708944e+00  2.13160837e+00  2.26158529e+00  2.38529236e+00
   2.50132893e+00  2.60866799e+00  2.70666521e+00  2.79503589e+00
   2.87380862e+00  2.94326559e+00  3.00387868e+00  3.05624824e+00
   3.10104941e+00  3.13898796e+00  3.17076649e+00  3.19706020e+00
   3.21850087e+00  3.23566755e+00  3.24908229e+00  3.25920964e+00
   3.26645852e+00  3.27118577e+00  3.27370059e+00  3.27426925e+00
   3.27311999e+00  3.27044763e+00  3.26641792e+00  3.26117145e+00
   3.25482723e+00  3.24748579e+00  3.23923192e+00  3.23013702e+00
   3.22026115e+00  3.20965482e+00  3.19836042e+00  3.18641354e+00
   3.17384403e+00  3.16067692e+00  3.14693319e+00  3.13263040e+00
   3.11778328e+00  3.10240416e+00  3.08650336e+00  3.07008952e+00
   3.05316986e+00  3.03575045e+00  3.01783634e+00  2.99943178e+00]
 [-2.07233989e+00 -1.93341910e+00 -1.80171516e+00 -1.67708689e+00
  -1.55939297e+00 -1.44849189e+00 -1.34424186e+00 -1.24650080e+00
  -1.15512618e+00 -1.06997495e+00 -9.90903373e-01 -9.17766809e-01
  -8.50419497e-01 -7.88714212e-01 -7.32501860e-01 -6.81630943e-01
  -6.35946884e-01 -5.95291157e-01 -5.59500169e-01 -5.28403840e-01
  -5.01823775e-01 -4.79570946e-01 -4.61442727e-01 -4.47219124e-01
  -4.36658007e-01 -4.29489080e-01 -4.25406304e-01 -4.24058440e-01
  -4.25037349e-01 -4.27863665e-01 -4.31969550e-01 -4.36678363e-01
  -4.41181446e-01 -4.44512801e-01 -4.45523519e-01 -4.42859374e-01
  -4.34947355e-01 -4.19999953e-01 -3.96049536e-01 -3.61028227e-01
  -3.12909462e-01 -2.49922922e-01 -1.70841264e-01 -7.53127290e-02
   3.58190968e-02  1.60297513e-01  2.94435067e-01  4.33363007e-01
   5.71540947e-01  7.03428500e-01  8.24156917e-01  9.30038743e-01
   1.01881728e+00  1.08964894e+00  1.14288548e+00  1.17975424e+00
   1.20202555e+00  1.21172597e+00  1.21092337e+00  1.20158539e+00
   1.18549953e+00  1.16423881e+00  1.13915746e+00  1.11140438e+00
   1.08194556e+00  1.05158968e+00  1.02101336e+00  9.90784454e-01
   9.61382317e-01  9.33215094e-01  9.06634021e-01  8.81945137e-01
   8.59418740e-01  8.39296960e-01  8.21799789e-01  8.07129853e-01
   7.95476183e-01  7.87017171e-01  7.81922898e-01  7.80356956e-01
   3.02993300e-02  5.06392068e-02  7.09540203e-02  9.13285528e-02
   1.11863332e-01  1.32677365e-01  1.53911258e-01  1.75730751e-01
   1.98330664e-01  2.21939228e-01  2.46822735e-01  2.73290360e-01
   3.01698957e-01  3.32457453e-01  3.66030378e-01  4.02939798e-01
   4.43764758e-01  4.89137040e-01  5.39731836e-01  5.96251755e-01
   6.59402574e-01  7.29859406e-01  8.08222630e-01  8.94964109e-01
   9.90366041e-01  1.09445701e+00  1.20695232e+00  1.32720764e+00
   1.45419596e+00  1.58651663e+00  1.72244181e+00  1.86000000e+00
   1.99708944e+00  2.13160837e+00  2.26158529e+00  2.38529236e+00
   2.50132893e+00  2.60866799e+00  2.70666521e+00  2.79503589e+00
   2.87380862e+00  2.94326559e+00  3.00387868e+00  3.05624824e+00
   3.10104941e+00  3.13898796e+00  3.17076649e+00  3.19706020e+00
   3.21850087e+00  3.23566755e+00  3.24908229e+00  3.25920964e+00
   3.26645852e+00  3.27118577e+00  3.27370059e+00  3.27426925e+00
   3.27311999e+00  3.27044763e+00  3.26641792e+00  3.26117145e+00
   3.25482723e+00  3.24748579e+00  3.23923192e+00  3.23013702e+00
   3.22026115e+00  3.20965482e+00  3.19836042e+00  3.18641354e+00
   3.17384403e+00  3.16067692e+00  3.14693319e+00  3.13263040e+00
   3.11778328e+00  3.10240416e+00  3.08650336e+00  3.07008952e+00
   3.05316986e+00  3.03575045e+00  3.01783634e+00  2.99943178e+00]
 [-2.07233989e+00 -1.93341910e+00 -1.80171516e+00 -1.67708689e+00
  -1.55939297e+00 -1.44849189e+00 -1.34424186e+00 -1.24650080e+00
  -1.15512618e+00 -1.06997495e+00 -9.90903373e-01 -9.17766809e-01
  -8.50419497e-01 -7.88714212e-01 -7.32501860e-01 -6.81630943e-01
  -6.35946884e-01 -5.95291157e-01 -5.59500169e-01 -5.28403840e-01
  -5.01823775e-01 -4.79570946e-01 -4.61442727e-01 -4.47219124e-01
  -4.36658007e-01 -4.29489080e-01 -4.25406304e-01 -4.24058440e-01
  -4.25037349e-01 -4.27863665e-01 -4.31969550e-01 -4.36678363e-01
  -4.41181446e-01 -4.44512801e-01 -4.45523519e-01 -4.42859374e-01
  -4.34947355e-01 -4.19999953e-01 -3.96049536e-01 -3.61028227e-01
  -3.12909462e-01 -2.49922922e-01 -1.70841264e-01 -7.53127290e-02
   3.58190968e-02  1.60297513e-01  2.94435067e-01  4.33363007e-01
   5.71540947e-01  7.03428500e-01  8.24156917e-01  9.30038743e-01
   1.01881728e+00  1.08964894e+00  1.14288548e+00  1.17975424e+00
   1.20202555e+00  1.21172597e+00  1.21092337e+00  1.20158539e+00
   1.18549953e+00  1.16423881e+00  1.13915746e+00  1.11140438e+00
   1.08194556e+00  1.05158968e+00  1.02101336e+00  9.90784454e-01
   9.61382317e-01  9.33215094e-01  9.06634021e-01  8.81945137e-01
   8.59418740e-01  8.39296960e-01  8.21799789e-01  8.07129853e-01
   7.95476183e-01  7.87017171e-01  7.81922898e-01  7.80356956e-01
   3.02993300e-02  5.06392068e-02  7.09540203e-02  9.13285528e-02
   1.11863332e-01  1.32677365e-01  1.53911258e-01  1.75730751e-01
   1.98330664e-01  2.21939228e-01  2.46822735e-01  2.73290360e-01
   3.01698957e-01  3.32457453e-01  3.66030378e-01  4.02939798e-01
   4.43764758e-01  4.89137040e-01  5.39731836e-01  5.96251755e-01
   6.59402574e-01  7.29859406e-01  8.08222630e-01  8.94964109e-01
   9.90366041e-01  1.09445701e+00  1.20695232e+00  1.32720764e+00
   1.45419596e+00  1.58651663e+00  1.72244181e+00  1.86000000e+00
   1.99708944e+00  2.13160837e+00  2.26158529e+00  2.38529236e+00
   2.50132893e+00  2.60866799e+00  2.70666521e+00  2.79503589e+00
   2.87380862e+00  2.94326559e+00  3.00387868e+00  3.05624824e+00
   3.10104941e+00  3.13898796e+00  3.17076649e+00  3.19706020e+00
   3.21850087e+00  3.23566755e+00  3.24908229e+00  3.25920964e+00
   3.26645852e+00  3.27118577e+00  3.27370059e+00  3.27426925e+00
   3.27311999e+00  3.27044763e+00  3.26641792e+00  3.26117145e+00
   3.25482723e+00  3.24748579e+00  3.23923192e+00  3.23013702e+00
   3.22026115e+00  3.20965482e+00  3.19836042e+00  3.18641354e+00
   3.17384403e+00  3.16067692e+00  3.14693319e+00  3.13263040e+00
   3.11778328e+00  3.10240416e+00  3.08650336e+00  3.07008952e+00
   3.05316986e+00  3.03575045e+00  3.01783634e+00  2.99943178e+00]
 [-2.07233989e+00 -1.93341910e+00 -1.80171516e+00 -1.67708689e+00
  -1.55939297e+00 -1.44849189e+00 -1.34424186e+00 -1.24650080e+00
  -1.15512618e+00 -1.06997495e+00 -9.90903373e-01 -9.17766809e-01
  -8.50419497e-01 -7.88714212e-01 -7.32501860e-01 -6.81630943e-01
  -6.35946884e-01 -5.95291157e-01 -5.59500169e-01 -5.28403840e-01
  -5.01823775e-01 -4.79570946e-01 -4.61442727e-01 -4.47219124e-01
  -4.36658007e-01 -4.29489080e-01 -4.25406304e-01 -4.24058440e-01
  -4.25037349e-01 -4.27863665e-01 -4.31969550e-01 -4.36678363e-01
  -4.41181446e-01 -4.44512801e-01 -4.45523519e-01 -4.42859374e-01
  -4.34947355e-01 -4.19999953e-01 -3.96049536e-01 -3.61028227e-01
  -3.12909462e-01 -2.49922922e-01 -1.70841264e-01 -7.53127290e-02
   3.58190968e-02  1.60297513e-01  2.94435067e-01  4.33363007e-01
   5.71540947e-01  7.03428500e-01  8.24156917e-01  9.30038743e-01
   1.01881728e+00  1.08964894e+00  1.14288548e+00  1.17975424e+00
   1.20202555e+00  1.21172597e+00  1.21092337e+00  1.20158539e+00
   1.18549953e+00  1.16423881e+00  1.13915746e+00  1.11140438e+00
   1.08194556e+00  1.05158968e+00  1.02101336e+00  9.90784454e-01
   9.61382317e-01  9.33215094e-01  9.06634021e-01  8.81945137e-01
   8.59418740e-01  8.39296960e-01  8.21799789e-01  8.07129853e-01
   7.95476183e-01  7.87017171e-01  7.81922898e-01  7.80356956e-01
   3.02993300e-02  5.06392068e-02  7.09540203e-02  9.13285528e-02
   1.11863332e-01  1.32677365e-01  1.53911258e-01  1.75730751e-01
   1.98330664e-01  2.21939228e-01  2.46822735e-01  2.73290360e-01
   3.01698957e-01  3.32457453e-01  3.66030378e-01  4.02939798e-01
   4.43764758e-01  4.89137040e-01  5.39731836e-01  5.96251755e-01
   6.59402574e-01  7.29859406e-01  8.08222630e-01  8.94964109e-01
   9.90366041e-01  1.09445701e+00  1.20695232e+00  1.32720764e+00
   1.45419596e+00  1.58651663e+00  1.72244181e+00  1.86000000e+00
   1.99708944e+00  2.13160837e+00  2.26158529e+00  2.38529236e+00
   2.50132893e+00  2.60866799e+00  2.70666521e+00  2.79503589e+00
   2.87380862e+00  2.94326559e+00  3.00387868e+00  3.05624824e+00
   3.10104941e+00  3.13898796e+00  3.17076649e+00  3.19706020e+00
   3.21850087e+00  3.23566755e+00  3.24908229e+00  3.25920964e+00
   3.26645852e+00  3.27118577e+00  3.27370059e+00  3.27426925e+00
   3.27311999e+00  3.27044763e+00  3.26641792e+00  3.26117145e+00
   3.25482723e+00  3.24748579e+00  3.23923192e+00  3.23013702e+00
   3.22026115e+00  3.20965482e+00  3.19836042e+00  3.18641354e+00
   3.17384403e+00  3.16067692e+00  3.14693319e+00  3.13263040e+00
   3.11778328e+00  3.10240416e+00  3.08650336e+00  3.07008952e+00
   3.05316986e+00  3.03575045e+00  3.01783634e+00  2.99943178e+00]
 [-2.07233989e+00 -1.93341910e+00 -1.80171516e+00 -1.67708689e+00
  -1.55939297e+00 -1.44849189e+00 -1.34424186e+00 -1.24650080e+00
  -1.15512618e+00 -1.06997495e+00 -9.90903373e-01 -9.17766809e-01
  -8.50419497e-01 -7.88714212e-01 -7.32501860e-01 -6.81630943e-01
  -6.35946884e-01 -5.95291157e-01 -5.59500169e-01 -5.28403840e-01
  -5.01823775e-01 -4.79570946e-01 -4.61442727e-01 -4.47219124e-01
  -4.36658007e-01 -4.29489080e-01 -4.25406304e-01 -4.24058440e-01
  -4.25037349e-01 -4.27863665e-01 -4.31969550e-01 -4.36678363e-01
  -4.41181446e-01 -4.44512801e-01 -4.45523519e-01 -4.42859374e-01
  -4.34947355e-01 -4.19999953e-01 -3.96049536e-01 -3.61028227e-01
  -3.12909462e-01 -2.49922922e-01 -1.70841264e-01 -7.53127290e-02
   3.58190968e-02  1.60297513e-01  2.94435067e-01  4.33363007e-01
   5.71540947e-01  7.03428500e-01  8.24156917e-01  9.30038743e-01
   1.01881728e+00  1.08964894e+00  1.14288548e+00  1.17975424e+00
   1.20202555e+00  1.21172597e+00  1.21092337e+00  1.20158539e+00
   1.18549953e+00  1.16423881e+00  1.13915746e+00  1.11140438e+00
   1.08194556e+00  1.05158968e+00  1.02101336e+00  9.90784454e-01
   9.61382317e-01  9.33215094e-01  9.06634021e-01  8.81945137e-01
   8.59418740e-01  8.39296960e-01  8.21799789e-01  8.07129853e-01
   7.95476183e-01  7.87017171e-01  7.81922898e-01  7.80356956e-01
   3.02993300e-02  5.06392068e-02  7.09540203e-02  9.13285528e-02
   1.11863332e-01  1.32677365e-01  1.53911258e-01  1.75730751e-01
   1.98330664e-01  2.21939228e-01  2.46822735e-01  2.73290360e-01
   3.01698957e-01  3.32457453e-01  3.66030378e-01  4.02939798e-01
   4.43764758e-01  4.89137040e-01  5.39731836e-01  5.96251755e-01
   6.59402574e-01  7.29859406e-01  8.08222630e-01  8.94964109e-01
   9.90366041e-01  1.09445701e+00  1.20695232e+00  1.32720764e+00
   1.45419596e+00  1.58651663e+00  1.72244181e+00  1.86000000e+00
   1.99708944e+00  2.13160837e+00  2.26158529e+00  2.38529236e+00
   2.50132893e+00  2.60866799e+00  2.70666521e+00  2.79503589e+00
   2.87380862e+00  2.94326559e+00  3.00387868e+00  3.05624824e+00
   3.10104941e+00  3.13898796e+00  3.17076649e+00  3.19706020e+00
   3.21850087e+00  3.23566755e+00  3.24908229e+00  3.25920964e+00
   3.26645852e+00  3.27118577e+00  3.27370059e+00  3.27426925e+00
   3.27311999e+00  3.27044763e+00  3.26641792e+00  3.26117145e+00
   3.25482723e+00  3.24748579e+00  3.23923192e+00  3.23013702e+00
   3.22026115e+00  3.20965482e+00  3.19836042e+00  3.18641354e+00
   3.17384403e+00  3.16067692e+00  3.14693319e+00  3.13263040e+00
   3.11778328e+00  3.10240416e+00  3.08650336e+00  3.07008952e+00
   3.05316986e+00  3.03575045e+00  3.01783634e+00  2.99943178e+00]
 [-2.07233989e+00 -1.93341910e+00 -1.80171516e+00 -1.67708689e+00
  -1.55939297e+00 -1.44849189e+00 -1.34424186e+00 -1.24650080e+00
  -1.15512618e+00 -1.06997495e+00 -9.90903373e-01 -9.17766809e-01
  -8.50419497e-01 -7.88714212e-01 -7.32501860e-01 -6.81630943e-01
  -6.35946884e-01 -5.95291157e-01 -5.59500169e-01 -5.28403840e-01
  -5.01823775e-01 -4.79570946e-01 -4.61442727e-01 -4.47219124e-01
  -4.36658007e-01 -4.29489080e-01 -4.25406304e-01 -4.24058440e-01
  -4.25037349e-01 -4.27863665e-01 -4.31969550e-01 -4.36678363e-01
  -4.41181446e-01 -4.44512801e-01 -4.45523519e-01 -4.42859374e-01
  -4.34947355e-01 -4.19999953e-01 -3.96049536e-01 -3.61028227e-01
  -3.12909462e-01 -2.49922922e-01 -1.70841264e-01 -7.53127290e-02
   3.58190968e-02  1.60297513e-01  2.94435067e-01  4.33363007e-01
   5.71540947e-01  7.03428500e-01  8.24156917e-01  9.30038743e-01
   1.01881728e+00  1.08964894e+00  1.14288548e+00  1.17975424e+00
   1.20202555e+00  1.21172597e+00  1.21092337e+00  1.20158539e+00
   1.18549953e+00  1.16423881e+00  1.13915746e+00  1.11140438e+00
   1.08194556e+00  1.05158968e+00  1.02101336e+00  9.90784454e-01
   9.61382317e-01  9.33215094e-01  9.06634021e-01  8.81945137e-01
   8.59418740e-01  8.39296960e-01  8.21799789e-01  8.07129853e-01
   7.95476183e-01  7.87017171e-01  7.81922898e-01  7.80356956e-01
   3.02993300e-02  5.06392068e-02  7.09540203e-02  9.13285528e-02
   1.11863332e-01  1.32677365e-01  1.53911258e-01  1.75730751e-01
   1.98330664e-01  2.21939228e-01  2.46822735e-01  2.73290360e-01
   3.01698957e-01  3.32457453e-01  3.66030378e-01  4.02939798e-01
   4.43764758e-01  4.89137040e-01  5.39731836e-01  5.96251755e-01
   6.59402574e-01  7.29859406e-01  8.08222630e-01  8.94964109e-01
   9.90366041e-01  1.09445701e+00  1.20695232e+00  1.32720764e+00
   1.45419596e+00  1.58651663e+00  1.72244181e+00  1.86000000e+00
   1.99708944e+00  2.13160837e+00  2.26158529e+00  2.38529236e+00
   2.50132893e+00  2.60866799e+00  2.70666521e+00  2.79503589e+00
   2.87380862e+00  2.94326559e+00  3.00387868e+00  3.05624824e+00
   3.10104941e+00  3.13898796e+00  3.17076649e+00  3.19706020e+00
   3.21850087e+00  3.23566755e+00  3.24908229e+00  3.25920964e+00
   3.26645852e+00  3.27118577e+00  3.27370059e+00  3.27426925e+00
   3.27311999e+00  3.27044763e+00  3.26641792e+00  3.26117145e+00
   3.25482723e+00  3.24748579e+00  3.23923192e+00  3.23013702e+00
   3.22026115e+00  3.20965482e+00  3.19836042e+00  3.18641354e+00
   3.17384403e+00  3.16067692e+00  3.14693319e+00  3.13263040e+00
   3.11778328e+00  3.10240416e+00  3.08650336e+00  3.07008952e+00
   3.05316986e+00  3.03575045e+00  3.01783634e+00  2.99943178e+00]
 [-2.07233989e+00 -1.93341910e+00 -1.80171516e+00 -1.67708689e+00
  -1.55939297e+00 -1.44849189e+00 -1.34424186e+00 -1.24650080e+00
  -1.15512618e+00 -1.06997495e+00 -9.90903373e-01 -9.17766809e-01
  -8.50419497e-01 -7.88714212e-01 -7.32501860e-01 -6.81630943e-01
  -6.35946884e-01 -5.95291157e-01 -5.59500169e-01 -5.28403840e-01
  -5.01823775e-01 -4.79570946e-01 -4.61442727e-01 -4.47219124e-01
  -4.36658007e-01 -4.29489080e-01 -4.25406304e-01 -4.24058440e-01
  -4.25037349e-01 -4.27863665e-01 -4.31969550e-01 -4.36678363e-01
  -4.41181446e-01 -4.44512801e-01 -4.45523519e-01 -4.42859374e-01
  -4.34947355e-01 -4.19999953e-01 -3.96049536e-01 -3.61028227e-01
  -3.12909462e-01 -2.49922922e-01 -1.70841264e-01 -7.53127290e-02
   3.58190968e-02  1.60297513e-01  2.94435067e-01  4.33363007e-01
   5.71540947e-01  7.03428500e-01  8.24156917e-01  9.30038743e-01
   1.01881728e+00  1.08964894e+00  1.14288548e+00  1.17975424e+00
   1.20202555e+00  1.21172597e+00  1.21092337e+00  1.20158539e+00
   1.18549953e+00  1.16423881e+00  1.13915746e+00  1.11140438e+00
   1.08194556e+00  1.05158968e+00  1.02101336e+00  9.90784454e-01
   9.61382317e-01  9.33215094e-01  9.06634021e-01  8.81945137e-01
   8.59418740e-01  8.39296960e-01  8.21799789e-01  8.07129853e-01
   7.95476183e-01  7.87017171e-01  7.81922898e-01  7.80356956e-01
   3.02993300e-02  5.06392068e-02  7.09540203e-02  9.13285528e-02
   1.11863332e-01  1.32677365e-01  1.53911258e-01  1.75730751e-01
   1.98330664e-01  2.21939228e-01  2.46822735e-01  2.73290360e-01
   3.01698957e-01  3.32457453e-01  3.66030378e-01  4.02939798e-01
   4.43764758e-01  4.89137040e-01  5.39731836e-01  5.96251755e-01
   6.59402574e-01  7.29859406e-01  8.08222630e-01  8.94964109e-01
   9.90366041e-01  1.09445701e+00  1.20695232e+00  1.32720764e+00
   1.45419596e+00  1.58651663e+00  1.72244181e+00  1.86000000e+00
   1.99708944e+00  2.13160837e+00  2.26158529e+00  2.38529236e+00
   2.50132893e+00  2.60866799e+00  2.70666521e+00  2.79503589e+00
   2.87380862e+00  2.94326559e+00  3.00387868e+00  3.05624824e+00
   3.10104941e+00  3.13898796e+00  3.17076649e+00  3.19706020e+00
   3.21850087e+00  3.23566755e+00  3.24908229e+00  3.25920964e+00
   3.26645852e+00  3.27118577e+00  3.27370059e+00  3.27426925e+00
   3.27311999e+00  3.27044763e+00  3.26641792e+00  3.26117145e+00
   3.25482723e+00  3.24748579e+00  3.23923192e+00  3.23013702e+00
   3.22026115e+00  3.20965482e+00  3.19836042e+00  3.18641354e+00
   3.17384403e+00  3.16067692e+00  3.14693319e+00  3.13263040e+00
   3.11778328e+00  3.10240416e+00  3.08650336e+00  3.07008952e+00
   3.05316986e+00  3.03575045e+00  3.01783634e+00  2.99943178e+00]
 [-2.07233989e+00 -1.93341910e+00 -1.80171516e+00 -1.67708689e+00
  -1.55939297e+00 -1.44849189e+00 -1.34424186e+00 -1.24650080e+00
  -1.15512618e+00 -1.06997495e+00 -9.90903373e-01 -9.17766809e-01
  -8.50419497e-01 -7.88714212e-01 -7.32501860e-01 -6.81630943e-01
  -6.35946884e-01 -5.95291157e-01 -5.59500169e-01 -5.28403840e-01
  -5.01823775e-01 -4.79570946e-01 -4.61442727e-01 -4.47219124e-01
  -4.36658007e-01 -4.29489080e-01 -4.25406304e-01 -4.24058440e-01
  -4.25037349e-01 -4.27863665e-01 -4.31969550e-01 -4.36678363e-01
  -4.41181446e-01 -4.44512801e-01 -4.45523519e-01 -4.42859374e-01
  -4.34947355e-01 -4.19999953e-01 -3.96049536e-01 -3.61028227e-01
  -3.12909462e-01 -2.49922922e-01 -1.70841264e-01 -7.53127290e-02
   3.58190968e-02  1.60297513e-01  2.94435067e-01  4.33363007e-01
   5.71540947e-01  7.03428500e-01  8.24156917e-01  9.30038743e-01
   1.01881728e+00  1.08964894e+00  1.14288548e+00  1.17975424e+00
   1.20202555e+00  1.21172597e+00  1.21092337e+00  1.20158539e+00
   1.18549953e+00  1.16423881e+00  1.13915746e+00  1.11140438e+00
   1.08194556e+00  1.05158968e+00  1.02101336e+00  9.90784454e-01
   9.61382317e-01  9.33215094e-01  9.06634021e-01  8.81945137e-01
   8.59418740e-01  8.39296960e-01  8.21799789e-01  8.07129853e-01
   7.95476183e-01  7.87017171e-01  7.81922898e-01  7.80356956e-01
   3.02993300e-02  5.06392068e-02  7.09540203e-02  9.13285528e-02
   1.11863332e-01  1.32677365e-01  1.53911258e-01  1.75730751e-01
   1.98330664e-01  2.21939228e-01  2.46822735e-01  2.73290360e-01
   3.01698957e-01  3.32457453e-01  3.66030378e-01  4.02939798e-01
   4.43764758e-01  4.89137040e-01  5.39731836e-01  5.96251755e-01
   6.59402574e-01  7.29859406e-01  8.08222630e-01  8.94964109e-01
   9.90366041e-01  1.09445701e+00  1.20695232e+00  1.32720764e+00
   1.45419596e+00  1.58651663e+00  1.72244181e+00  1.86000000e+00
   1.99708944e+00  2.13160837e+00  2.26158529e+00  2.38529236e+00
   2.50132893e+00  2.60866799e+00  2.70666521e+00  2.79503589e+00
   2.87380862e+00  2.94326559e+00  3.00387868e+00  3.05624824e+00
   3.10104941e+00  3.13898796e+00  3.17076649e+00  3.19706020e+00
   3.21850087e+00  3.23566755e+00  3.24908229e+00  3.25920964e+00
   3.26645852e+00  3.27118577e+00  3.27370059e+00  3.27426925e+00
   3.27311999e+00  3.27044763e+00  3.26641792e+00  3.26117145e+00
   3.25482723e+00  3.24748579e+00  3.23923192e+00  3.23013702e+00
   3.22026115e+00  3.20965482e+00  3.19836042e+00  3.18641354e+00
   3.17384403e+00  3.16067692e+00  3.14693319e+00  3.13263040e+00
   3.11778328e+00  3.10240416e+00  3.08650336e+00  3.07008952e+00
   3.05316986e+00  3.03575045e+00  3.01783634e+00  2.99943178e+00]
 [-2.07233989e+00 -1.93341910e+00 -1.80171516e+00 -1.67708689e+00
  -1.55939297e+00 -1.44849189e+00 -1.34424186e+00 -1.24650080e+00
  -1.15512618e+00 -1.06997495e+00 -9.90903373e-01 -9.17766809e-01
  -8.50419497e-01 -7.88714212e-01 -7.32501860e-01 -6.81630943e-01
  -6.35946884e-01 -5.95291157e-01 -5.59500169e-01 -5.28403840e-01
  -5.01823775e-01 -4.79570946e-01 -4.61442727e-01 -4.47219124e-01
  -4.36658007e-01 -4.29489080e-01 -4.25406304e-01 -4.24058440e-01
  -4.25037349e-01 -4.27863665e-01 -4.31969550e-01 -4.36678363e-01
  -4.41181446e-01 -4.44512801e-01 -4.45523519e-01 -4.42859374e-01
  -4.34947355e-01 -4.19999953e-01 -3.96049536e-01 -3.61028227e-01
  -3.12909462e-01 -2.49922922e-01 -1.70841264e-01 -7.53127290e-02
   3.58190968e-02  1.60297513e-01  2.94435067e-01  4.33363007e-01
   5.71540947e-01  7.03428500e-01  8.24156917e-01  9.30038743e-01
   1.01881728e+00  1.08964894e+00  1.14288548e+00  1.17975424e+00
   1.20202555e+00  1.21172597e+00  1.21092337e+00  1.20158539e+00
   1.18549953e+00  1.16423881e+00  1.13915746e+00  1.11140438e+00
   1.08194556e+00  1.05158968e+00  1.02101336e+00  9.90784454e-01
   9.61382317e-01  9.33215094e-01  9.06634021e-01  8.81945137e-01
   8.59418740e-01  8.39296960e-01  8.21799789e-01  8.07129853e-01
   7.95476183e-01  7.87017171e-01  7.81922898e-01  7.80356956e-01
   3.02993300e-02  5.06392068e-02  7.09540203e-02  9.13285528e-02
   1.11863332e-01  1.32677365e-01  1.53911258e-01  1.75730751e-01
   1.98330664e-01  2.21939228e-01  2.46822735e-01  2.73290360e-01
   3.01698957e-01  3.32457453e-01  3.66030378e-01  4.02939798e-01
   4.43764758e-01  4.89137040e-01  5.39731836e-01  5.96251755e-01
   6.59402574e-01  7.29859406e-01  8.08222630e-01  8.94964109e-01
   9.90366041e-01  1.09445701e+00  1.20695232e+00  1.32720764e+00
   1.45419596e+00  1.58651663e+00  1.72244181e+00  1.86000000e+00
   1.99708944e+00  2.13160837e+00  2.26158529e+00  2.38529236e+00
   2.50132893e+00  2.60866799e+00  2.70666521e+00  2.79503589e+00
   2.87380862e+00  2.94326559e+00  3.00387868e+00  3.05624824e+00
   3.10104941e+00  3.13898796e+00  3.17076649e+00  3.19706020e+00
   3.21850087e+00  3.23566755e+00  3.24908229e+00  3.25920964e+00
   3.26645852e+00  3.27118577e+00  3.27370059e+00  3.27426925e+00
   3.27311999e+00  3.27044763e+00  3.26641792e+00  3.26117145e+00
   3.25482723e+00  3.24748579e+00  3.23923192e+00  3.23013702e+00
   3.22026115e+00  3.20965482e+00  3.19836042e+00  3.18641354e+00
   3.17384403e+00  3.16067692e+00  3.14693319e+00  3.13263040e+00
   3.11778328e+00  3.10240416e+00  3.08650336e+00  3.07008952e+00
   3.05316986e+00  3.03575045e+00  3.01783634e+00  2.99943178e+00]
 [-2.07233989e+00 -1.93341910e+00 -1.80171516e+00 -1.67708689e+00
  -1.55939297e+00 -1.44849189e+00 -1.34424186e+00 -1.24650080e+00
  -1.15512618e+00 -1.06997495e+00 -9.90903373e-01 -9.17766809e-01
  -8.50419497e-01 -7.88714212e-01 -7.32501860e-01 -6.81630943e-01
  -6.35946884e-01 -5.95291157e-01 -5.59500169e-01 -5.28403840e-01
  -5.01823775e-01 -4.79570946e-01 -4.61442727e-01 -4.47219124e-01
  -4.36658007e-01 -4.29489080e-01 -4.25406304e-01 -4.24058440e-01
  -4.25037349e-01 -4.27863665e-01 -4.31969550e-01 -4.36678363e-01
  -4.41181446e-01 -4.44512801e-01 -4.45523519e-01 -4.42859374e-01
  -4.34947355e-01 -4.19999953e-01 -3.96049536e-01 -3.61028227e-01
  -3.12909462e-01 -2.49922922e-01 -1.70841264e-01 -7.53127290e-02
   3.58190968e-02  1.60297513e-01  2.94435067e-01  4.33363007e-01
   5.71540947e-01  7.03428500e-01  8.24156917e-01  9.30038743e-01
   1.01881728e+00  1.08964894e+00  1.14288548e+00  1.17975424e+00
   1.20202555e+00  1.21172597e+00  1.21092337e+00  1.20158539e+00
   1.18549953e+00  1.16423881e+00  1.13915746e+00  1.11140438e+00
   1.08194556e+00  1.05158968e+00  1.02101336e+00  9.90784454e-01
   9.61382317e-01  9.33215094e-01  9.06634021e-01  8.81945137e-01
   8.59418740e-01  8.39296960e-01  8.21799789e-01  8.07129853e-01
   7.95476183e-01  7.87017171e-01  7.81922898e-01  7.80356956e-01
   3.02993300e-02  5.06392068e-02  7.09540203e-02  9.13285528e-02
   1.11863332e-01  1.32677365e-01  1.53911258e-01  1.75730751e-01
   1.98330664e-01  2.21939228e-01  2.46822735e-01  2.73290360e-01
   3.01698957e-01  3.32457453e-01  3.66030378e-01  4.02939798e-01
   4.43764758e-01  4.89137040e-01  5.39731836e-01  5.96251755e-01
   6.59402574e-01  7.29859406e-01  8.08222630e-01  8.94964109e-01
   9.90366041e-01  1.09445701e+00  1.20695232e+00  1.32720764e+00
   1.45419596e+00  1.58651663e+00  1.72244181e+00  1.86000000e+00
   1.99708944e+00  2.13160837e+00  2.26158529e+00  2.38529236e+00
   2.50132893e+00  2.60866799e+00  2.70666521e+00  2.79503589e+00
   2.87380862e+00  2.94326559e+00  3.00387868e+00  3.05624824e+00
   3.10104941e+00  3.13898796e+00  3.17076649e+00  3.19706020e+00
   3.21850087e+00  3.23566755e+00  3.24908229e+00  3.25920964e+00
   3.26645852e+00  3.27118577e+00  3.27370059e+00  3.27426925e+00
   3.27311999e+00  3.27044763e+00  3.26641792e+00  3.26117145e+00
   3.25482723e+00  3.24748579e+00  3.23923192e+00  3.23013702e+00
   3.22026115e+00  3.20965482e+00  3.19836042e+00  3.18641354e+00
   3.17384403e+00  3.16067692e+00  3.14693319e+00  3.13263040e+00
   3.11778328e+00  3.10240416e+00  3.08650336e+00  3.07008952e+00
   3.05316986e+00  3.03575045e+00  3.01783634e+00  2.99943178e+00]
 [-2.07233989e+00 -1.93341910e+00 -1.80171516e+00 -1.67708689e+00
  -1.55939297e+00 -1.44849189e+00 -1.34424186e+00 -1.24650080e+00
  -1.15512618e+00 -1.06997495e+00 -9.90903373e-01 -9.17766809e-01
  -8.50419497e-01 -7.88714212e-01 -7.32501860e-01 -6.81630943e-01
  -6.35946884e-01 -5.95291157e-01 -5.59500169e-01 -5.28403840e-01
  -5.01823775e-01 -4.79570946e-01 -4.61442727e-01 -4.47219124e-01
  -4.36658007e-01 -4.29489080e-01 -4.25406304e-01 -4.24058440e-01
  -4.25037349e-01 -4.27863665e-01 -4.31969550e-01 -4.36678363e-01
  -4.41181446e-01 -4.44512801e-01 -4.45523519e-01 -4.42859374e-01
  -4.34947355e-01 -4.19999953e-01 -3.96049536e-01 -3.61028227e-01
  -3.12909462e-01 -2.49922922e-01 -1.70841264e-01 -7.53127290e-02
   3.58190968e-02  1.60297513e-01  2.94435067e-01  4.33363007e-01
   5.71540947e-01  7.03428500e-01  8.24156917e-01  9.30038743e-01
   1.01881728e+00  1.08964894e+00  1.14288548e+00  1.17975424e+00
   1.20202555e+00  1.21172597e+00  1.21092337e+00  1.20158539e+00
   1.18549953e+00  1.16423881e+00  1.13915746e+00  1.11140438e+00
   1.08194556e+00  1.05158968e+00  1.02101336e+00  9.90784454e-01
   9.61382317e-01  9.33215094e-01  9.06634021e-01  8.81945137e-01
   8.59418740e-01  8.39296960e-01  8.21799789e-01  8.07129853e-01
   7.95476183e-01  7.87017171e-01  7.81922898e-01  7.80356956e-01
   3.02993300e-02  5.06392068e-02  7.09540203e-02  9.13285528e-02
   1.11863332e-01  1.32677365e-01  1.53911258e-01  1.75730751e-01
   1.98330664e-01  2.21939228e-01  2.46822735e-01  2.73290360e-01
   3.01698957e-01  3.32457453e-01  3.66030378e-01  4.02939798e-01
   4.43764758e-01  4.89137040e-01  5.39731836e-01  5.96251755e-01
   6.59402574e-01  7.29859406e-01  8.08222630e-01  8.94964109e-01
   9.90366041e-01  1.09445701e+00  1.20695232e+00  1.32720764e+00
   1.45419596e+00  1.58651663e+00  1.72244181e+00  1.86000000e+00
   1.99708944e+00  2.13160837e+00  2.26158529e+00  2.38529236e+00
   2.50132893e+00  2.60866799e+00  2.70666521e+00  2.79503589e+00
   2.87380862e+00  2.94326559e+00  3.00387868e+00  3.05624824e+00
   3.10104941e+00  3.13898796e+00  3.17076649e+00  3.19706020e+00
   3.21850087e+00  3.23566755e+00  3.24908229e+00  3.25920964e+00
   3.26645852e+00  3.27118577e+00  3.27370059e+00  3.27426925e+00
   3.27311999e+00  3.27044763e+00  3.26641792e+00  3.26117145e+00
   3.25482723e+00  3.24748579e+00  3.23923192e+00  3.23013702e+00
   3.22026115e+00  3.20965482e+00  3.19836042e+00  3.18641354e+00
   3.17384403e+00  3.16067692e+00  3.14693319e+00  3.13263040e+00
   3.11778328e+00  3.10240416e+00  3.08650336e+00  3.07008952e+00
   3.05316986e+00  3.03575045e+00  3.01783634e+00  2.99943178e+00]
 [-2.07233989e+00 -1.93341910e+00 -1.80171516e+00 -1.67708689e+00
  -1.55939297e+00 -1.44849189e+00 -1.34424186e+00 -1.24650080e+00
  -1.15512618e+00 -1.06997495e+00 -9.90903373e-01 -9.17766809e-01
  -8.50419497e-01 -7.88714212e-01 -7.32501860e-01 -6.81630943e-01
  -6.35946884e-01 -5.95291157e-01 -5.59500169e-01 -5.28403840e-01
  -5.01823775e-01 -4.79570946e-01 -4.61442727e-01 -4.47219124e-01
  -4.36658007e-01 -4.29489080e-01 -4.25406304e-01 -4.24058440e-01
  -4.25037349e-01 -4.27863665e-01 -4.31969550e-01 -4.36678363e-01
  -4.41181446e-01 -4.44512801e-01 -4.45523519e-01 -4.42859374e-01
  -4.34947355e-01 -4.19999953e-01 -3.96049536e-01 -3.61028227e-01
  -3.12909462e-01 -2.49922922e-01 -1.70841264e-01 -7.53127290e-02
   3.58190968e-02  1.60297513e-01  2.94435067e-01  4.33363007e-01
   5.71540947e-01  7.03428500e-01  8.24156917e-01  9.30038743e-01
   1.01881728e+00  1.08964894e+00  1.14288548e+00  1.17975424e+00
   1.20202555e+00  1.21172597e+00  1.21092337e+00  1.20158539e+00
   1.18549953e+00  1.16423881e+00  1.13915746e+00  1.11140438e+00
   1.08194556e+00  1.05158968e+00  1.02101336e+00  9.90784454e-01
   9.61382317e-01  9.33215094e-01  9.06634021e-01  8.81945137e-01
   8.59418740e-01  8.39296960e-01  8.21799789e-01  8.07129853e-01
   7.95476183e-01  7.87017171e-01  7.81922898e-01  7.80356956e-01
   3.02993300e-02  5.06392068e-02  7.09540203e-02  9.13285528e-02
   1.11863332e-01  1.32677365e-01  1.53911258e-01  1.75730751e-01
   1.98330664e-01  2.21939228e-01  2.46822735e-01  2.73290360e-01
   3.01698957e-01  3.32457453e-01  3.66030378e-01  4.02939798e-01
   4.43764758e-01  4.89137040e-01  5.39731836e-01  5.96251755e-01
   6.59402574e-01  7.29859406e-01  8.08222630e-01  8.94964109e-01
   9.90366041e-01  1.09445701e+00  1.20695232e+00  1.32720764e+00
   1.45419596e+00  1.58651663e+00  1.72244181e+00  1.86000000e+00
   1.99708944e+00  2.13160837e+00  2.26158529e+00  2.38529236e+00
   2.50132893e+00  2.60866799e+00  2.70666521e+00  2.79503589e+00
   2.87380862e+00  2.94326559e+00  3.00387868e+00  3.05624824e+00
   3.10104941e+00  3.13898796e+00  3.17076649e+00  3.19706020e+00
   3.21850087e+00  3.23566755e+00  3.24908229e+00  3.25920964e+00
   3.26645852e+00  3.27118577e+00  3.27370059e+00  3.27426925e+00
   3.27311999e+00  3.27044763e+00  3.26641792e+00  3.26117145e+00
   3.25482723e+00  3.24748579e+00  3.23923192e+00  3.23013702e+00
   3.22026115e+00  3.20965482e+00  3.19836042e+00  3.18641354e+00
   3.17384403e+00  3.16067692e+00  3.14693319e+00  3.13263040e+00
   3.11778328e+00  3.10240416e+00  3.08650336e+00  3.07008952e+00
   3.05316986e+00  3.03575045e+00  3.01783634e+00  2.99943178e+00]
 [-2.07233989e+00 -1.93341910e+00 -1.80171516e+00 -1.67708689e+00
  -1.55939297e+00 -1.44849189e+00 -1.34424186e+00 -1.24650080e+00
  -1.15512618e+00 -1.06997495e+00 -9.90903373e-01 -9.17766809e-01
  -8.50419497e-01 -7.88714212e-01 -7.32501860e-01 -6.81630943e-01
  -6.35946884e-01 -5.95291157e-01 -5.59500169e-01 -5.28403840e-01
  -5.01823775e-01 -4.79570946e-01 -4.61442727e-01 -4.47219124e-01
  -4.36658007e-01 -4.29489080e-01 -4.25406304e-01 -4.24058440e-01
  -4.25037349e-01 -4.27863665e-01 -4.31969550e-01 -4.36678363e-01
  -4.41181446e-01 -4.44512801e-01 -4.45523519e-01 -4.42859374e-01
  -4.34947355e-01 -4.19999953e-01 -3.96049536e-01 -3.61028227e-01
  -3.12909462e-01 -2.49922922e-01 -1.70841264e-01 -7.53127290e-02
   3.58190968e-02  1.60297513e-01  2.94435067e-01  4.33363007e-01
   5.71540947e-01  7.03428500e-01  8.24156917e-01  9.30038743e-01
   1.01881728e+00  1.08964894e+00  1.14288548e+00  1.17975424e+00
   1.20202555e+00  1.21172597e+00  1.21092337e+00  1.20158539e+00
   1.18549953e+00  1.16423881e+00  1.13915746e+00  1.11140438e+00
   1.08194556e+00  1.05158968e+00  1.02101336e+00  9.90784454e-01
   9.61382317e-01  9.33215094e-01  9.06634021e-01  8.81945137e-01
   8.59418740e-01  8.39296960e-01  8.21799789e-01  8.07129853e-01
   7.95476183e-01  7.87017171e-01  7.81922898e-01  7.80356956e-01
   3.02993300e-02  5.06392068e-02  7.09540203e-02  9.13285528e-02
   1.11863332e-01  1.32677365e-01  1.53911258e-01  1.75730751e-01
   1.98330664e-01  2.21939228e-01  2.46822735e-01  2.73290360e-01
   3.01698957e-01  3.32457453e-01  3.66030378e-01  4.02939798e-01
   4.43764758e-01  4.89137040e-01  5.39731836e-01  5.96251755e-01
   6.59402574e-01  7.29859406e-01  8.08222630e-01  8.94964109e-01
   9.90366041e-01  1.09445701e+00  1.20695232e+00  1.32720764e+00
   1.45419596e+00  1.58651663e+00  1.72244181e+00  1.86000000e+00
   1.99708944e+00  2.13160837e+00  2.26158529e+00  2.38529236e+00
   2.50132893e+00  2.60866799e+00  2.70666521e+00  2.79503589e+00
   2.87380862e+00  2.94326559e+00  3.00387868e+00  3.05624824e+00
   3.10104941e+00  3.13898796e+00  3.17076649e+00  3.19706020e+00
   3.21850087e+00  3.23566755e+00  3.24908229e+00  3.25920964e+00
   3.26645852e+00  3.27118577e+00  3.27370059e+00  3.27426925e+00
   3.27311999e+00  3.27044763e+00  3.26641792e+00  3.26117145e+00
   3.25482723e+00  3.24748579e+00  3.23923192e+00  3.23013702e+00
   3.22026115e+00  3.20965482e+00  3.19836042e+00  3.18641354e+00
   3.17384403e+00  3.16067692e+00  3.14693319e+00  3.13263040e+00
   3.11778328e+00  3.10240416e+00  3.08650336e+00  3.07008952e+00
   3.05316986e+00  3.03575045e+00  3.01783634e+00  2.99943178e+00]
 [-2.07233989e+00 -1.93341910e+00 -1.80171516e+00 -1.67708689e+00
  -1.55939297e+00 -1.44849189e+00 -1.34424186e+00 -1.24650080e+00
  -1.15512618e+00 -1.06997495e+00 -9.90903373e-01 -9.17766809e-01
  -8.50419497e-01 -7.88714212e-01 -7.32501860e-01 -6.81630943e-01
  -6.35946884e-01 -5.95291157e-01 -5.59500169e-01 -5.28403840e-01
  -5.01823775e-01 -4.79570946e-01 -4.61442727e-01 -4.47219124e-01
  -4.36658007e-01 -4.29489080e-01 -4.25406304e-01 -4.24058440e-01
  -4.25037349e-01 -4.27863665e-01 -4.31969550e-01 -4.36678363e-01
  -4.41181446e-01 -4.44512801e-01 -4.45523519e-01 -4.42859374e-01
  -4.34947355e-01 -4.19999953e-01 -3.96049536e-01 -3.61028227e-01
  -3.12909462e-01 -2.49922922e-01 -1.70841264e-01 -7.53127290e-02
   3.58190968e-02  1.60297513e-01  2.94435067e-01  4.33363007e-01
   5.71540947e-01  7.03428500e-01  8.24156917e-01  9.30038743e-01
   1.01881728e+00  1.08964894e+00  1.14288548e+00  1.17975424e+00
   1.20202555e+00  1.21172597e+00  1.21092337e+00  1.20158539e+00
   1.18549953e+00  1.16423881e+00  1.13915746e+00  1.11140438e+00
   1.08194556e+00  1.05158968e+00  1.02101336e+00  9.90784454e-01
   9.61382317e-01  9.33215094e-01  9.06634021e-01  8.81945137e-01
   8.59418740e-01  8.39296960e-01  8.21799789e-01  8.07129853e-01
   7.95476183e-01  7.87017171e-01  7.81922898e-01  7.80356956e-01
   3.02993300e-02  5.06392068e-02  7.09540203e-02  9.13285528e-02
   1.11863332e-01  1.32677365e-01  1.53911258e-01  1.75730751e-01
   1.98330664e-01  2.21939228e-01  2.46822735e-01  2.73290360e-01
   3.01698957e-01  3.32457453e-01  3.66030378e-01  4.02939798e-01
   4.43764758e-01  4.89137040e-01  5.39731836e-01  5.96251755e-01
   6.59402574e-01  7.29859406e-01  8.08222630e-01  8.94964109e-01
   9.90366041e-01  1.09445701e+00  1.20695232e+00  1.32720764e+00
   1.45419596e+00  1.58651663e+00  1.72244181e+00  1.86000000e+00
   1.99708944e+00  2.13160837e+00  2.26158529e+00  2.38529236e+00
   2.50132893e+00  2.60866799e+00  2.70666521e+00  2.79503589e+00
   2.87380862e+00  2.94326559e+00  3.00387868e+00  3.05624824e+00
   3.10104941e+00  3.13898796e+00  3.17076649e+00  3.19706020e+00
   3.21850087e+00  3.23566755e+00  3.24908229e+00  3.25920964e+00
   3.26645852e+00  3.27118577e+00  3.27370059e+00  3.27426925e+00
   3.27311999e+00  3.27044763e+00  3.26641792e+00  3.26117145e+00
   3.25482723e+00  3.24748579e+00  3.23923192e+00  3.23013702e+00
   3.22026115e+00  3.20965482e+00  3.19836042e+00  3.18641354e+00
   3.17384403e+00  3.16067692e+00  3.14693319e+00  3.13263040e+00
   3.11778328e+00  3.10240416e+00  3.08650336e+00  3.07008952e+00
   3.05316986e+00  3.03575045e+00  3.01783634e+00  2.99943178e+00]]