 The beta generated by the logistic process :
[[-1.49576729e+00 -1.49276656e+00 -1.48937359e+00 -1.48553819e+00
  -1.48120407e+00 -1.47630814e+00 -1.47077984e+00 -1.46454039e+00
  -1.45750196e+00 -1.44956691e+00 -1.44062695e+00 -1.43056233e+00
  -1.41924108e+00 -1.40651836e+00 -1.39223583e+00 -1.37622140e+00
  -1.35828903e+00 -1.33823907e+00 -1.31585894e+00 -1.29092448e+00
  -1.26320188e+00 -1.23245062e+00 -1.19842724e+00 -1.16089025e+00
  -1.11960630e+00 -1.07435742e+00 -1.02494963e+00 -9.71222447e-01
  -9.13059351e-01 -8.50398602e-01 -7.83243979e-01 -7.11674754e-01
  -6.35854102e-01 -5.56035116e-01 -4.72563612e-01 -3.85877012e-01
  -2.96498818e-01 -2.05028521e-01 -1.12127138e-01 -1.84990181e-02
   7.51291020e-02  1.68030485e-01  2.59500782e-01  3.48878976e-01
   4.35565576e-01  5.19037079e-01  5.98856065e-01  6.74676718e-01
   7.46245943e-01  8.13400565e-01  8.76061315e-01  9.34224410e-01
   9.87951593e-01  1.03735939e+00  1.08260826e+00  1.12389222e+00
   1.16142920e+00  1.19545259e+00  1.22620385e+00  1.25392644e+00
   1.27886091e+00  1.30124103e+00  1.32129099e+00  1.33922336e+00
   1.35523780e+00  1.36952032e+00  1.38224305e+00  1.39356429e+00
   1.40362891e+00  1.41256887e+00  1.42050392e+00  1.42754235e+00
   1.43378181e+00  1.43931010e+00  1.44420603e+00  1.44854015e+00
   1.45237555e+00  1.45576853e+00  1.45876926e+00  1.46142243e+00
   1.44428281e-01  2.77883226e-01  4.00651187e-01  5.13013562e-01
   6.15251789e-01  7.07647360e-01  7.90481836e-01  8.64036865e-01
   9.28594211e-01  9.84435780e-01  1.03184367e+00  1.07110021e+00
   1.10248804e+00  1.12629021e+00  1.14279026e+00  1.15227239e+00
   1.15502162e+00  1.15132408e+00  1.14146724e+00  1.12574037e+00
   1.10443499e+00  1.07784556e+00  1.04627027e+00  1.01001210e+00
   9.69380217e-01  9.24691672e-01  8.76273647e-01  8.24466307e-01
   7.69626437e-01  7.12132094e-01  6.52388533e-01  5.90835739e-01
   5.27957972e-01  4.64295826e-01  4.00461379e-01  3.37157106e-01
   2.75199287e-01  2.15546656e-01  1.59334887e-01  1.07917260e-01
   6.29110945e-02  2.62483845e-02  2.26949065e-04 -1.24447609e-02
  -8.62072396e-03  1.52740801e-02  6.31749144e-02  1.39217532e-01
   2.47455063e-01  3.91428143e-01  5.73591458e-01  7.94648528e-01
   1.05291218e+00  1.34386901e+00  1.66014412e+00  1.99200000e+00
   2.32835588e+00  2.65813099e+00  2.97158782e+00  3.26135147e+00
   3.52290854e+00  3.75457186e+00  3.95704494e+00  4.13278247e+00
   4.28532509e+00  4.41872592e+00  4.53712072e+00  4.64444476e+00
   4.74427305e+00  4.83975162e+00  4.93358891e+00  5.02808274e+00
   5.12516511e+00  5.22645334e+00  5.33330071e+00  5.44684289e+00
   5.56803862e+00  5.69770417e+00  5.83654203e+00  5.98516426e+00]
 [-1.49576729e+00 -1.49276656e+00 -1.48937359e+00 -1.48553819e+00
  -1.48120407e+00 -1.47630814e+00 -1.47077984e+00 -1.46454039e+00
  -1.45750196e+00 -1.44956691e+00 -1.44062695e+00 -1.43056233e+00
  -1.41924108e+00 -1.40651836e+00 -1.39223583e+00 -1.37622140e+00
  -1.35828903e+00 -1.33823907e+00 -1.31585894e+00 -1.29092448e+00
  -1.26320188e+00 -1.23245062e+00 -1.19842724e+00 -1.16089025e+00
  -1.11960630e+00 -1.07435742e+00 -1.02494963e+00 -9.71222447e-01
  -9.13059351e-01 -8.50398602e-01 -7.83243979e-01 -7.11674754e-01
  -6.35854102e-01 -5.56035116e-01 -4.72563612e-01 -3.85877012e-01
  -2.96498818e-01 -2.05028521e-01 -1.12127138e-01 -1.84990181e-02
   7.51291020e-02  1.68030485e-01  2.59500782e-01  3.48878976e-01
   4.35565576e-01  5.19037079e-01  5.98856065e-01  6.74676718e-01
   7.46245943e-01  8.13400565e-01  8.76061315e-01  9.34224410e-01
   9.87951593e-01  1.03735939e+00  1.08260826e+00  1.12389222e+00
   1.16142920e+00  1.19545259e+00  1.22620385e+00  1.25392644e+00
   1.27886091e+00  1.30124103e+00  1.32129099e+00  1.33922336e+00
   1.35523780e+00  1.36952032e+00  1.38224305e+00  1.39356429e+00
   1.40362891e+00  1.41256887e+00  1.42050392e+00  1.42754235e+00
   1.43378181e+00  1.43931010e+00  1.44420603e+00  1.44854015e+00
   1.45237555e+00  1.45576853e+00  1.45876926e+00  1.46142243e+00
   1.44428281e-01  2.77883226e-01  4.00651187e-01  5.13013562e-01
   6.15251789e-01  7.07647360e-01  7.90481836e-01  8.64036865e-01
   9.28594211e-01  9.84435780e-01  1.03184367e+00  1.07110021e+00
   1.10248804e+00  1.12629021e+00  1.14279026e+00  1.15227239e+00
   1.15502162e+00  1.15132408e+00  1.14146724e+00  1.12574037e+00
   1.10443499e+00  1.07784556e+00  1.04627027e+00  1.01001210e+00
   9.69380217e-01  9.24691672e-01  8.76273647e-01  8.24466307e-01
   7.69626437e-01  7.12132094e-01  6.52388533e-01  5.90835739e-01
   5.27957972e-01  4.64295826e-01  4.00461379e-01  3.37157106e-01
   2.75199287e-01  2.15546656e-01  1.59334887e-01  1.07917260e-01
   6.29110945e-02  2.62483845e-02  2.26949065e-04 -1.24447609e-02
  -8.62072396e-03  1.52740801e-02  6.31749144e-02  1.39217532e-01
   2.47455063e-01  3.91428143e-01  5.73591458e-01  7.94648528e-01
   1.05291218e+00  1.34386901e+00  1.66014412e+00  1.99200000e+00
   2.32835588e+00  2.65813099e+00  2.97158782e+00  3.26135147e+00
   3.52290854e+00  3.75457186e+00  3.95704494e+00  4.13278247e+00
   4.28532509e+00  4.41872592e+00  4.53712072e+00  4.64444476e+00
   4.74427305e+00  4.83975162e+00  4.93358891e+00  5.02808274e+00
   5.12516511e+00  5.22645334e+00  5.33330071e+00  5.44684289e+00
   5.56803862e+00  5.69770417e+00  5.83654203e+00  5.98516426e+00]
 [-1.49576729e+00 -1.49276656e+00 -1.48937359e+00 -1.48553819e+00
  -1.48120407e+00 -1.47630814e+00 -1.47077984e+00 -1.46454039e+00
  -1.45750196e+00 -1.44956691e+00 -1.44062695e+00 -1.43056233e+00
  -1.41924108e+00 -1.40651836e+00 -1.39223583e+00 -1.37622140e+00
  -1.35828903e+00 -1.33823907e+00 -1.31585894e+00 -1.29092448e+00
  -1.26320188e+00 -1.23245062e+00 -1.19842724e+00 -1.16089025e+00
  -1.11960630e+00 -1.07435742e+00 -1.02494963e+00 -9.71222447e-01
  -9.13059351e-01 -8.50398602e-01 -7.83243979e-01 -7.11674754e-01
  -6.35854102e-01 -5.56035116e-01 -4.72563612e-01 -3.85877012e-01
  -2.96498818e-01 -2.05028521e-01 -1.12127138e-01 -1.84990181e-02
   7.51291020e-02  1.68030485e-01  2.59500782e-01  3.48878976e-01
   4.35565576e-01  5.19037079e-01  5.98856065e-01  6.74676718e-01
   7.46245943e-01  8.13400565e-01  8.76061315e-01  9.34224410e-01
   9.87951593e-01  1.03735939e+00  1.08260826e+00  1.12389222e+00
   1.16142920e+00  1.19545259e+00  1.22620385e+00  1.25392644e+00
   1.27886091e+00  1.30124103e+00  1.32129099e+00  1.33922336e+00
   1.35523780e+00  1.36952032e+00  1.38224305e+00  1.39356429e+00
   1.40362891e+00  1.41256887e+00  1.42050392e+00  1.42754235e+00
   1.43378181e+00  1.43931010e+00  1.44420603e+00  1.44854015e+00
   1.45237555e+00  1.45576853e+00  1.45876926e+00  1.46142243e+00
   1.44428281e-01  2.77883226e-01  4.00651187e-01  5.13013562e-01
   6.15251789e-01  7.07647360e-01  7.90481836e-01  8.64036865e-01
   9.28594211e-01  9.84435780e-01  1.03184367e+00  1.07110021e+00
   1.10248804e+00  1.12629021e+00  1.14279026e+00  1.15227239e+00
   1.15502162e+00  1.15132408e+00  1.14146724e+00  1.12574037e+00
   1.10443499e+00  1.07784556e+00  1.04627027e+00  1.01001210e+00
   9.69380217e-01  9.24691672e-01  8.76273647e-01  8.24466307e-01
   7.69626437e-01  7.12132094e-01  6.52388533e-01  5.90835739e-01
   5.27957972e-01  4.64295826e-01  4.00461379e-01  3.37157106e-01
   2.75199287e-01  2.15546656e-01  1.59334887e-01  1.07917260e-01
   6.29110945e-02  2.62483845e-02  2.26949065e-04 -1.24447609e-02
  -8.62072396e-03  1.52740801e-02  6.31749144e-02  1.39217532e-01
   2.47455063e-01  3.91428143e-01  5.73591458e-01  7.94648528e-01
   1.05291218e+00  1.34386901e+00  1.66014412e+00  1.99200000e+00
   2.32835588e+00  2.65813099e+00  2.97158782e+00  3.26135147e+00
   3.52290854e+00  3.75457186e+00  3.95704494e+00  4.13278247e+00
   4.28532509e+00  4.41872592e+00  4.53712072e+00  4.64444476e+00
   4.74427305e+00  4.83975162e+00  4.93358891e+00  5.02808274e+00
   5.12516511e+00  5.22645334e+00  5.33330071e+00  5.44684289e+00
   5.56803862e+00  5.69770417e+00  5.83654203e+00  5.98516426e+00]
 [-1.49576729e+00 -1.49276656e+00 -1.48937359e+00 -1.48553819e+00
  -1.48120407e+00 -1.47630814e+00 -1.47077984e+00 -1.46454039e+00
  -1.45750196e+00 -1.44956691e+00 -1.44062695e+00 -1.43056233e+00
  -1.41924108e+00 -1.40651836e+00 -1.39223583e+00 -1.37622140e+00
  -1.35828903e+00 -1.33823907e+00 -1.31585894e+00 -1.29092448e+00
  -1.26320188e+00 -1.23245062e+00 -1.19842724e+00 -1.16089025e+00
  -1.11960630e+00 -1.07435742e+00 -1.02494963e+00 -9.71222447e-01
  -9.13059351e-01 -8.50398602e-01 -7.83243979e-01 -7.11674754e-01
  -6.35854102e-01 -5.56035116e-01 -4.72563612e-01 -3.85877012e-01
  -2.96498818e-01 -2.05028521e-01 -1.12127138e-01 -1.84990181e-02
   7.51291020e-02  1.68030485e-01  2.59500782e-01  3.48878976e-01
   4.35565576e-01  5.19037079e-01  5.98856065e-01  6.74676718e-01
   7.46245943e-01  8.13400565e-01  8.76061315e-01  9.34224410e-01
   9.87951593e-01  1.03735939e+00  1.08260826e+00  1.12389222e+00
   1.16142920e+00  1.19545259e+00  1.22620385e+00  1.25392644e+00
   1.27886091e+00  1.30124103e+00  1.32129099e+00  1.33922336e+00
   1.35523780e+00  1.36952032e+00  1.38224305e+00  1.39356429e+00
   1.40362891e+00  1.41256887e+00  1.42050392e+00  1.42754235e+00
   1.43378181e+00  1.43931010e+00  1.44420603e+00  1.44854015e+00
   1.45237555e+00  1.45576853e+00  1.45876926e+00  1.46142243e+00
   1.44428281e-01  2.77883226e-01  4.00651187e-01  5.13013562e-01
   6.15251789e-01  7.07647360e-01  7.90481836e-01  8.64036865e-01
   9.28594211e-01  9.84435780e-01  1.03184367e+00  1.07110021e+00
   1.10248804e+00  1.12629021e+00  1.14279026e+00  1.15227239e+00
   1.15502162e+00  1.15132408e+00  1.14146724e+00  1.12574037e+00
   1.10443499e+00  1.07784556e+00  1.04627027e+00  1.01001210e+00
   9.69380217e-01  9.24691672e-01  8.76273647e-01  8.24466307e-01
   7.69626437e-01  7.12132094e-01  6.52388533e-01  5.90835739e-01
   5.27957972e-01  4.64295826e-01  4.00461379e-01  3.37157106e-01
   2.75199287e-01  2.15546656e-01  1.59334887e-01  1.07917260e-01
   6.29110945e-02  2.62483845e-02  2.26949065e-04 -1.24447609e-02
  -8.62072396e-03  1.52740801e-02  6.31749144e-02  1.39217532e-01
   2.47455063e-01  3.91428143e-01  5.73591458e-01  7.94648528e-01
   1.05291218e+00  1.34386901e+00  1.66014412e+00  1.99200000e+00
   2.32835588e+00  2.65813099e+00  2.97158782e+00  3.26135147e+00
   3.52290854e+00  3.75457186e+00  3.95704494e+00  4.13278247e+00
   4.28532509e+00  4.41872592e+00  4.53712072e+00  4.64444476e+00
   4.74427305e+00  4.83975162e+00  4.93358891e+00  5.02808274e+00
   5.12516511e+00  5.22645334e+00  5.33330071e+00  5.44684289e+00
   5.56803862e+00  5.69770417e+00  5.83654203e+00  5.98516426e+00]
 [-1.49576729e+00 -1.49276656e+00 -1.48937359e+00 -1.48553819e+00
  -1.48120407e+00 -1.47630814e+00 -1.47077984e+00 -1.46454039e+00
  -1.45750196e+00 -1.44956691e+00 -1.44062695e+00 -1.43056233e+00
  -1.41924108e+00 -1.40651836e+00 -1.39223583e+00 -1.37622140e+00
  -1.35828903e+00 -1.33823907e+00 -1.31585894e+00 -1.29092448e+00
  -1.26320188e+00 -1.23245062e+00 -1.19842724e+00 -1.16089025e+00
  -1.11960630e+00 -1.07435742e+00 -1.02494963e+00 -9.71222447e-01
  -9.13059351e-01 -8.50398602e-01 -7.83243979e-01 -7.11674754e-01
  -6.35854102e-01 -5.56035116e-01 -4.72563612e-01 -3.85877012e-01
  -2.96498818e-01 -2.05028521e-01 -1.12127138e-01 -1.84990181e-02
   7.51291020e-02  1.68030485e-01  2.59500782e-01  3.48878976e-01
   4.35565576e-01  5.19037079e-01  5.98856065e-01  6.74676718e-01
   7.46245943e-01  8.13400565e-01  8.76061315e-01  9.34224410e-01
   9.87951593e-01  1.03735939e+00  1.08260826e+00  1.12389222e+00
   1.16142920e+00  1.19545259e+00  1.22620385e+00  1.25392644e+00
   1.27886091e+00  1.30124103e+00  1.32129099e+00  1.33922336e+00
   1.35523780e+00  1.36952032e+00  1.38224305e+00  1.39356429e+00
   1.40362891e+00  1.41256887e+00  1.42050392e+00  1.42754235e+00
   1.43378181e+00  1.43931010e+00  1.44420603e+00  1.44854015e+00
   1.45237555e+00  1.45576853e+00  1.45876926e+00  1.46142243e+00
   1.44428281e-01  2.77883226e-01  4.00651187e-01  5.13013562e-01
   6.15251789e-01  7.07647360e-01  7.90481836e-01  8.64036865e-01
   9.28594211e-01  9.84435780e-01  1.03184367e+00  1.07110021e+00
   1.10248804e+00  1.12629021e+00  1.14279026e+00  1.15227239e+00
   1.15502162e+00  1.15132408e+00  1.14146724e+00  1.12574037e+00
   1.10443499e+00  1.07784556e+00  1.04627027e+00  1.01001210e+00
   9.69380217e-01  9.24691672e-01  8.76273647e-01  8.24466307e-01
   7.69626437e-01  7.12132094e-01  6.52388533e-01  5.90835739e-01
   5.27957972e-01  4.64295826e-01  4.00461379e-01  3.37157106e-01
   2.75199287e-01  2.15546656e-01  1.59334887e-01  1.07917260e-01
   6.29110945e-02  2.62483845e-02  2.26949065e-04 -1.24447609e-02
  -8.62072396e-03  1.52740801e-02  6.31749144e-02  1.39217532e-01
   2.47455063e-01  3.91428143e-01  5.73591458e-01  7.94648528e-01
   1.05291218e+00  1.34386901e+00  1.66014412e+00  1.99200000e+00
   2.32835588e+00  2.65813099e+00  2.97158782e+00  3.26135147e+00
   3.52290854e+00  3.75457186e+00  3.95704494e+00  4.13278247e+00
   4.28532509e+00  4.41872592e+00  4.53712072e+00  4.64444476e+00
   4.74427305e+00  4.83975162e+00  4.93358891e+00  5.02808274e+00
   5.12516511e+00  5.22645334e+00  5.33330071e+00  5.44684289e+00
   5.56803862e+00  5.69770417e+00  5.83654203e+00  5.98516426e+00]
 [-1.49576729e+00 -1.49276656e+00 -1.48937359e+00 -1.48553819e+00
  -1.48120407e+00 -1.47630814e+00 -1.47077984e+00 -1.46454039e+00
  -1.45750196e+00 -1.44956691e+00 -1.44062695e+00 -1.43056233e+00
  -1.41924108e+00 -1.40651836e+00 -1.39223583e+00 -1.37622140e+00
  -1.35828903e+00 -1.33823907e+00 -1.31585894e+00 -1.29092448e+00
  -1.26320188e+00 -1.23245062e+00 -1.19842724e+00 -1.16089025e+00
  -1.11960630e+00 -1.07435742e+00 -1.02494963e+00 -9.71222447e-01
  -9.13059351e-01 -8.50398602e-01 -7.83243979e-01 -7.11674754e-01
  -6.35854102e-01 -5.56035116e-01 -4.72563612e-01 -3.85877012e-01
  -2.96498818e-01 -2.05028521e-01 -1.12127138e-01 -1.84990181e-02
   7.51291020e-02  1.68030485e-01  2.59500782e-01  3.48878976e-01
   4.35565576e-01  5.19037079e-01  5.98856065e-01  6.74676718e-01
   7.46245943e-01  8.13400565e-01  8.76061315e-01  9.34224410e-01
   9.87951593e-01  1.03735939e+00  1.08260826e+00  1.12389222e+00
   1.16142920e+00  1.19545259e+00  1.22620385e+00  1.25392644e+00
   1.27886091e+00  1.30124103e+00  1.32129099e+00  1.33922336e+00
   1.35523780e+00  1.36952032e+00  1.38224305e+00  1.39356429e+00
   1.40362891e+00  1.41256887e+00  1.42050392e+00  1.42754235e+00
   1.43378181e+00  1.43931010e+00  1.44420603e+00  1.44854015e+00
   1.45237555e+00  1.45576853e+00  1.45876926e+00  1.46142243e+00
   1.44428281e-01  2.77883226e-01  4.00651187e-01  5.13013562e-01
   6.15251789e-01  7.07647360e-01  7.90481836e-01  8.64036865e-01
   9.28594211e-01  9.84435780e-01  1.03184367e+00  1.07110021e+00
   1.10248804e+00  1.12629021e+00  1.14279026e+00  1.15227239e+00
   1.15502162e+00  1.15132408e+00  1.14146724e+00  1.12574037e+00
   1.10443499e+00  1.07784556e+00  1.04627027e+00  1.01001210e+00
   9.69380217e-01  9.24691672e-01  8.76273647e-01  8.24466307e-01
   7.69626437e-01  7.12132094e-01  6.52388533e-01  5.90835739e-01
   5.27957972e-01  4.64295826e-01  4.00461379e-01  3.37157106e-01
   2.75199287e-01  2.15546656e-01  1.59334887e-01  1.07917260e-01
   6.29110945e-02  2.62483845e-02  2.26949065e-04 -1.24447609e-02
  -8.62072396e-03  1.52740801e-02  6.31749144e-02  1.39217532e-01
   2.47455063e-01  3.91428143e-01  5.73591458e-01  7.94648528e-01
   1.05291218e+00  1.34386901e+00  1.66014412e+00  1.99200000e+00
   2.32835588e+00  2.65813099e+00  2.97158782e+00  3.26135147e+00
   3.52290854e+00  3.75457186e+00  3.95704494e+00  4.13278247e+00
   4.28532509e+00  4.41872592e+00  4.53712072e+00  4.64444476e+00
   4.74427305e+00  4.83975162e+00  4.93358891e+00  5.02808274e+00
   5.12516511e+00  5.22645334e+00  5.33330071e+00  5.44684289e+00
   5.56803862e+00  5.69770417e+00  5.83654203e+00  5.98516426e+00]
 [-1.49576729e+00 -1.49276656e+00 -1.48937359e+00 -1.48553819e+00
  -1.48120407e+00 -1.47630814e+00 -1.47077984e+00 -1.46454039e+00
  -1.45750196e+00 -1.44956691e+00 -1.44062695e+00 -1.43056233e+00
  -1.41924108e+00 -1.40651836e+00 -1.39223583e+00 -1.37622140e+00
  -1.35828903e+00 -1.33823907e+00 -1.31585894e+00 -1.29092448e+00
  -1.26320188e+00 -1.23245062e+00 -1.19842724e+00 -1.16089025e+00
  -1.11960630e+00 -1.07435742e+00 -1.02494963e+00 -9.71222447e-01
  -9.13059351e-01 -8.50398602e-01 -7.83243979e-01 -7.11674754e-01
  -6.35854102e-01 -5.56035116e-01 -4.72563612e-01 -3.85877012e-01
  -2.96498818e-01 -2.05028521e-01 -1.12127138e-01 -1.84990181e-02
   7.51291020e-02  1.68030485e-01  2.59500782e-01  3.48878976e-01
   4.35565576e-01  5.19037079e-01  5.98856065e-01  6.74676718e-01
   7.46245943e-01  8.13400565e-01  8.76061315e-01  9.34224410e-01
   9.87951593e-01  1.03735939e+00  1.08260826e+00  1.12389222e+00
   1.16142920e+00  1.19545259e+00  1.22620385e+00  1.25392644e+00
   1.27886091e+00  1.30124103e+00  1.32129099e+00  1.33922336e+00
   1.35523780e+00  1.36952032e+00  1.38224305e+00  1.39356429e+00
   1.40362891e+00  1.41256887e+00  1.42050392e+00  1.42754235e+00
   1.43378181e+00  1.43931010e+00  1.44420603e+00  1.44854015e+00
   1.45237555e+00  1.45576853e+00  1.45876926e+00  1.46142243e+00
   1.44428281e-01  2.77883226e-01  4.00651187e-01  5.13013562e-01
   6.15251789e-01  7.07647360e-01  7.90481836e-01  8.64036865e-01
   9.28594211e-01  9.84435780e-01  1.03184367e+00  1.07110021e+00
   1.10248804e+00  1.12629021e+00  1.14279026e+00  1.15227239e+00
   1.15502162e+00  1.15132408e+00  1.14146724e+00  1.12574037e+00
   1.10443499e+00  1.07784556e+00  1.04627027e+00  1.01001210e+00
   9.69380217e-01  9.24691672e-01  8.76273647e-01  8.24466307e-01
   7.69626437e-01  7.12132094e-01  6.52388533e-01  5.90835739e-01
   5.27957972e-01  4.64295826e-01  4.00461379e-01  3.37157106e-01
   2.75199287e-01  2.15546656e-01  1.59334887e-01  1.07917260e-01
   6.29110945e-02  2.62483845e-02  2.26949065e-04 -1.24447609e-02
  -8.62072396e-03  1.52740801e-02  6.31749144e-02  1.39217532e-01
   2.47455063e-01  3.91428143e-01  5.73591458e-01  7.94648528e-01
   1.05291218e+00  1.34386901e+00  1.66014412e+00  1.99200000e+00
   2.32835588e+00  2.65813099e+00  2.97158782e+00  3.26135147e+00
   3.52290854e+00  3.75457186e+00  3.95704494e+00  4.13278247e+00
   4.28532509e+00  4.41872592e+00  4.53712072e+00  4.64444476e+00
   4.74427305e+00  4.83975162e+00  4.93358891e+00  5.02808274e+00
   5.12516511e+00  5.22645334e+00  5.33330071e+00  5.44684289e+00
   5.56803862e+00  5.69770417e+00  5.83654203e+00  5.98516426e+00]
 [-1.49576729e+00 -1.49276656e+00 -1.48937359e+00 -1.48553819e+00
  -1.48120407e+00 -1.47630814e+00 -1.47077984e+00 -1.46454039e+00
  -1.45750196e+00 -1.44956691e+00 -1.44062695e+00 -1.43056233e+00
  -1.41924108e+00 -1.40651836e+00 -1.39223583e+00 -1.37622140e+00
  -1.35828903e+00 -1.33823907e+00 -1.31585894e+00 -1.29092448e+00
  -1.26320188e+00 -1.23245062e+00 -1.19842724e+00 -1.16089025e+00
  -1.11960630e+00 -1.07435742e+00 -1.02494963e+00 -9.71222447e-01
  -9.13059351e-01 -8.50398602e-01 -7.83243979e-01 -7.11674754e-01
  -6.35854102e-01 -5.56035116e-01 -4.72563612e-01 -3.85877012e-01
  -2.96498818e-01 -2.05028521e-01 -1.12127138e-01 -1.84990181e-02
   7.51291020e-02  1.68030485e-01  2.59500782e-01  3.48878976e-01
   4.35565576e-01  5.19037079e-01  5.98856065e-01  6.74676718e-01
   7.46245943e-01  8.13400565e-01  8.76061315e-01  9.34224410e-01
   9.87951593e-01  1.03735939e+00  1.08260826e+00  1.12389222e+00
   1.16142920e+00  1.19545259e+00  1.22620385e+00  1.25392644e+00
   1.27886091e+00  1.30124103e+00  1.32129099e+00  1.33922336e+00
   1.35523780e+00  1.36952032e+00  1.38224305e+00  1.39356429e+00
   1.40362891e+00  1.41256887e+00  1.42050392e+00  1.42754235e+00
   1.43378181e+00  1.43931010e+00  1.44420603e+00  1.44854015e+00
   1.45237555e+00  1.45576853e+00  1.45876926e+00  1.46142243e+00
   1.44428281e-01  2.77883226e-01  4.00651187e-01  5.13013562e-01
   6.15251789e-01  7.07647360e-01  7.90481836e-01  8.64036865e-01
   9.28594211e-01  9.84435780e-01  1.03184367e+00  1.07110021e+00
   1.10248804e+00  1.12629021e+00  1.14279026e+00  1.15227239e+00
   1.15502162e+00  1.15132408e+00  1.14146724e+00  1.12574037e+00
   1.10443499e+00  1.07784556e+00  1.04627027e+00  1.01001210e+00
   9.69380217e-01  9.24691672e-01  8.76273647e-01  8.24466307e-01
   7.69626437e-01  7.12132094e-01  6.52388533e-01  5.90835739e-01
   5.27957972e-01  4.64295826e-01  4.00461379e-01  3.37157106e-01
   2.75199287e-01  2.15546656e-01  1.59334887e-01  1.07917260e-01
   6.29110945e-02  2.62483845e-02  2.26949065e-04 -1.24447609e-02
  -8.62072396e-03  1.52740801e-02  6.31749144e-02  1.39217532e-01
   2.47455063e-01  3.91428143e-01  5.73591458e-01  7.94648528e-01
   1.05291218e+00  1.34386901e+00  1.66014412e+00  1.99200000e+00
   2.32835588e+00  2.65813099e+00  2.97158782e+00  3.26135147e+00
   3.52290854e+00  3.75457186e+00  3.95704494e+00  4.13278247e+00
   4.28532509e+00  4.41872592e+00  4.53712072e+00  4.64444476e+00
   4.74427305e+00  4.83975162e+00  4.93358891e+00  5.02808274e+00
   5.12516511e+00  5.22645334e+00  5.33330071e+00  5.44684289e+00
   5.56803862e+00  5.69770417e+00  5.83654203e+00  5.98516426e+00]
 [-1.49576729e+00 -1.49276656e+00 -1.48937359e+00 -1.48553819e+00
  -1.48120407e+00 -1.47630814e+00 -1.47077984e+00 -1.46454039e+00
  -1.45750196e+00 -1.44956691e+00 -1.44062695e+00 -1.43056233e+00
  -1.41924108e+00 -1.40651836e+00 -1.39223583e+00 -1.37622140e+00
  -1.35828903e+00 -1.33823907e+00 -1.31585894e+00 -1.29092448e+00
  -1.26320188e+00 -1.23245062e+00 -1.19842724e+00 -1.16089025e+00
  -1.11960630e+00 -1.07435742e+00 -1.02494963e+00 -9.71222447e-01
  -9.13059351e-01 -8.50398602e-01 -7.83243979e-01 -7.11674754e-01
  -6.35854102e-01 -5.56035116e-01 -4.72563612e-01 -3.85877012e-01
  -2.96498818e-01 -2.05028521e-01 -1.12127138e-01 -1.84990181e-02
   7.51291020e-02  1.68030485e-01  2.59500782e-01  3.48878976e-01
   4.35565576e-01  5.19037079e-01  5.98856065e-01  6.74676718e-01
   7.46245943e-01  8.13400565e-01  8.76061315e-01  9.34224410e-01
   9.87951593e-01  1.03735939e+00  1.08260826e+00  1.12389222e+00
   1.16142920e+00  1.19545259e+00  1.22620385e+00  1.25392644e+00
   1.27886091e+00  1.30124103e+00  1.32129099e+00  1.33922336e+00
   1.35523780e+00  1.36952032e+00  1.38224305e+00  1.39356429e+00
   1.40362891e+00  1.41256887e+00  1.42050392e+00  1.42754235e+00
   1.43378181e+00  1.43931010e+00  1.44420603e+00  1.44854015e+00
   1.45237555e+00  1.45576853e+00  1.45876926e+00  1.46142243e+00
   1.44428281e-01  2.77883226e-01  4.00651187e-01  5.13013562e-01
   6.15251789e-01  7.07647360e-01  7.90481836e-01  8.64036865e-01
   9.28594211e-01  9.84435780e-01  1.03184367e+00  1.07110021e+00
   1.10248804e+00  1.12629021e+00  1.14279026e+00  1.15227239e+00
   1.15502162e+00  1.15132408e+00  1.14146724e+00  1.12574037e+00
   1.10443499e+00  1.07784556e+00  1.04627027e+00  1.01001210e+00
   9.69380217e-01  9.24691672e-01  8.76273647e-01  8.24466307e-01
   7.69626437e-01  7.12132094e-01  6.52388533e-01  5.90835739e-01
   5.27957972e-01  4.64295826e-01  4.00461379e-01  3.37157106e-01
   2.75199287e-01  2.15546656e-01  1.59334887e-01  1.07917260e-01
   6.29110945e-02  2.62483845e-02  2.26949065e-04 -1.24447609e-02
  -8.62072396e-03  1.52740801e-02  6.31749144e-02  1.39217532e-01
   2.47455063e-01  3.91428143e-01  5.73591458e-01  7.94648528e-01
   1.05291218e+00  1.34386901e+00  1.66014412e+00  1.99200000e+00
   2.32835588e+00  2.65813099e+00  2.97158782e+00  3.26135147e+00
   3.52290854e+00  3.75457186e+00  3.95704494e+00  4.13278247e+00
   4.28532509e+00  4.41872592e+00  4.53712072e+00  4.64444476e+00
   4.74427305e+00  4.83975162e+00  4.93358891e+00  5.02808274e+00
   5.12516511e+00  5.22645334e+00  5.33330071e+00  5.44684289e+00
   5.56803862e+00  5.69770417e+00  5.83654203e+00  5.98516426e+00]
 [-1.49576729e+00 -1.49276656e+00 -1.48937359e+00 -1.48553819e+00
  -1.48120407e+00 -1.47630814e+00 -1.47077984e+00 -1.46454039e+00
  -1.45750196e+00 -1.44956691e+00 -1.44062695e+00 -1.43056233e+00
  -1.41924108e+00 -1.40651836e+00 -1.39223583e+00 -1.37622140e+00
  -1.35828903e+00 -1.33823907e+00 -1.31585894e+00 -1.29092448e+00
  -1.26320188e+00 -1.23245062e+00 -1.19842724e+00 -1.16089025e+00
  -1.11960630e+00 -1.07435742e+00 -1.02494963e+00 -9.71222447e-01
  -9.13059351e-01 -8.50398602e-01 -7.83243979e-01 -7.11674754e-01
  -6.35854102e-01 -5.56035116e-01 -4.72563612e-01 -3.85877012e-01
  -2.96498818e-01 -2.05028521e-01 -1.12127138e-01 -1.84990181e-02
   7.51291020e-02  1.68030485e-01  2.59500782e-01  3.48878976e-01
   4.35565576e-01  5.19037079e-01  5.98856065e-01  6.74676718e-01
   7.46245943e-01  8.13400565e-01  8.76061315e-01  9.34224410e-01
   9.87951593e-01  1.03735939e+00  1.08260826e+00  1.12389222e+00
   1.16142920e+00  1.19545259e+00  1.22620385e+00  1.25392644e+00
   1.27886091e+00  1.30124103e+00  1.32129099e+00  1.33922336e+00
   1.35523780e+00  1.36952032e+00  1.38224305e+00  1.39356429e+00
   1.40362891e+00  1.41256887e+00  1.42050392e+00  1.42754235e+00
   1.43378181e+00  1.43931010e+00  1.44420603e+00  1.44854015e+00
   1.45237555e+00  1.45576853e+00  1.45876926e+00  1.46142243e+00
   1.44428281e-01  2.77883226e-01  4.00651187e-01  5.13013562e-01
   6.15251789e-01  7.07647360e-01  7.90481836e-01  8.64036865e-01
   9.28594211e-01  9.84435780e-01  1.03184367e+00  1.07110021e+00
   1.10248804e+00  1.12629021e+00  1.14279026e+00  1.15227239e+00
   1.15502162e+00  1.15132408e+00  1.14146724e+00  1.12574037e+00
   1.10443499e+00  1.07784556e+00  1.04627027e+00  1.01001210e+00
   9.69380217e-01  9.24691672e-01  8.76273647e-01  8.24466307e-01
   7.69626437e-01  7.12132094e-01  6.52388533e-01  5.90835739e-01
   5.27957972e-01  4.64295826e-01  4.00461379e-01  3.37157106e-01
   2.75199287e-01  2.15546656e-01  1.59334887e-01  1.07917260e-01
   6.29110945e-02  2.62483845e-02  2.26949065e-04 -1.24447609e-02
  -8.62072396e-03  1.52740801e-02  6.31749144e-02  1.39217532e-01
   2.47455063e-01  3.91428143e-01  5.73591458e-01  7.94648528e-01
   1.05291218e+00  1.34386901e+00  1.66014412e+00  1.99200000e+00
   2.32835588e+00  2.65813099e+00  2.97158782e+00  3.26135147e+00
   3.52290854e+00  3.75457186e+00  3.95704494e+00  4.13278247e+00
   4.28532509e+00  4.41872592e+00  4.53712072e+00  4.64444476e+00
   4.74427305e+00  4.83975162e+00  4.93358891e+00  5.02808274e+00
   5.12516511e+00  5.22645334e+00  5.33330071e+00  5.44684289e+00
   5.56803862e+00  5.69770417e+00  5.83654203e+00  5.98516426e+00]
 [-1.49576729e+00 -1.49276656e+00 -1.48937359e+00 -1.48553819e+00
  -1.48120407e+00 -1.47630814e+00 -1.47077984e+00 -1.46454039e+00
  -1.45750196e+00 -1.44956691e+00 -1.44062695e+00 -1.43056233e+00
  -1.41924108e+00 -1.40651836e+00 -1.39223583e+00 -1.37622140e+00
  -1.35828903e+00 -1.33823907e+00 -1.31585894e+00 -1.29092448e+00
  -1.26320188e+00 -1.23245062e+00 -1.19842724e+00 -1.16089025e+00
  -1.11960630e+00 -1.07435742e+00 -1.02494963e+00 -9.71222447e-01
  -9.13059351e-01 -8.50398602e-01 -7.83243979e-01 -7.11674754e-01
  -6.35854102e-01 -5.56035116e-01 -4.72563612e-01 -3.85877012e-01
  -2.96498818e-01 -2.05028521e-01 -1.12127138e-01 -1.84990181e-02
   7.51291020e-02  1.68030485e-01  2.59500782e-01  3.48878976e-01
   4.35565576e-01  5.19037079e-01  5.98856065e-01  6.74676718e-01
   7.46245943e-01  8.13400565e-01  8.76061315e-01  9.34224410e-01
   9.87951593e-01  1.03735939e+00  1.08260826e+00  1.12389222e+00
   1.16142920e+00  1.19545259e+00  1.22620385e+00  1.25392644e+00
   1.27886091e+00  1.30124103e+00  1.32129099e+00  1.33922336e+00
   1.35523780e+00  1.36952032e+00  1.38224305e+00  1.39356429e+00
   1.40362891e+00  1.41256887e+00  1.42050392e+00  1.42754235e+00
   1.43378181e+00  1.43931010e+00  1.44420603e+00  1.44854015e+00
   1.45237555e+00  1.45576853e+00  1.45876926e+00  1.46142243e+00
   1.44428281e-01  2.77883226e-01  4.00651187e-01  5.13013562e-01
   6.15251789e-01  7.07647360e-01  7.90481836e-01  8.64036865e-01
   9.28594211e-01  9.84435780e-01  1.03184367e+00  1.07110021e+00
   1.10248804e+00  1.12629021e+00  1.14279026e+00  1.15227239e+00
   1.15502162e+00  1.15132408e+00  1.14146724e+00  1.12574037e+00
   1.10443499e+00  1.07784556e+00  1.04627027e+00  1.01001210e+00
   9.69380217e-01  9.24691672e-01  8.76273647e-01  8.24466307e-01
   7.69626437e-01  7.12132094e-01  6.52388533e-01  5.90835739e-01
   5.27957972e-01  4.64295826e-01  4.00461379e-01  3.37157106e-01
   2.75199287e-01  2.15546656e-01  1.59334887e-01  1.07917260e-01
   6.29110945e-02  2.62483845e-02  2.26949065e-04 -1.24447609e-02
  -8.62072396e-03  1.52740801e-02  6.31749144e-02  1.39217532e-01
   2.47455063e-01  3.91428143e-01  5.73591458e-01  7.94648528e-01
   1.05291218e+00  1.34386901e+00  1.66014412e+00  1.99200000e+00
   2.32835588e+00  2.65813099e+00  2.97158782e+00  3.26135147e+00
   3.52290854e+00  3.75457186e+00  3.95704494e+00  4.13278247e+00
   4.28532509e+00  4.41872592e+00  4.53712072e+00  4.64444476e+00
   4.74427305e+00  4.83975162e+00  4.93358891e+00  5.02808274e+00
   5.12516511e+00  5.22645334e+00  5.33330071e+00  5.44684289e+00
   5.56803862e+00  5.69770417e+00  5.83654203e+00  5.98516426e+00]
 [-1.49576729e+00 -1.49276656e+00 -1.48937359e+00 -1.48553819e+00
  -1.48120407e+00 -1.47630814e+00 -1.47077984e+00 -1.46454039e+00
  -1.45750196e+00 -1.44956691e+00 -1.44062695e+00 -1.43056233e+00
  -1.41924108e+00 -1.40651836e+00 -1.39223583e+00 -1.37622140e+00
  -1.35828903e+00 -1.33823907e+00 -1.31585894e+00 -1.29092448e+00
  -1.26320188e+00 -1.23245062e+00 -1.19842724e+00 -1.16089025e+00
  -1.11960630e+00 -1.07435742e+00 -1.02494963e+00 -9.71222447e-01
  -9.13059351e-01 -8.50398602e-01 -7.83243979e-01 -7.11674754e-01
  -6.35854102e-01 -5.56035116e-01 -4.72563612e-01 -3.85877012e-01
  -2.96498818e-01 -2.05028521e-01 -1.12127138e-01 -1.84990181e-02
   7.51291020e-02  1.68030485e-01  2.59500782e-01  3.48878976e-01
   4.35565576e-01  5.19037079e-01  5.98856065e-01  6.74676718e-01
   7.46245943e-01  8.13400565e-01  8.76061315e-01  9.34224410e-01
   9.87951593e-01  1.03735939e+00  1.08260826e+00  1.12389222e+00
   1.16142920e+00  1.19545259e+00  1.22620385e+00  1.25392644e+00
   1.27886091e+00  1.30124103e+00  1.32129099e+00  1.33922336e+00
   1.35523780e+00  1.36952032e+00  1.38224305e+00  1.39356429e+00
   1.40362891e+00  1.41256887e+00  1.42050392e+00  1.42754235e+00
   1.43378181e+00  1.43931010e+00  1.44420603e+00  1.44854015e+00
   1.45237555e+00  1.45576853e+00  1.45876926e+00  1.46142243e+00
   1.44428281e-01  2.77883226e-01  4.00651187e-01  5.13013562e-01
   6.15251789e-01  7.07647360e-01  7.90481836e-01  8.64036865e-01
   9.28594211e-01  9.84435780e-01  1.03184367e+00  1.07110021e+00
   1.10248804e+00  1.12629021e+00  1.14279026e+00  1.15227239e+00
   1.15502162e+00  1.15132408e+00  1.14146724e+00  1.12574037e+00
   1.10443499e+00  1.07784556e+00  1.04627027e+00  1.01001210e+00
   9.69380217e-01  9.24691672e-01  8.76273647e-01  8.24466307e-01
   7.69626437e-01  7.12132094e-01  6.52388533e-01  5.90835739e-01
   5.27957972e-01  4.64295826e-01  4.00461379e-01  3.37157106e-01
   2.75199287e-01  2.15546656e-01  1.59334887e-01  1.07917260e-01
   6.29110945e-02  2.62483845e-02  2.26949065e-04 -1.24447609e-02
  -8.62072396e-03  1.52740801e-02  6.31749144e-02  1.39217532e-01
   2.47455063e-01  3.91428143e-01  5.73591458e-01  7.94648528e-01
   1.05291218e+00  1.34386901e+00  1.66014412e+00  1.99200000e+00
   2.32835588e+00  2.65813099e+00  2.97158782e+00  3.26135147e+00
   3.52290854e+00  3.75457186e+00  3.95704494e+00  4.13278247e+00
   4.28532509e+00  4.41872592e+00  4.53712072e+00  4.64444476e+00
   4.74427305e+00  4.83975162e+00  4.93358891e+00  5.02808274e+00
   5.12516511e+00  5.22645334e+00  5.33330071e+00  5.44684289e+00
   5.56803862e+00  5.69770417e+00  5.83654203e+00  5.98516426e+00]
 [-1.49576729e+00 -1.49276656e+00 -1.48937359e+00 -1.48553819e+00
  -1.48120407e+00 -1.47630814e+00 -1.47077984e+00 -1.46454039e+00
  -1.45750196e+00 -1.44956691e+00 -1.44062695e+00 -1.43056233e+00
  -1.41924108e+00 -1.40651836e+00 -1.39223583e+00 -1.37622140e+00
  -1.35828903e+00 -1.33823907e+00 -1.31585894e+00 -1.29092448e+00
  -1.26320188e+00 -1.23245062e+00 -1.19842724e+00 -1.16089025e+00
  -1.11960630e+00 -1.07435742e+00 -1.02494963e+00 -9.71222447e-01
  -9.13059351e-01 -8.50398602e-01 -7.83243979e-01 -7.11674754e-01
  -6.35854102e-01 -5.56035116e-01 -4.72563612e-01 -3.85877012e-01
  -2.96498818e-01 -2.05028521e-01 -1.12127138e-01 -1.84990181e-02
   7.51291020e-02  1.68030485e-01  2.59500782e-01  3.48878976e-01
   4.35565576e-01  5.19037079e-01  5.98856065e-01  6.74676718e-01
   7.46245943e-01  8.13400565e-01  8.76061315e-01  9.34224410e-01
   9.87951593e-01  1.03735939e+00  1.08260826e+00  1.12389222e+00
   1.16142920e+00  1.19545259e+00  1.22620385e+00  1.25392644e+00
   1.27886091e+00  1.30124103e+00  1.32129099e+00  1.33922336e+00
   1.35523780e+00  1.36952032e+00  1.38224305e+00  1.39356429e+00
   1.40362891e+00  1.41256887e+00  1.42050392e+00  1.42754235e+00
   1.43378181e+00  1.43931010e+00  1.44420603e+00  1.44854015e+00
   1.45237555e+00  1.45576853e+00  1.45876926e+00  1.46142243e+00
   1.44428281e-01  2.77883226e-01  4.00651187e-01  5.13013562e-01
   6.15251789e-01  7.07647360e-01  7.90481836e-01  8.64036865e-01
   9.28594211e-01  9.84435780e-01  1.03184367e+00  1.07110021e+00
   1.10248804e+00  1.12629021e+00  1.14279026e+00  1.15227239e+00
   1.15502162e+00  1.15132408e+00  1.14146724e+00  1.12574037e+00
   1.10443499e+00  1.07784556e+00  1.04627027e+00  1.01001210e+00
   9.69380217e-01  9.24691672e-01  8.76273647e-01  8.24466307e-01
   7.69626437e-01  7.12132094e-01  6.52388533e-01  5.90835739e-01
   5.27957972e-01  4.64295826e-01  4.00461379e-01  3.37157106e-01
   2.75199287e-01  2.15546656e-01  1.59334887e-01  1.07917260e-01
   6.29110945e-02  2.62483845e-02  2.26949065e-04 -1.24447609e-02
  -8.62072396e-03  1.52740801e-02  6.31749144e-02  1.39217532e-01
   2.47455063e-01  3.91428143e-01  5.73591458e-01  7.94648528e-01
   1.05291218e+00  1.34386901e+00  1.66014412e+00  1.99200000e+00
   2.32835588e+00  2.65813099e+00  2.97158782e+00  3.26135147e+00
   3.52290854e+00  3.75457186e+00  3.95704494e+00  4.13278247e+00
   4.28532509e+00  4.41872592e+00  4.53712072e+00  4.64444476e+00
   4.74427305e+00  4.83975162e+00  4.93358891e+00  5.02808274e+00
   5.12516511e+00  5.22645334e+00  5.33330071e+00  5.44684289e+00
   5.56803862e+00  5.69770417e+00  5.83654203e+00  5.98516426e+00]
 [-1.49576729e+00 -1.49276656e+00 -1.48937359e+00 -1.48553819e+00
  -1.48120407e+00 -1.47630814e+00 -1.47077984e+00 -1.46454039e+00
  -1.45750196e+00 -1.44956691e+00 -1.44062695e+00 -1.43056233e+00
  -1.41924108e+00 -1.40651836e+00 -1.39223583e+00 -1.37622140e+00
  -1.35828903e+00 -1.33823907e+00 -1.31585894e+00 -1.29092448e+00
  -1.26320188e+00 -1.23245062e+00 -1.19842724e+00 -1.16089025e+00
  -1.11960630e+00 -1.07435742e+00 -1.02494963e+00 -9.71222447e-01
  -9.13059351e-01 -8.50398602e-01 -7.83243979e-01 -7.11674754e-01
  -6.35854102e-01 -5.56035116e-01 -4.72563612e-01 -3.85877012e-01
  -2.96498818e-01 -2.05028521e-01 -1.12127138e-01 -1.84990181e-02
   7.51291020e-02  1.68030485e-01  2.59500782e-01  3.48878976e-01
   4.35565576e-01  5.19037079e-01  5.98856065e-01  6.74676718e-01
   7.46245943e-01  8.13400565e-01  8.76061315e-01  9.34224410e-01
   9.87951593e-01  1.03735939e+00  1.08260826e+00  1.12389222e+00
   1.16142920e+00  1.19545259e+00  1.22620385e+00  1.25392644e+00
   1.27886091e+00  1.30124103e+00  1.32129099e+00  1.33922336e+00
   1.35523780e+00  1.36952032e+00  1.38224305e+00  1.39356429e+00
   1.40362891e+00  1.41256887e+00  1.42050392e+00  1.42754235e+00
   1.43378181e+00  1.43931010e+00  1.44420603e+00  1.44854015e+00
   1.45237555e+00  1.45576853e+00  1.45876926e+00  1.46142243e+00
   1.44428281e-01  2.77883226e-01  4.00651187e-01  5.13013562e-01
   6.15251789e-01  7.07647360e-01  7.90481836e-01  8.64036865e-01
   9.28594211e-01  9.84435780e-01  1.03184367e+00  1.07110021e+00
   1.10248804e+00  1.12629021e+00  1.14279026e+00  1.15227239e+00
   1.15502162e+00  1.15132408e+00  1.14146724e+00  1.12574037e+00
   1.10443499e+00  1.07784556e+00  1.04627027e+00  1.01001210e+00
   9.69380217e-01  9.24691672e-01  8.76273647e-01  8.24466307e-01
   7.69626437e-01  7.12132094e-01  6.52388533e-01  5.90835739e-01
   5.27957972e-01  4.64295826e-01  4.00461379e-01  3.37157106e-01
   2.75199287e-01  2.15546656e-01  1.59334887e-01  1.07917260e-01
   6.29110945e-02  2.62483845e-02  2.26949065e-04 -1.24447609e-02
  -8.62072396e-03  1.52740801e-02  6.31749144e-02  1.39217532e-01
   2.47455063e-01  3.91428143e-01  5.73591458e-01  7.94648528e-01
   1.05291218e+00  1.34386901e+00  1.66014412e+00  1.99200000e+00
   2.32835588e+00  2.65813099e+00  2.97158782e+00  3.26135147e+00
   3.52290854e+00  3.75457186e+00  3.95704494e+00  4.13278247e+00
   4.28532509e+00  4.41872592e+00  4.53712072e+00  4.64444476e+00
   4.74427305e+00  4.83975162e+00  4.93358891e+00  5.02808274e+00
   5.12516511e+00  5.22645334e+00  5.33330071e+00  5.44684289e+00
   5.56803862e+00  5.69770417e+00  5.83654203e+00  5.98516426e+00]
 [-1.49576729e+00 -1.49276656e+00 -1.48937359e+00 -1.48553819e+00
  -1.48120407e+00 -1.47630814e+00 -1.47077984e+00 -1.46454039e+00
  -1.45750196e+00 -1.44956691e+00 -1.44062695e+00 -1.43056233e+00
  -1.41924108e+00 -1.40651836e+00 -1.39223583e+00 -1.37622140e+00
  -1.35828903e+00 -1.33823907e+00 -1.31585894e+00 -1.29092448e+00
  -1.26320188e+00 -1.23245062e+00 -1.19842724e+00 -1.16089025e+00
  -1.11960630e+00 -1.07435742e+00 -1.02494963e+00 -9.71222447e-01
  -9.13059351e-01 -8.50398602e-01 -7.83243979e-01 -7.11674754e-01
  -6.35854102e-01 -5.56035116e-01 -4.72563612e-01 -3.85877012e-01
  -2.96498818e-01 -2.05028521e-01 -1.12127138e-01 -1.84990181e-02
   7.51291020e-02  1.68030485e-01  2.59500782e-01  3.48878976e-01
   4.35565576e-01  5.19037079e-01  5.98856065e-01  6.74676718e-01
   7.46245943e-01  8.13400565e-01  8.76061315e-01  9.34224410e-01
   9.87951593e-01  1.03735939e+00  1.08260826e+00  1.12389222e+00
   1.16142920e+00  1.19545259e+00  1.22620385e+00  1.25392644e+00
   1.27886091e+00  1.30124103e+00  1.32129099e+00  1.33922336e+00
   1.35523780e+00  1.36952032e+00  1.38224305e+00  1.39356429e+00
   1.40362891e+00  1.41256887e+00  1.42050392e+00  1.42754235e+00
   1.43378181e+00  1.43931010e+00  1.44420603e+00  1.44854015e+00
   1.45237555e+00  1.45576853e+00  1.45876926e+00  1.46142243e+00
   1.44428281e-01  2.77883226e-01  4.00651187e-01  5.13013562e-01
   6.15251789e-01  7.07647360e-01  7.90481836e-01  8.64036865e-01
   9.28594211e-01  9.84435780e-01  1.03184367e+00  1.07110021e+00
   1.10248804e+00  1.12629021e+00  1.14279026e+00  1.15227239e+00
   1.15502162e+00  1.15132408e+00  1.14146724e+00  1.12574037e+00
   1.10443499e+00  1.07784556e+00  1.04627027e+00  1.01001210e+00
   9.69380217e-01  9.24691672e-01  8.76273647e-01  8.24466307e-01
   7.69626437e-01  7.12132094e-01  6.52388533e-01  5.90835739e-01
   5.27957972e-01  4.64295826e-01  4.00461379e-01  3.37157106e-01
   2.75199287e-01  2.15546656e-01  1.59334887e-01  1.07917260e-01
   6.29110945e-02  2.62483845e-02  2.26949065e-04 -1.24447609e-02
  -8.62072396e-03  1.52740801e-02  6.31749144e-02  1.39217532e-01
   2.47455063e-01  3.91428143e-01  5.73591458e-01  7.94648528e-01
   1.05291218e+00  1.34386901e+00  1.66014412e+00  1.99200000e+00
   2.32835588e+00  2.65813099e+00  2.97158782e+00  3.26135147e+00
   3.52290854e+00  3.75457186e+00  3.95704494e+00  4.13278247e+00
   4.28532509e+00  4.41872592e+00  4.53712072e+00  4.64444476e+00
   4.74427305e+00  4.83975162e+00  4.93358891e+00  5.02808274e+00
   5.12516511e+00  5.22645334e+00  5.33330071e+00  5.44684289e+00
   5.56803862e+00  5.69770417e+00  5.83654203e+00  5.98516426e+00]
 [-1.49576729e+00 -1.49276656e+00 -1.48937359e+00 -1.48553819e+00
  -1.48120407e+00 -1.47630814e+00 -1.47077984e+00 -1.46454039e+00
  -1.45750196e+00 -1.44956691e+00 -1.44062695e+00 -1.43056233e+00
  -1.41924108e+00 -1.40651836e+00 -1.39223583e+00 -1.37622140e+00
  -1.35828903e+00 -1.33823907e+00 -1.31585894e+00 -1.29092448e+00
  -1.26320188e+00 -1.23245062e+00 -1.19842724e+00 -1.16089025e+00
  -1.11960630e+00 -1.07435742e+00 -1.02494963e+00 -9.71222447e-01
  -9.13059351e-01 -8.50398602e-01 -7.83243979e-01 -7.11674754e-01
  -6.35854102e-01 -5.56035116e-01 -4.72563612e-01 -3.85877012e-01
  -2.96498818e-01 -2.05028521e-01 -1.12127138e-01 -1.84990181e-02
   7.51291020e-02  1.68030485e-01  2.59500782e-01  3.48878976e-01
   4.35565576e-01  5.19037079e-01  5.98856065e-01  6.74676718e-01
   7.46245943e-01  8.13400565e-01  8.76061315e-01  9.34224410e-01
   9.87951593e-01  1.03735939e+00  1.08260826e+00  1.12389222e+00
   1.16142920e+00  1.19545259e+00  1.22620385e+00  1.25392644e+00
   1.27886091e+00  1.30124103e+00  1.32129099e+00  1.33922336e+00
   1.35523780e+00  1.36952032e+00  1.38224305e+00  1.39356429e+00
   1.40362891e+00  1.41256887e+00  1.42050392e+00  1.42754235e+00
   1.43378181e+00  1.43931010e+00  1.44420603e+00  1.44854015e+00
   1.45237555e+00  1.45576853e+00  1.45876926e+00  1.46142243e+00
   1.44428281e-01  2.77883226e-01  4.00651187e-01  5.13013562e-01
   6.15251789e-01  7.07647360e-01  7.90481836e-01  8.64036865e-01
   9.28594211e-01  9.84435780e-01  1.03184367e+00  1.07110021e+00
   1.10248804e+00  1.12629021e+00  1.14279026e+00  1.15227239e+00
   1.15502162e+00  1.15132408e+00  1.14146724e+00  1.12574037e+00
   1.10443499e+00  1.07784556e+00  1.04627027e+00  1.01001210e+00
   9.69380217e-01  9.24691672e-01  8.76273647e-01  8.24466307e-01
   7.69626437e-01  7.12132094e-01  6.52388533e-01  5.90835739e-01
   5.27957972e-01  4.64295826e-01  4.00461379e-01  3.37157106e-01
   2.75199287e-01  2.15546656e-01  1.59334887e-01  1.07917260e-01
   6.29110945e-02  2.62483845e-02  2.26949065e-04 -1.24447609e-02
  -8.62072396e-03  1.52740801e-02  6.31749144e-02  1.39217532e-01
   2.47455063e-01  3.91428143e-01  5.73591458e-01  7.94648528e-01
   1.05291218e+00  1.34386901e+00  1.66014412e+00  1.99200000e+00
   2.32835588e+00  2.65813099e+00  2.97158782e+00  3.26135147e+00
   3.52290854e+00  3.75457186e+00  3.95704494e+00  4.13278247e+00
   4.28532509e+00  4.41872592e+00  4.53712072e+00  4.64444476e+00
   4.74427305e+00  4.83975162e+00  4.93358891e+00  5.02808274e+00
   5.12516511e+00  5.22645334e+00  5.33330071e+00  5.44684289e+00
   5.56803862e+00  5.69770417e+00  5.83654203e+00  5.98516426e+00]
 [-1.49576729e+00 -1.49276656e+00 -1.48937359e+00 -1.48553819e+00
  -1.48120407e+00 -1.47630814e+00 -1.47077984e+00 -1.46454039e+00
  -1.45750196e+00 -1.44956691e+00 -1.44062695e+00 -1.43056233e+00
  -1.41924108e+00 -1.40651836e+00 -1.39223583e+00 -1.37622140e+00
  -1.35828903e+00 -1.33823907e+00 -1.31585894e+00 -1.29092448e+00
  -1.26320188e+00 -1.23245062e+00 -1.19842724e+00 -1.16089025e+00
  -1.11960630e+00 -1.07435742e+00 -1.02494963e+00 -9.71222447e-01
  -9.13059351e-01 -8.50398602e-01 -7.83243979e-01 -7.11674754e-01
  -6.35854102e-01 -5.56035116e-01 -4.72563612e-01 -3.85877012e-01
  -2.96498818e-01 -2.05028521e-01 -1.12127138e-01 -1.84990181e-02
   7.51291020e-02  1.68030485e-01  2.59500782e-01  3.48878976e-01
   4.35565576e-01  5.19037079e-01  5.98856065e-01  6.74676718e-01
   7.46245943e-01  8.13400565e-01  8.76061315e-01  9.34224410e-01
   9.87951593e-01  1.03735939e+00  1.08260826e+00  1.12389222e+00
   1.16142920e+00  1.19545259e+00  1.22620385e+00  1.25392644e+00
   1.27886091e+00  1.30124103e+00  1.32129099e+00  1.33922336e+00
   1.35523780e+00  1.36952032e+00  1.38224305e+00  1.39356429e+00
   1.40362891e+00  1.41256887e+00  1.42050392e+00  1.42754235e+00
   1.43378181e+00  1.43931010e+00  1.44420603e+00  1.44854015e+00
   1.45237555e+00  1.45576853e+00  1.45876926e+00  1.46142243e+00
   1.44428281e-01  2.77883226e-01  4.00651187e-01  5.13013562e-01
   6.15251789e-01  7.07647360e-01  7.90481836e-01  8.64036865e-01
   9.28594211e-01  9.84435780e-01  1.03184367e+00  1.07110021e+00
   1.10248804e+00  1.12629021e+00  1.14279026e+00  1.15227239e+00
   1.15502162e+00  1.15132408e+00  1.14146724e+00  1.12574037e+00
   1.10443499e+00  1.07784556e+00  1.04627027e+00  1.01001210e+00
   9.69380217e-01  9.24691672e-01  8.76273647e-01  8.24466307e-01
   7.69626437e-01  7.12132094e-01  6.52388533e-01  5.90835739e-01
   5.27957972e-01  4.64295826e-01  4.00461379e-01  3.37157106e-01
   2.75199287e-01  2.15546656e-01  1.59334887e-01  1.07917260e-01
   6.29110945e-02  2.62483845e-02  2.26949065e-04 -1.24447609e-02
  -8.62072396e-03  1.52740801e-02  6.31749144e-02  1.39217532e-01
   2.47455063e-01  3.91428143e-01  5.73591458e-01  7.94648528e-01
   1.05291218e+00  1.34386901e+00  1.66014412e+00  1.99200000e+00
   2.32835588e+00  2.65813099e+00  2.97158782e+00  3.26135147e+00
   3.52290854e+00  3.75457186e+00  3.95704494e+00  4.13278247e+00
   4.28532509e+00  4.41872592e+00  4.53712072e+00  4.64444476e+00
   4.74427305e+00  4.83975162e+00  4.93358891e+00  5.02808274e+00
   5.12516511e+00  5.22645334e+00  5.33330071e+00  5.44684289e+00
   5.56803862e+00  5.69770417e+00  5.83654203e+00  5.98516426e+00]
 [-1.49576729e+00 -1.49276656e+00 -1.48937359e+00 -1.48553819e+00
  -1.48120407e+00 -1.47630814e+00 -1.47077984e+00 -1.46454039e+00
  -1.45750196e+00 -1.44956691e+00 -1.44062695e+00 -1.43056233e+00
  -1.41924108e+00 -1.40651836e+00 -1.39223583e+00 -1.37622140e+00
  -1.35828903e+00 -1.33823907e+00 -1.31585894e+00 -1.29092448e+00
  -1.26320188e+00 -1.23245062e+00 -1.19842724e+00 -1.16089025e+00
  -1.11960630e+00 -1.07435742e+00 -1.02494963e+00 -9.71222447e-01
  -9.13059351e-01 -8.50398602e-01 -7.83243979e-01 -7.11674754e-01
  -6.35854102e-01 -5.56035116e-01 -4.72563612e-01 -3.85877012e-01
  -2.96498818e-01 -2.05028521e-01 -1.12127138e-01 -1.84990181e-02
   7.51291020e-02  1.68030485e-01  2.59500782e-01  3.48878976e-01
   4.35565576e-01  5.19037079e-01  5.98856065e-01  6.74676718e-01
   7.46245943e-01  8.13400565e-01  8.76061315e-01  9.34224410e-01
   9.87951593e-01  1.03735939e+00  1.08260826e+00  1.12389222e+00
   1.16142920e+00  1.19545259e+00  1.22620385e+00  1.25392644e+00
   1.27886091e+00  1.30124103e+00  1.32129099e+00  1.33922336e+00
   1.35523780e+00  1.36952032e+00  1.38224305e+00  1.39356429e+00
   1.40362891e+00  1.41256887e+00  1.42050392e+00  1.42754235e+00
   1.43378181e+00  1.43931010e+00  1.44420603e+00  1.44854015e+00
   1.45237555e+00  1.45576853e+00  1.45876926e+00  1.46142243e+00
   1.44428281e-01  2.77883226e-01  4.00651187e-01  5.13013562e-01
   6.15251789e-01  7.07647360e-01  7.90481836e-01  8.64036865e-01
   9.28594211e-01  9.84435780e-01  1.03184367e+00  1.07110021e+00
   1.10248804e+00  1.12629021e+00  1.14279026e+00  1.15227239e+00
   1.15502162e+00  1.15132408e+00  1.14146724e+00  1.12574037e+00
   1.10443499e+00  1.07784556e+00  1.04627027e+00  1.01001210e+00
   9.69380217e-01  9.24691672e-01  8.76273647e-01  8.24466307e-01
   7.69626437e-01  7.12132094e-01  6.52388533e-01  5.90835739e-01
   5.27957972e-01  4.64295826e-01  4.00461379e-01  3.37157106e-01
   2.75199287e-01  2.15546656e-01  1.59334887e-01  1.07917260e-01
   6.29110945e-02  2.62483845e-02  2.26949065e-04 -1.24447609e-02
  -8.62072396e-03  1.52740801e-02  6.31749144e-02  1.39217532e-01
   2.47455063e-01  3.91428143e-01  5.73591458e-01  7.94648528e-01
   1.05291218e+00  1.34386901e+00  1.66014412e+00  1.99200000e+00
   2.32835588e+00  2.65813099e+00  2.97158782e+00  3.26135147e+00
   3.52290854e+00  3.75457186e+00  3.95704494e+00  4.13278247e+00
   4.28532509e+00  4.41872592e+00  4.53712072e+00  4.64444476e+00
   4.74427305e+00  4.83975162e+00  4.93358891e+00  5.02808274e+00
   5.12516511e+00  5.22645334e+00  5.33330071e+00  5.44684289e+00
   5.56803862e+00  5.69770417e+00  5.83654203e+00  5.98516426e+00]
 [-1.49576729e+00 -1.49276656e+00 -1.48937359e+00 -1.48553819e+00
  -1.48120407e+00 -1.47630814e+00 -1.47077984e+00 -1.46454039e+00
  -1.45750196e+00 -1.44956691e+00 -1.44062695e+00 -1.43056233e+00
  -1.41924108e+00 -1.40651836e+00 -1.39223583e+00 -1.37622140e+00
  -1.35828903e+00 -1.33823907e+00 -1.31585894e+00 -1.29092448e+00
  -1.26320188e+00 -1.23245062e+00 -1.19842724e+00 -1.16089025e+00
  -1.11960630e+00 -1.07435742e+00 -1.02494963e+00 -9.71222447e-01
  -9.13059351e-01 -8.50398602e-01 -7.83243979e-01 -7.11674754e-01
  -6.35854102e-01 -5.56035116e-01 -4.72563612e-01 -3.85877012e-01
  -2.96498818e-01 -2.05028521e-01 -1.12127138e-01 -1.84990181e-02
   7.51291020e-02  1.68030485e-01  2.59500782e-01  3.48878976e-01
   4.35565576e-01  5.19037079e-01  5.98856065e-01  6.74676718e-01
   7.46245943e-01  8.13400565e-01  8.76061315e-01  9.34224410e-01
   9.87951593e-01  1.03735939e+00  1.08260826e+00  1.12389222e+00
   1.16142920e+00  1.19545259e+00  1.22620385e+00  1.25392644e+00
   1.27886091e+00  1.30124103e+00  1.32129099e+00  1.33922336e+00
   1.35523780e+00  1.36952032e+00  1.38224305e+00  1.39356429e+00
   1.40362891e+00  1.41256887e+00  1.42050392e+00  1.42754235e+00
   1.43378181e+00  1.43931010e+00  1.44420603e+00  1.44854015e+00
   1.45237555e+00  1.45576853e+00  1.45876926e+00  1.46142243e+00
   1.44428281e-01  2.77883226e-01  4.00651187e-01  5.13013562e-01
   6.15251789e-01  7.07647360e-01  7.90481836e-01  8.64036865e-01
   9.28594211e-01  9.84435780e-01  1.03184367e+00  1.07110021e+00
   1.10248804e+00  1.12629021e+00  1.14279026e+00  1.15227239e+00
   1.15502162e+00  1.15132408e+00  1.14146724e+00  1.12574037e+00
   1.10443499e+00  1.07784556e+00  1.04627027e+00  1.01001210e+00
   9.69380217e-01  9.24691672e-01  8.76273647e-01  8.24466307e-01
   7.69626437e-01  7.12132094e-01  6.52388533e-01  5.90835739e-01
   5.27957972e-01  4.64295826e-01  4.00461379e-01  3.37157106e-01
   2.75199287e-01  2.15546656e-01  1.59334887e-01  1.07917260e-01
   6.29110945e-02  2.62483845e-02  2.26949065e-04 -1.24447609e-02
  -8.62072396e-03  1.52740801e-02  6.31749144e-02  1.39217532e-01
   2.47455063e-01  3.91428143e-01  5.73591458e-01  7.94648528e-01
   1.05291218e+00  1.34386901e+00  1.66014412e+00  1.99200000e+00
   2.32835588e+00  2.65813099e+00  2.97158782e+00  3.26135147e+00
   3.52290854e+00  3.75457186e+00  3.95704494e+00  4.13278247e+00
   4.28532509e+00  4.41872592e+00  4.53712072e+00  4.64444476e+00
   4.74427305e+00  4.83975162e+00  4.93358891e+00  5.02808274e+00
   5.12516511e+00  5.22645334e+00  5.33330071e+00  5.44684289e+00
   5.56803862e+00  5.69770417e+00  5.83654203e+00  5.98516426e+00]
 [-1.49576729e+00 -1.49276656e+00 -1.48937359e+00 -1.48553819e+00
  -1.48120407e+00 -1.47630814e+00 -1.47077984e+00 -1.46454039e+00
  -1.45750196e+00 -1.44956691e+00 -1.44062695e+00 -1.43056233e+00
  -1.41924108e+00 -1.40651836e+00 -1.39223583e+00 -1.37622140e+00
  -1.35828903e+00 -1.33823907e+00 -1.31585894e+00 -1.29092448e+00
  -1.26320188e+00 -1.23245062e+00 -1.19842724e+00 -1.16089025e+00
  -1.11960630e+00 -1.07435742e+00 -1.02494963e+00 -9.71222447e-01
  -9.13059351e-01 -8.50398602e-01 -7.83243979e-01 -7.11674754e-01
  -6.35854102e-01 -5.56035116e-01 -4.72563612e-01 -3.85877012e-01
  -2.96498818e-01 -2.05028521e-01 -1.12127138e-01 -1.84990181e-02
   7.51291020e-02  1.68030485e-01  2.59500782e-01  3.48878976e-01
   4.35565576e-01  5.19037079e-01  5.98856065e-01  6.74676718e-01
   7.46245943e-01  8.13400565e-01  8.76061315e-01  9.34224410e-01
   9.87951593e-01  1.03735939e+00  1.08260826e+00  1.12389222e+00
   1.16142920e+00  1.19545259e+00  1.22620385e+00  1.25392644e+00
   1.27886091e+00  1.30124103e+00  1.32129099e+00  1.33922336e+00
   1.35523780e+00  1.36952032e+00  1.38224305e+00  1.39356429e+00
   1.40362891e+00  1.41256887e+00  1.42050392e+00  1.42754235e+00
   1.43378181e+00  1.43931010e+00  1.44420603e+00  1.44854015e+00
   1.45237555e+00  1.45576853e+00  1.45876926e+00  1.46142243e+00
   1.44428281e-01  2.77883226e-01  4.00651187e-01  5.13013562e-01
   6.15251789e-01  7.07647360e-01  7.90481836e-01  8.64036865e-01
   9.28594211e-01  9.84435780e-01  1.03184367e+00  1.07110021e+00
   1.10248804e+00  1.12629021e+00  1.14279026e+00  1.15227239e+00
   1.15502162e+00  1.15132408e+00  1.14146724e+00  1.12574037e+00
   1.10443499e+00  1.07784556e+00  1.04627027e+00  1.01001210e+00
   9.69380217e-01  9.24691672e-01  8.76273647e-01  8.24466307e-01
   7.69626437e-01  7.12132094e-01  6.52388533e-01  5.90835739e-01
   5.27957972e-01  4.64295826e-01  4.00461379e-01  3.37157106e-01
   2.75199287e-01  2.15546656e-01  1.59334887e-01  1.07917260e-01
   6.29110945e-02  2.62483845e-02  2.26949065e-04 -1.24447609e-02
  -8.62072396e-03  1.52740801e-02  6.31749144e-02  1.39217532e-01
   2.47455063e-01  3.91428143e-01  5.73591458e-01  7.94648528e-01
   1.05291218e+00  1.34386901e+00  1.66014412e+00  1.99200000e+00
   2.32835588e+00  2.65813099e+00  2.97158782e+00  3.26135147e+00
   3.52290854e+00  3.75457186e+00  3.95704494e+00  4.13278247e+00
   4.28532509e+00  4.41872592e+00  4.53712072e+00  4.64444476e+00
   4.74427305e+00  4.83975162e+00  4.93358891e+00  5.02808274e+00
   5.12516511e+00  5.22645334e+00  5.33330071e+00  5.44684289e+00
   5.56803862e+00  5.69770417e+00  5.83654203e+00  5.98516426e+00]
 [-1.49576729e+00 -1.49276656e+00 -1.48937359e+00 -1.48553819e+00
  -1.48120407e+00 -1.47630814e+00 -1.47077984e+00 -1.46454039e+00
  -1.45750196e+00 -1.44956691e+00 -1.44062695e+00 -1.43056233e+00
  -1.41924108e+00 -1.40651836e+00 -1.39223583e+00 -1.37622140e+00
  -1.35828903e+00 -1.33823907e+00 -1.31585894e+00 -1.29092448e+00
  -1.26320188e+00 -1.23245062e+00 -1.19842724e+00 -1.16089025e+00
  -1.11960630e+00 -1.07435742e+00 -1.02494963e+00 -9.71222447e-01
  -9.13059351e-01 -8.50398602e-01 -7.83243979e-01 -7.11674754e-01
  -6.35854102e-01 -5.56035116e-01 -4.72563612e-01 -3.85877012e-01
  -2.96498818e-01 -2.05028521e-01 -1.12127138e-01 -1.84990181e-02
   7.51291020e-02  1.68030485e-01  2.59500782e-01  3.48878976e-01
   4.35565576e-01  5.19037079e-01  5.98856065e-01  6.74676718e-01
   7.46245943e-01  8.13400565e-01  8.76061315e-01  9.34224410e-01
   9.87951593e-01  1.03735939e+00  1.08260826e+00  1.12389222e+00
   1.16142920e+00  1.19545259e+00  1.22620385e+00  1.25392644e+00
   1.27886091e+00  1.30124103e+00  1.32129099e+00  1.33922336e+00
   1.35523780e+00  1.36952032e+00  1.38224305e+00  1.39356429e+00
   1.40362891e+00  1.41256887e+00  1.42050392e+00  1.42754235e+00
   1.43378181e+00  1.43931010e+00  1.44420603e+00  1.44854015e+00
   1.45237555e+00  1.45576853e+00  1.45876926e+00  1.46142243e+00
   1.44428281e-01  2.77883226e-01  4.00651187e-01  5.13013562e-01
   6.15251789e-01  7.07647360e-01  7.90481836e-01  8.64036865e-01
   9.28594211e-01  9.84435780e-01  1.03184367e+00  1.07110021e+00
   1.10248804e+00  1.12629021e+00  1.14279026e+00  1.15227239e+00
   1.15502162e+00  1.15132408e+00  1.14146724e+00  1.12574037e+00
   1.10443499e+00  1.07784556e+00  1.04627027e+00  1.01001210e+00
   9.69380217e-01  9.24691672e-01  8.76273647e-01  8.24466307e-01
   7.69626437e-01  7.12132094e-01  6.52388533e-01  5.90835739e-01
   5.27957972e-01  4.64295826e-01  4.00461379e-01  3.37157106e-01
   2.75199287e-01  2.15546656e-01  1.59334887e-01  1.07917260e-01
   6.29110945e-02  2.62483845e-02  2.26949065e-04 -1.24447609e-02
  -8.62072396e-03  1.52740801e-02  6.31749144e-02  1.39217532e-01
   2.47455063e-01  3.91428143e-01  5.73591458e-01  7.94648528e-01
   1.05291218e+00  1.34386901e+00  1.66014412e+00  1.99200000e+00
   2.32835588e+00  2.65813099e+00  2.97158782e+00  3.26135147e+00
   3.52290854e+00  3.75457186e+00  3.95704494e+00  4.13278247e+00
   4.28532509e+00  4.41872592e+00  4.53712072e+00  4.64444476e+00
   4.74427305e+00  4.83975162e+00  4.93358891e+00  5.02808274e+00
   5.12516511e+00  5.22645334e+00  5.33330071e+00  5.44684289e+00
   5.56803862e+00  5.69770417e+00  5.83654203e+00  5.98516426e+00]
 [-1.49576729e+00 -1.49276656e+00 -1.48937359e+00 -1.48553819e+00
  -1.48120407e+00 -1.47630814e+00 -1.47077984e+00 -1.46454039e+00
  -1.45750196e+00 -1.44956691e+00 -1.44062695e+00 -1.43056233e+00
  -1.41924108e+00 -1.40651836e+00 -1.39223583e+00 -1.37622140e+00
  -1.35828903e+00 -1.33823907e+00 -1.31585894e+00 -1.29092448e+00
  -1.26320188e+00 -1.23245062e+00 -1.19842724e+00 -1.16089025e+00
  -1.11960630e+00 -1.07435742e+00 -1.02494963e+00 -9.71222447e-01
  -9.13059351e-01 -8.50398602e-01 -7.83243979e-01 -7.11674754e-01
  -6.35854102e-01 -5.56035116e-01 -4.72563612e-01 -3.85877012e-01
  -2.96498818e-01 -2.05028521e-01 -1.12127138e-01 -1.84990181e-02
   7.51291020e-02  1.68030485e-01  2.59500782e-01  3.48878976e-01
   4.35565576e-01  5.19037079e-01  5.98856065e-01  6.74676718e-01
   7.46245943e-01  8.13400565e-01  8.76061315e-01  9.34224410e-01
   9.87951593e-01  1.03735939e+00  1.08260826e+00  1.12389222e+00
   1.16142920e+00  1.19545259e+00  1.22620385e+00  1.25392644e+00
   1.27886091e+00  1.30124103e+00  1.32129099e+00  1.33922336e+00
   1.35523780e+00  1.36952032e+00  1.38224305e+00  1.39356429e+00
   1.40362891e+00  1.41256887e+00  1.42050392e+00  1.42754235e+00
   1.43378181e+00  1.43931010e+00  1.44420603e+00  1.44854015e+00
   1.45237555e+00  1.45576853e+00  1.45876926e+00  1.46142243e+00
   1.44428281e-01  2.77883226e-01  4.00651187e-01  5.13013562e-01
   6.15251789e-01  7.07647360e-01  7.90481836e-01  8.64036865e-01
   9.28594211e-01  9.84435780e-01  1.03184367e+00  1.07110021e+00
   1.10248804e+00  1.12629021e+00  1.14279026e+00  1.15227239e+00
   1.15502162e+00  1.15132408e+00  1.14146724e+00  1.12574037e+00
   1.10443499e+00  1.07784556e+00  1.04627027e+00  1.01001210e+00
   9.69380217e-01  9.24691672e-01  8.76273647e-01  8.24466307e-01
   7.69626437e-01  7.12132094e-01  6.52388533e-01  5.90835739e-01
   5.27957972e-01  4.64295826e-01  4.00461379e-01  3.37157106e-01
   2.75199287e-01  2.15546656e-01  1.59334887e-01  1.07917260e-01
   6.29110945e-02  2.62483845e-02  2.26949065e-04 -1.24447609e-02
  -8.62072396e-03  1.52740801e-02  6.31749144e-02  1.39217532e-01
   2.47455063e-01  3.91428143e-01  5.73591458e-01  7.94648528e-01
   1.05291218e+00  1.34386901e+00  1.66014412e+00  1.99200000e+00
   2.32835588e+00  2.65813099e+00  2.97158782e+00  3.26135147e+00
   3.52290854e+00  3.75457186e+00  3.95704494e+00  4.13278247e+00
   4.28532509e+00  4.41872592e+00  4.53712072e+00  4.64444476e+00
   4.74427305e+00  4.83975162e+00  4.93358891e+00  5.02808274e+00
   5.12516511e+00  5.22645334e+00  5.33330071e+00  5.44684289e+00
   5.56803862e+00  5.69770417e+00  5.83654203e+00  5.98516426e+00]
 [-1.49576729e+00 -1.49276656e+00 -1.48937359e+00 -1.48553819e+00
  -1.48120407e+00 -1.47630814e+00 -1.47077984e+00 -1.46454039e+00
  -1.45750196e+00 -1.44956691e+00 -1.44062695e+00 -1.43056233e+00
  -1.41924108e+00 -1.40651836e+00 -1.39223583e+00 -1.37622140e+00
  -1.35828903e+00 -1.33823907e+00 -1.31585894e+00 -1.29092448e+00
  -1.26320188e+00 -1.23245062e+00 -1.19842724e+00 -1.16089025e+00
  -1.11960630e+00 -1.07435742e+00 -1.02494963e+00 -9.71222447e-01
  -9.13059351e-01 -8.50398602e-01 -7.83243979e-01 -7.11674754e-01
  -6.35854102e-01 -5.56035116e-01 -4.72563612e-01 -3.85877012e-01
  -2.96498818e-01 -2.05028521e-01 -1.12127138e-01 -1.84990181e-02
   7.51291020e-02  1.68030485e-01  2.59500782e-01  3.48878976e-01
   4.35565576e-01  5.19037079e-01  5.98856065e-01  6.74676718e-01
   7.46245943e-01  8.13400565e-01  8.76061315e-01  9.34224410e-01
   9.87951593e-01  1.03735939e+00  1.08260826e+00  1.12389222e+00
   1.16142920e+00  1.19545259e+00  1.22620385e+00  1.25392644e+00
   1.27886091e+00  1.30124103e+00  1.32129099e+00  1.33922336e+00
   1.35523780e+00  1.36952032e+00  1.38224305e+00  1.39356429e+00
   1.40362891e+00  1.41256887e+00  1.42050392e+00  1.42754235e+00
   1.43378181e+00  1.43931010e+00  1.44420603e+00  1.44854015e+00
   1.45237555e+00  1.45576853e+00  1.45876926e+00  1.46142243e+00
   1.44428281e-01  2.77883226e-01  4.00651187e-01  5.13013562e-01
   6.15251789e-01  7.07647360e-01  7.90481836e-01  8.64036865e-01
   9.28594211e-01  9.84435780e-01  1.03184367e+00  1.07110021e+00
   1.10248804e+00  1.12629021e+00  1.14279026e+00  1.15227239e+00
   1.15502162e+00  1.15132408e+00  1.14146724e+00  1.12574037e+00
   1.10443499e+00  1.07784556e+00  1.04627027e+00  1.01001210e+00
   9.69380217e-01  9.24691672e-01  8.76273647e-01  8.24466307e-01
   7.69626437e-01  7.12132094e-01  6.52388533e-01  5.90835739e-01
   5.27957972e-01  4.64295826e-01  4.00461379e-01  3.37157106e-01
   2.75199287e-01  2.15546656e-01  1.59334887e-01  1.07917260e-01
   6.29110945e-02  2.62483845e-02  2.26949065e-04 -1.24447609e-02
  -8.62072396e-03  1.52740801e-02  6.31749144e-02  1.39217532e-01
   2.47455063e-01  3.91428143e-01  5.73591458e-01  7.94648528e-01
   1.05291218e+00  1.34386901e+00  1.66014412e+00  1.99200000e+00
   2.32835588e+00  2.65813099e+00  2.97158782e+00  3.26135147e+00
   3.52290854e+00  3.75457186e+00  3.95704494e+00  4.13278247e+00
   4.28532509e+00  4.41872592e+00  4.53712072e+00  4.64444476e+00
   4.74427305e+00  4.83975162e+00  4.93358891e+00  5.02808274e+00
   5.12516511e+00  5.22645334e+00  5.33330071e+00  5.44684289e+00
   5.56803862e+00  5.69770417e+00  5.83654203e+00  5.98516426e+00]
 [-1.49576729e+00 -1.49276656e+00 -1.48937359e+00 -1.48553819e+00
  -1.48120407e+00 -1.47630814e+00 -1.47077984e+00 -1.46454039e+00
  -1.45750196e+00 -1.44956691e+00 -1.44062695e+00 -1.43056233e+00
  -1.41924108e+00 -1.40651836e+00 -1.39223583e+00 -1.37622140e+00
  -1.35828903e+00 -1.33823907e+00 -1.31585894e+00 -1.29092448e+00
  -1.26320188e+00 -1.23245062e+00 -1.19842724e+00 -1.16089025e+00
  -1.11960630e+00 -1.07435742e+00 -1.02494963e+00 -9.71222447e-01
  -9.13059351e-01 -8.50398602e-01 -7.83243979e-01 -7.11674754e-01
  -6.35854102e-01 -5.56035116e-01 -4.72563612e-01 -3.85877012e-01
  -2.96498818e-01 -2.05028521e-01 -1.12127138e-01 -1.84990181e-02
   7.51291020e-02  1.68030485e-01  2.59500782e-01  3.48878976e-01
   4.35565576e-01  5.19037079e-01  5.98856065e-01  6.74676718e-01
   7.46245943e-01  8.13400565e-01  8.76061315e-01  9.34224410e-01
   9.87951593e-01  1.03735939e+00  1.08260826e+00  1.12389222e+00
   1.16142920e+00  1.19545259e+00  1.22620385e+00  1.25392644e+00
   1.27886091e+00  1.30124103e+00  1.32129099e+00  1.33922336e+00
   1.35523780e+00  1.36952032e+00  1.38224305e+00  1.39356429e+00
   1.40362891e+00  1.41256887e+00  1.42050392e+00  1.42754235e+00
   1.43378181e+00  1.43931010e+00  1.44420603e+00  1.44854015e+00
   1.45237555e+00  1.45576853e+00  1.45876926e+00  1.46142243e+00
   1.44428281e-01  2.77883226e-01  4.00651187e-01  5.13013562e-01
   6.15251789e-01  7.07647360e-01  7.90481836e-01  8.64036865e-01
   9.28594211e-01  9.84435780e-01  1.03184367e+00  1.07110021e+00
   1.10248804e+00  1.12629021e+00  1.14279026e+00  1.15227239e+00
   1.15502162e+00  1.15132408e+00  1.14146724e+00  1.12574037e+00
   1.10443499e+00  1.07784556e+00  1.04627027e+00  1.01001210e+00
   9.69380217e-01  9.24691672e-01  8.76273647e-01  8.24466307e-01
   7.69626437e-01  7.12132094e-01  6.52388533e-01  5.90835739e-01
   5.27957972e-01  4.64295826e-01  4.00461379e-01  3.37157106e-01
   2.75199287e-01  2.15546656e-01  1.59334887e-01  1.07917260e-01
   6.29110945e-02  2.62483845e-02  2.26949065e-04 -1.24447609e-02
  -8.62072396e-03  1.52740801e-02  6.31749144e-02  1.39217532e-01
   2.47455063e-01  3.91428143e-01  5.73591458e-01  7.94648528e-01
   1.05291218e+00  1.34386901e+00  1.66014412e+00  1.99200000e+00
   2.32835588e+00  2.65813099e+00  2.97158782e+00  3.26135147e+00
   3.52290854e+00  3.75457186e+00  3.95704494e+00  4.13278247e+00
   4.28532509e+00  4.41872592e+00  4.53712072e+00  4.64444476e+00
   4.74427305e+00  4.83975162e+00  4.93358891e+00  5.02808274e+00
   5.12516511e+00  5.22645334e+00  5.33330071e+00  5.44684289e+00
   5.56803862e+00  5.69770417e+00  5.83654203e+00  5.98516426e+00]
 [-1.49576729e+00 -1.49276656e+00 -1.48937359e+00 -1.48553819e+00
  -1.48120407e+00 -1.47630814e+00 -1.47077984e+00 -1.46454039e+00
  -1.45750196e+00 -1.44956691e+00 -1.44062695e+00 -1.43056233e+00
  -1.41924108e+00 -1.40651836e+00 -1.39223583e+00 -1.37622140e+00
  -1.35828903e+00 -1.33823907e+00 -1.31585894e+00 -1.29092448e+00
  -1.26320188e+00 -1.23245062e+00 -1.19842724e+00 -1.16089025e+00
  -1.11960630e+00 -1.07435742e+00 -1.02494963e+00 -9.71222447e-01
  -9.13059351e-01 -8.50398602e-01 -7.83243979e-01 -7.11674754e-01
  -6.35854102e-01 -5.56035116e-01 -4.72563612e-01 -3.85877012e-01
  -2.96498818e-01 -2.05028521e-01 -1.12127138e-01 -1.84990181e-02
   7.51291020e-02  1.68030485e-01  2.59500782e-01  3.48878976e-01
   4.35565576e-01  5.19037079e-01  5.98856065e-01  6.74676718e-01
   7.46245943e-01  8.13400565e-01  8.76061315e-01  9.34224410e-01
   9.87951593e-01  1.03735939e+00  1.08260826e+00  1.12389222e+00
   1.16142920e+00  1.19545259e+00  1.22620385e+00  1.25392644e+00
   1.27886091e+00  1.30124103e+00  1.32129099e+00  1.33922336e+00
   1.35523780e+00  1.36952032e+00  1.38224305e+00  1.39356429e+00
   1.40362891e+00  1.41256887e+00  1.42050392e+00  1.42754235e+00
   1.43378181e+00  1.43931010e+00  1.44420603e+00  1.44854015e+00
   1.45237555e+00  1.45576853e+00  1.45876926e+00  1.46142243e+00
   1.44428281e-01  2.77883226e-01  4.00651187e-01  5.13013562e-01
   6.15251789e-01  7.07647360e-01  7.90481836e-01  8.64036865e-01
   9.28594211e-01  9.84435780e-01  1.03184367e+00  1.07110021e+00
   1.10248804e+00  1.12629021e+00  1.14279026e+00  1.15227239e+00
   1.15502162e+00  1.15132408e+00  1.14146724e+00  1.12574037e+00
   1.10443499e+00  1.07784556e+00  1.04627027e+00  1.01001210e+00
   9.69380217e-01  9.24691672e-01  8.76273647e-01  8.24466307e-01
   7.69626437e-01  7.12132094e-01  6.52388533e-01  5.90835739e-01
   5.27957972e-01  4.64295826e-01  4.00461379e-01  3.37157106e-01
   2.75199287e-01  2.15546656e-01  1.59334887e-01  1.07917260e-01
   6.29110945e-02  2.62483845e-02  2.26949065e-04 -1.24447609e-02
  -8.62072396e-03  1.52740801e-02  6.31749144e-02  1.39217532e-01
   2.47455063e-01  3.91428143e-01  5.73591458e-01  7.94648528e-01
   1.05291218e+00  1.34386901e+00  1.66014412e+00  1.99200000e+00
   2.32835588e+00  2.65813099e+00  2.97158782e+00  3.26135147e+00
   3.52290854e+00  3.75457186e+00  3.95704494e+00  4.13278247e+00
   4.28532509e+00  4.41872592e+00  4.53712072e+00  4.64444476e+00
   4.74427305e+00  4.83975162e+00  4.93358891e+00  5.02808274e+00
   5.12516511e+00  5.22645334e+00  5.33330071e+00  5.44684289e+00
   5.56803862e+00  5.69770417e+00  5.83654203e+00  5.98516426e+00]
 [-1.49576729e+00 -1.49276656e+00 -1.48937359e+00 -1.48553819e+00
  -1.48120407e+00 -1.47630814e+00 -1.47077984e+00 -1.46454039e+00
  -1.45750196e+00 -1.44956691e+00 -1.44062695e+00 -1.43056233e+00
  -1.41924108e+00 -1.40651836e+00 -1.39223583e+00 -1.37622140e+00
  -1.35828903e+00 -1.33823907e+00 -1.31585894e+00 -1.29092448e+00
  -1.26320188e+00 -1.23245062e+00 -1.19842724e+00 -1.16089025e+00
  -1.11960630e+00 -1.07435742e+00 -1.02494963e+00 -9.71222447e-01
  -9.13059351e-01 -8.50398602e-01 -7.83243979e-01 -7.11674754e-01
  -6.35854102e-01 -5.56035116e-01 -4.72563612e-01 -3.85877012e-01
  -2.96498818e-01 -2.05028521e-01 -1.12127138e-01 -1.84990181e-02
   7.51291020e-02  1.68030485e-01  2.59500782e-01  3.48878976e-01
   4.35565576e-01  5.19037079e-01  5.98856065e-01  6.74676718e-01
   7.46245943e-01  8.13400565e-01  8.76061315e-01  9.34224410e-01
   9.87951593e-01  1.03735939e+00  1.08260826e+00  1.12389222e+00
   1.16142920e+00  1.19545259e+00  1.22620385e+00  1.25392644e+00
   1.27886091e+00  1.30124103e+00  1.32129099e+00  1.33922336e+00
   1.35523780e+00  1.36952032e+00  1.38224305e+00  1.39356429e+00
   1.40362891e+00  1.41256887e+00  1.42050392e+00  1.42754235e+00
   1.43378181e+00  1.43931010e+00  1.44420603e+00  1.44854015e+00
   1.45237555e+00  1.45576853e+00  1.45876926e+00  1.46142243e+00
   1.44428281e-01  2.77883226e-01  4.00651187e-01  5.13013562e-01
   6.15251789e-01  7.07647360e-01  7.90481836e-01  8.64036865e-01
   9.28594211e-01  9.84435780e-01  1.03184367e+00  1.07110021e+00
   1.10248804e+00  1.12629021e+00  1.14279026e+00  1.15227239e+00
   1.15502162e+00  1.15132408e+00  1.14146724e+00  1.12574037e+00
   1.10443499e+00  1.07784556e+00  1.04627027e+00  1.01001210e+00
   9.69380217e-01  9.24691672e-01  8.76273647e-01  8.24466307e-01
   7.69626437e-01  7.12132094e-01  6.52388533e-01  5.90835739e-01
   5.27957972e-01  4.64295826e-01  4.00461379e-01  3.37157106e-01
   2.75199287e-01  2.15546656e-01  1.59334887e-01  1.07917260e-01
   6.29110945e-02  2.62483845e-02  2.26949065e-04 -1.24447609e-02
  -8.62072396e-03  1.52740801e-02  6.31749144e-02  1.39217532e-01
   2.47455063e-01  3.91428143e-01  5.73591458e-01  7.94648528e-01
   1.05291218e+00  1.34386901e+00  1.66014412e+00  1.99200000e+00
   2.32835588e+00  2.65813099e+00  2.97158782e+00  3.26135147e+00
   3.52290854e+00  3.75457186e+00  3.95704494e+00  4.13278247e+00
   4.28532509e+00  4.41872592e+00  4.53712072e+00  4.64444476e+00
   4.74427305e+00  4.83975162e+00  4.93358891e+00  5.02808274e+00
   5.12516511e+00  5.22645334e+00  5.33330071e+00  5.44684289e+00
   5.56803862e+00  5.69770417e+00  5.83654203e+00  5.98516426e+00]
 [-1.49576729e+00 -1.49276656e+00 -1.48937359e+00 -1.48553819e+00
  -1.48120407e+00 -1.47630814e+00 -1.47077984e+00 -1.46454039e+00
  -1.45750196e+00 -1.44956691e+00 -1.44062695e+00 -1.43056233e+00
  -1.41924108e+00 -1.40651836e+00 -1.39223583e+00 -1.37622140e+00
  -1.35828903e+00 -1.33823907e+00 -1.31585894e+00 -1.29092448e+00
  -1.26320188e+00 -1.23245062e+00 -1.19842724e+00 -1.16089025e+00
  -1.11960630e+00 -1.07435742e+00 -1.02494963e+00 -9.71222447e-01
  -9.13059351e-01 -8.50398602e-01 -7.83243979e-01 -7.11674754e-01
  -6.35854102e-01 -5.56035116e-01 -4.72563612e-01 -3.85877012e-01
  -2.96498818e-01 -2.05028521e-01 -1.12127138e-01 -1.84990181e-02
   7.51291020e-02  1.68030485e-01  2.59500782e-01  3.48878976e-01
   4.35565576e-01  5.19037079e-01  5.98856065e-01  6.74676718e-01
   7.46245943e-01  8.13400565e-01  8.76061315e-01  9.34224410e-01
   9.87951593e-01  1.03735939e+00  1.08260826e+00  1.12389222e+00
   1.16142920e+00  1.19545259e+00  1.22620385e+00  1.25392644e+00
   1.27886091e+00  1.30124103e+00  1.32129099e+00  1.33922336e+00
   1.35523780e+00  1.36952032e+00  1.38224305e+00  1.39356429e+00
   1.40362891e+00  1.41256887e+00  1.42050392e+00  1.42754235e+00
   1.43378181e+00  1.43931010e+00  1.44420603e+00  1.44854015e+00
   1.45237555e+00  1.45576853e+00  1.45876926e+00  1.46142243e+00
   1.44428281e-01  2.77883226e-01  4.00651187e-01  5.13013562e-01
   6.15251789e-01  7.07647360e-01  7.90481836e-01  8.64036865e-01
   9.28594211e-01  9.84435780e-01  1.03184367e+00  1.07110021e+00
   1.10248804e+00  1.12629021e+00  1.14279026e+00  1.15227239e+00
   1.15502162e+00  1.15132408e+00  1.14146724e+00  1.12574037e+00
   1.10443499e+00  1.07784556e+00  1.04627027e+00  1.01001210e+00
   9.69380217e-01  9.24691672e-01  8.76273647e-01  8.24466307e-01
   7.69626437e-01  7.12132094e-01  6.52388533e-01  5.90835739e-01
   5.27957972e-01  4.64295826e-01  4.00461379e-01  3.37157106e-01
   2.75199287e-01  2.15546656e-01  1.59334887e-01  1.07917260e-01
   6.29110945e-02  2.62483845e-02  2.26949065e-04 -1.24447609e-02
  -8.62072396e-03  1.52740801e-02  6.31749144e-02  1.39217532e-01
   2.47455063e-01  3.91428143e-01  5.73591458e-01  7.94648528e-01
   1.05291218e+00  1.34386901e+00  1.66014412e+00  1.99200000e+00
   2.32835588e+00  2.65813099e+00  2.97158782e+00  3.26135147e+00
   3.52290854e+00  3.75457186e+00  3.95704494e+00  4.13278247e+00
   4.28532509e+00  4.41872592e+00  4.53712072e+00  4.64444476e+00
   4.74427305e+00  4.83975162e+00  4.93358891e+00  5.02808274e+00
   5.12516511e+00  5.22645334e+00  5.33330071e+00  5.44684289e+00
   5.56803862e+00  5.69770417e+00  5.83654203e+00  5.98516426e+00]
 [-1.49576729e+00 -1.49276656e+00 -1.48937359e+00 -1.48553819e+00
  -1.48120407e+00 -1.47630814e+00 -1.47077984e+00 -1.46454039e+00
  -1.45750196e+00 -1.44956691e+00 -1.44062695e+00 -1.43056233e+00
  -1.41924108e+00 -1.40651836e+00 -1.39223583e+00 -1.37622140e+00
  -1.35828903e+00 -1.33823907e+00 -1.31585894e+00 -1.29092448e+00
  -1.26320188e+00 -1.23245062e+00 -1.19842724e+00 -1.16089025e+00
  -1.11960630e+00 -1.07435742e+00 -1.02494963e+00 -9.71222447e-01
  -9.13059351e-01 -8.50398602e-01 -7.83243979e-01 -7.11674754e-01
  -6.35854102e-01 -5.56035116e-01 -4.72563612e-01 -3.85877012e-01
  -2.96498818e-01 -2.05028521e-01 -1.12127138e-01 -1.84990181e-02
   7.51291020e-02  1.68030485e-01  2.59500782e-01  3.48878976e-01
   4.35565576e-01  5.19037079e-01  5.98856065e-01  6.74676718e-01
   7.46245943e-01  8.13400565e-01  8.76061315e-01  9.34224410e-01
   9.87951593e-01  1.03735939e+00  1.08260826e+00  1.12389222e+00
   1.16142920e+00  1.19545259e+00  1.22620385e+00  1.25392644e+00
   1.27886091e+00  1.30124103e+00  1.32129099e+00  1.33922336e+00
   1.35523780e+00  1.36952032e+00  1.38224305e+00  1.39356429e+00
   1.40362891e+00  1.41256887e+00  1.42050392e+00  1.42754235e+00
   1.43378181e+00  1.43931010e+00  1.44420603e+00  1.44854015e+00
   1.45237555e+00  1.45576853e+00  1.45876926e+00  1.46142243e+00
   1.44428281e-01  2.77883226e-01  4.00651187e-01  5.13013562e-01
   6.15251789e-01  7.07647360e-01  7.90481836e-01  8.64036865e-01
   9.28594211e-01  9.84435780e-01  1.03184367e+00  1.07110021e+00
   1.10248804e+00  1.12629021e+00  1.14279026e+00  1.15227239e+00
   1.15502162e+00  1.15132408e+00  1.14146724e+00  1.12574037e+00
   1.10443499e+00  1.07784556e+00  1.04627027e+00  1.01001210e+00
   9.69380217e-01  9.24691672e-01  8.76273647e-01  8.24466307e-01
   7.69626437e-01  7.12132094e-01  6.52388533e-01  5.90835739e-01
   5.27957972e-01  4.64295826e-01  4.00461379e-01  3.37157106e-01
   2.75199287e-01  2.15546656e-01  1.59334887e-01  1.07917260e-01
   6.29110945e-02  2.62483845e-02  2.26949065e-04 -1.24447609e-02
  -8.62072396e-03  1.52740801e-02  6.31749144e-02  1.39217532e-01
   2.47455063e-01  3.91428143e-01  5.73591458e-01  7.94648528e-01
   1.05291218e+00  1.34386901e+00  1.66014412e+00  1.99200000e+00
   2.32835588e+00  2.65813099e+00  2.97158782e+00  3.26135147e+00
   3.52290854e+00  3.75457186e+00  3.95704494e+00  4.13278247e+00
   4.28532509e+00  4.41872592e+00  4.53712072e+00  4.64444476e+00
   4.74427305e+00  4.83975162e+00  4.93358891e+00  5.02808274e+00
   5.12516511e+00  5.22645334e+00  5.33330071e+00  5.44684289e+00
   5.56803862e+00  5.69770417e+00  5.83654203e+00  5.98516426e+00]
 [-1.49576729e+00 -1.49276656e+00 -1.48937359e+00 -1.48553819e+00
  -1.48120407e+00 -1.47630814e+00 -1.47077984e+00 -1.46454039e+00
  -1.45750196e+00 -1.44956691e+00 -1.44062695e+00 -1.43056233e+00
  -1.41924108e+00 -1.40651836e+00 -1.39223583e+00 -1.37622140e+00
  -1.35828903e+00 -1.33823907e+00 -1.31585894e+00 -1.29092448e+00
  -1.26320188e+00 -1.23245062e+00 -1.19842724e+00 -1.16089025e+00
  -1.11960630e+00 -1.07435742e+00 -1.02494963e+00 -9.71222447e-01
  -9.13059351e-01 -8.50398602e-01 -7.83243979e-01 -7.11674754e-01
  -6.35854102e-01 -5.56035116e-01 -4.72563612e-01 -3.85877012e-01
  -2.96498818e-01 -2.05028521e-01 -1.12127138e-01 -1.84990181e-02
   7.51291020e-02  1.68030485e-01  2.59500782e-01  3.48878976e-01
   4.35565576e-01  5.19037079e-01  5.98856065e-01  6.74676718e-01
   7.46245943e-01  8.13400565e-01  8.76061315e-01  9.34224410e-01
   9.87951593e-01  1.03735939e+00  1.08260826e+00  1.12389222e+00
   1.16142920e+00  1.19545259e+00  1.22620385e+00  1.25392644e+00
   1.27886091e+00  1.30124103e+00  1.32129099e+00  1.33922336e+00
   1.35523780e+00  1.36952032e+00  1.38224305e+00  1.39356429e+00
   1.40362891e+00  1.41256887e+00  1.42050392e+00  1.42754235e+00
   1.43378181e+00  1.43931010e+00  1.44420603e+00  1.44854015e+00
   1.45237555e+00  1.45576853e+00  1.45876926e+00  1.46142243e+00
   1.44428281e-01  2.77883226e-01  4.00651187e-01  5.13013562e-01
   6.15251789e-01  7.07647360e-01  7.90481836e-01  8.64036865e-01
   9.28594211e-01  9.84435780e-01  1.03184367e+00  1.07110021e+00
   1.10248804e+00  1.12629021e+00  1.14279026e+00  1.15227239e+00
   1.15502162e+00  1.15132408e+00  1.14146724e+00  1.12574037e+00
   1.10443499e+00  1.07784556e+00  1.04627027e+00  1.01001210e+00
   9.69380217e-01  9.24691672e-01  8.76273647e-01  8.24466307e-01
   7.69626437e-01  7.12132094e-01  6.52388533e-01  5.90835739e-01
   5.27957972e-01  4.64295826e-01  4.00461379e-01  3.37157106e-01
   2.75199287e-01  2.15546656e-01  1.59334887e-01  1.07917260e-01
   6.29110945e-02  2.62483845e-02  2.26949065e-04 -1.24447609e-02
  -8.62072396e-03  1.52740801e-02  6.31749144e-02  1.39217532e-01
   2.47455063e-01  3.91428143e-01  5.73591458e-01  7.94648528e-01
   1.05291218e+00  1.34386901e+00  1.66014412e+00  1.99200000e+00
   2.32835588e+00  2.65813099e+00  2.97158782e+00  3.26135147e+00
   3.52290854e+00  3.75457186e+00  3.95704494e+00  4.13278247e+00
   4.28532509e+00  4.41872592e+00  4.53712072e+00  4.64444476e+00
   4.74427305e+00  4.83975162e+00  4.93358891e+00  5.02808274e+00
   5.12516511e+00  5.22645334e+00  5.33330071e+00  5.44684289e+00
   5.56803862e+00  5.69770417e+00  5.83654203e+00  5.98516426e+00]
 [-1.49576729e+00 -1.49276656e+00 -1.48937359e+00 -1.48553819e+00
  -1.48120407e+00 -1.47630814e+00 -1.47077984e+00 -1.46454039e+00
  -1.45750196e+00 -1.44956691e+00 -1.44062695e+00 -1.43056233e+00
  -1.41924108e+00 -1.40651836e+00 -1.39223583e+00 -1.37622140e+00
  -1.35828903e+00 -1.33823907e+00 -1.31585894e+00 -1.29092448e+00
  -1.26320188e+00 -1.23245062e+00 -1.19842724e+00 -1.16089025e+00
  -1.11960630e+00 -1.07435742e+00 -1.02494963e+00 -9.71222447e-01
  -9.13059351e-01 -8.50398602e-01 -7.83243979e-01 -7.11674754e-01
  -6.35854102e-01 -5.56035116e-01 -4.72563612e-01 -3.85877012e-01
  -2.96498818e-01 -2.05028521e-01 -1.12127138e-01 -1.84990181e-02
   7.51291020e-02  1.68030485e-01  2.59500782e-01  3.48878976e-01
   4.35565576e-01  5.19037079e-01  5.98856065e-01  6.74676718e-01
   7.46245943e-01  8.13400565e-01  8.76061315e-01  9.34224410e-01
   9.87951593e-01  1.03735939e+00  1.08260826e+00  1.12389222e+00
   1.16142920e+00  1.19545259e+00  1.22620385e+00  1.25392644e+00
   1.27886091e+00  1.30124103e+00  1.32129099e+00  1.33922336e+00
   1.35523780e+00  1.36952032e+00  1.38224305e+00  1.39356429e+00
   1.40362891e+00  1.41256887e+00  1.42050392e+00  1.42754235e+00
   1.43378181e+00  1.43931010e+00  1.44420603e+00  1.44854015e+00
   1.45237555e+00  1.45576853e+00  1.45876926e+00  1.46142243e+00
   1.44428281e-01  2.77883226e-01  4.00651187e-01  5.13013562e-01
   6.15251789e-01  7.07647360e-01  7.90481836e-01  8.64036865e-01
   9.28594211e-01  9.84435780e-01  1.03184367e+00  1.07110021e+00
   1.10248804e+00  1.12629021e+00  1.14279026e+00  1.15227239e+00
   1.15502162e+00  1.15132408e+00  1.14146724e+00  1.12574037e+00
   1.10443499e+00  1.07784556e+00  1.04627027e+00  1.01001210e+00
   9.69380217e-01  9.24691672e-01  8.76273647e-01  8.24466307e-01
   7.69626437e-01  7.12132094e-01  6.52388533e-01  5.90835739e-01
   5.27957972e-01  4.64295826e-01  4.00461379e-01  3.37157106e-01
   2.75199287e-01  2.15546656e-01  1.59334887e-01  1.07917260e-01
   6.29110945e-02  2.62483845e-02  2.26949065e-04 -1.24447609e-02
  -8.62072396e-03  1.52740801e-02  6.31749144e-02  1.39217532e-01
   2.47455063e-01  3.91428143e-01  5.73591458e-01  7.94648528e-01
   1.05291218e+00  1.34386901e+00  1.66014412e+00  1.99200000e+00
   2.32835588e+00  2.65813099e+00  2.97158782e+00  3.26135147e+00
   3.52290854e+00  3.75457186e+00  3.95704494e+00  4.13278247e+00
   4.28532509e+00  4.41872592e+00  4.53712072e+00  4.64444476e+00
   4.74427305e+00  4.83975162e+00  4.93358891e+00  5.02808274e+00
   5.12516511e+00  5.22645334e+00  5.33330071e+00  5.44684289e+00
   5.56803862e+00  5.69770417e+00  5.83654203e+00  5.98516426e+00]
 [-2.07233989e+00 -1.93341910e+00 -1.80171516e+00 -1.67708689e+00
  -1.55939297e+00 -1.44849189e+00 -1.34424186e+00 -1.24650080e+00
  -1.15512618e+00 -1.06997495e+00 -9.90903373e-01 -9.17766809e-01
  -8.50419497e-01 -7.88714212e-01 -7.32501860e-01 -6.81630943e-01
  -6.35946884e-01 -5.95291157e-01 -5.59500169e-01 -5.28403840e-01
  -5.01823775e-01 -4.79570946e-01 -4.61442727e-01 -4.47219124e-01
  -4.36658007e-01 -4.29489080e-01 -4.25406304e-01 -4.24058440e-01
  -4.25037349e-01 -4.27863665e-01 -4.31969550e-01 -4.36678363e-01
  -4.41181446e-01 -4.44512801e-01 -4.45523519e-01 -4.42859374e-01
  -4.34947355e-01 -4.19999953e-01 -3.96049536e-01 -3.61028227e-01
  -3.12909462e-01 -2.49922922e-01 -1.70841264e-01 -7.53127290e-02
   3.58190968e-02  1.60297513e-01  2.94435067e-01  4.33363007e-01
   5.71540947e-01  7.03428500e-01  8.24156917e-01  9.30038743e-01
   1.01881728e+00  1.08964894e+00  1.14288548e+00  1.17975424e+00
   1.20202555e+00  1.21172597e+00  1.21092337e+00  1.20158539e+00
   1.18549953e+00  1.16423881e+00  1.13915746e+00  1.11140438e+00
   1.08194556e+00  1.05158968e+00  1.02101336e+00  9.90784454e-01
   9.61382317e-01  9.33215094e-01  9.06634021e-01  8.81945137e-01
   8.59418740e-01  8.39296960e-01  8.21799789e-01  8.07129853e-01
   7.95476183e-01  7.87017171e-01  7.81922898e-01  7.80356956e-01
   8.15394997e-02  1.52111799e-01  2.19222214e-01  2.82960413e-01
   3.43418560e-01  4.00691627e-01  4.54877738e-01  5.06078553e-01
   5.54399693e-01  5.99951206e-01  6.42848086e-01  6.83210828e-01
   7.21166046e-01  7.56847131e-01  7.90394956e-01  8.21958630e-01
   8.51696279e-01  8.79775860e-01  9.06375978e-01  9.31686692e-01
   9.55910279e-01  9.79261912e-01  1.00197021e+00  1.02427762e+00
   1.04644046e+00  1.06872870e+00  1.09142523e+00  1.11482454e+00
   1.13923073e+00  1.16495464e+00  1.19231006e+00  1.22160877e+00
   1.25315444e+00  1.28723534e+00  1.32411579e+00  1.36402657e+00
   1.40715451e+00  1.45363167e+00  1.50352457e+00  1.55682426e+00
   1.61343789e+00  1.67318265e+00  1.73578306e+00  1.80087201e+00
   1.86799629e+00  1.93662675e+00  2.00617266e+00  2.07600000e+00
   2.14545234e+00  2.21387325e+00  2.28062871e+00  2.34512799e+00
   2.40684194e+00  2.46531735e+00  2.52018711e+00  2.57117574e+00
   2.61810043e+00  2.66086833e+00  2.69947049e+00  2.73397343e+00
   2.76450921e+00  2.79126466e+00  2.81447056e+00  2.83439123e+00
   2.85131494e+00  2.86554536e+00  2.87739427e+00  2.88717546e+00
   2.89519977e+00  2.90177130e+00  2.90718454e+00  2.91172238e+00
   2.91565479e+00  2.91923809e+00  2.92271472e+00  2.92631331e+00
   2.93024902e+00  2.93472414e+00  2.93992872e+00  2.94604137e+00]
 [-2.07233989e+00 -1.93341910e+00 -1.80171516e+00 -1.67708689e+00
  -1.55939297e+00 -1.44849189e+00 -1.34424186e+00 -1.24650080e+00
  -1.15512618e+00 -1.06997495e+00 -9.90903373e-01 -9.17766809e-01
  -8.50419497e-01 -7.88714212e-01 -7.32501860e-01 -6.81630943e-01
  -6.35946884e-01 -5.95291157e-01 -5.59500169e-01 -5.28403840e-01
  -5.01823775e-01 -4.79570946e-01 -4.61442727e-01 -4.47219124e-01
  -4.36658007e-01 -4.29489080e-01 -4.25406304e-01 -4.24058440e-01
  -4.25037349e-01 -4.27863665e-01 -4.31969550e-01 -4.36678363e-01
  -4.41181446e-01 -4.44512801e-01 -4.45523519e-01 -4.42859374e-01
  -4.34947355e-01 -4.19999953e-01 -3.96049536e-01 -3.61028227e-01
  -3.12909462e-01 -2.49922922e-01 -1.70841264e-01 -7.53127290e-02
   3.58190968e-02  1.60297513e-01  2.94435067e-01  4.33363007e-01
   5.71540947e-01  7.03428500e-01  8.24156917e-01  9.30038743e-01
   1.01881728e+00  1.08964894e+00  1.14288548e+00  1.17975424e+00
   1.20202555e+00  1.21172597e+00  1.21092337e+00  1.20158539e+00
   1.18549953e+00  1.16423881e+00  1.13915746e+00  1.11140438e+00
   1.08194556e+00  1.05158968e+00  1.02101336e+00  9.90784454e-01
   9.61382317e-01  9.33215094e-01  9.06634021e-01  8.81945137e-01
   8.59418740e-01  8.39296960e-01  8.21799789e-01  8.07129853e-01
   7.95476183e-01  7.87017171e-01  7.81922898e-01  7.80356956e-01
   8.15394997e-02  1.52111799e-01  2.19222214e-01  2.82960413e-01
   3.43418560e-01  4.00691627e-01  4.54877738e-01  5.06078553e-01
   5.54399693e-01  5.99951206e-01  6.42848086e-01  6.83210828e-01
   7.21166046e-01  7.56847131e-01  7.90394956e-01  8.21958630e-01
   8.51696279e-01  8.79775860e-01  9.06375978e-01  9.31686692e-01
   9.55910279e-01  9.79261912e-01  1.00197021e+00  1.02427762e+00
   1.04644046e+00  1.06872870e+00  1.09142523e+00  1.11482454e+00
   1.13923073e+00  1.16495464e+00  1.19231006e+00  1.22160877e+00
   1.25315444e+00  1.28723534e+00  1.32411579e+00  1.36402657e+00
   1.40715451e+00  1.45363167e+00  1.50352457e+00  1.55682426e+00
   1.61343789e+00  1.67318265e+00  1.73578306e+00  1.80087201e+00
   1.86799629e+00  1.93662675e+00  2.00617266e+00  2.07600000e+00
   2.14545234e+00  2.21387325e+00  2.28062871e+00  2.34512799e+00
   2.40684194e+00  2.46531735e+00  2.52018711e+00  2.57117574e+00
   2.61810043e+00  2.66086833e+00  2.69947049e+00  2.73397343e+00
   2.76450921e+00  2.79126466e+00  2.81447056e+00  2.83439123e+00
   2.85131494e+00  2.86554536e+00  2.87739427e+00  2.88717546e+00
   2.89519977e+00  2.90177130e+00  2.90718454e+00  2.91172238e+00
   2.91565479e+00  2.91923809e+00  2.92271472e+00  2.92631331e+00
   2.93024902e+00  2.93472414e+00  2.93992872e+00  2.94604137e+00]
 [-2.07233989e+00 -1.93341910e+00 -1.80171516e+00 -1.67708689e+00
  -1.55939297e+00 -1.44849189e+00 -1.34424186e+00 -1.24650080e+00
  -1.15512618e+00 -1.06997495e+00 -9.90903373e-01 -9.17766809e-01
  -8.50419497e-01 -7.88714212e-01 -7.32501860e-01 -6.81630943e-01
  -6.35946884e-01 -5.95291157e-01 -5.59500169e-01 -5.28403840e-01
  -5.01823775e-01 -4.79570946e-01 -4.61442727e-01 -4.47219124e-01
  -4.36658007e-01 -4.29489080e-01 -4.25406304e-01 -4.24058440e-01
  -4.25037349e-01 -4.27863665e-01 -4.31969550e-01 -4.36678363e-01
  -4.41181446e-01 -4.44512801e-01 -4.45523519e-01 -4.42859374e-01
  -4.34947355e-01 -4.19999953e-01 -3.96049536e-01 -3.61028227e-01
  -3.12909462e-01 -2.49922922e-01 -1.70841264e-01 -7.53127290e-02
   3.58190968e-02  1.60297513e-01  2.94435067e-01  4.33363007e-01
   5.71540947e-01  7.03428500e-01  8.24156917e-01  9.30038743e-01
   1.01881728e+00  1.08964894e+00  1.14288548e+00  1.17975424e+00
   1.20202555e+00  1.21172597e+00  1.21092337e+00  1.20158539e+00
   1.18549953e+00  1.16423881e+00  1.13915746e+00  1.11140438e+00
   1.08194556e+00  1.05158968e+00  1.02101336e+00  9.90784454e-01
   9.61382317e-01  9.33215094e-01  9.06634021e-01  8.81945137e-01
   8.59418740e-01  8.39296960e-01  8.21799789e-01  8.07129853e-01
   7.95476183e-01  7.87017171e-01  7.81922898e-01  7.80356956e-01
   8.15394997e-02  1.52111799e-01  2.19222214e-01  2.82960413e-01
   3.43418560e-01  4.00691627e-01  4.54877738e-01  5.06078553e-01
   5.54399693e-01  5.99951206e-01  6.42848086e-01  6.83210828e-01
   7.21166046e-01  7.56847131e-01  7.90394956e-01  8.21958630e-01
   8.51696279e-01  8.79775860e-01  9.06375978e-01  9.31686692e-01
   9.55910279e-01  9.79261912e-01  1.00197021e+00  1.02427762e+00
   1.04644046e+00  1.06872870e+00  1.09142523e+00  1.11482454e+00
   1.13923073e+00  1.16495464e+00  1.19231006e+00  1.22160877e+00
   1.25315444e+00  1.28723534e+00  1.32411579e+00  1.36402657e+00
   1.40715451e+00  1.45363167e+00  1.50352457e+00  1.55682426e+00
   1.61343789e+00  1.67318265e+00  1.73578306e+00  1.80087201e+00
   1.86799629e+00  1.93662675e+00  2.00617266e+00  2.07600000e+00
   2.14545234e+00  2.21387325e+00  2.28062871e+00  2.34512799e+00
   2.40684194e+00  2.46531735e+00  2.52018711e+00  2.57117574e+00
   2.61810043e+00  2.66086833e+00  2.69947049e+00  2.73397343e+00
   2.76450921e+00  2.79126466e+00  2.81447056e+00  2.83439123e+00
   2.85131494e+00  2.86554536e+00  2.87739427e+00  2.88717546e+00
   2.89519977e+00  2.90177130e+00  2.90718454e+00  2.91172238e+00
   2.91565479e+00  2.91923809e+00  2.92271472e+00  2.92631331e+00
   2.93024902e+00  2.93472414e+00  2.93992872e+00  2.94604137e+00]
 [-2.07233989e+00 -1.93341910e+00 -1.80171516e+00 -1.67708689e+00
  -1.55939297e+00 -1.44849189e+00 -1.34424186e+00 -1.24650080e+00
  -1.15512618e+00 -1.06997495e+00 -9.90903373e-01 -9.17766809e-01
  -8.50419497e-01 -7.88714212e-01 -7.32501860e-01 -6.81630943e-01
  -6.35946884e-01 -5.95291157e-01 -5.59500169e-01 -5.28403840e-01
  -5.01823775e-01 -4.79570946e-01 -4.61442727e-01 -4.47219124e-01
  -4.36658007e-01 -4.29489080e-01 -4.25406304e-01 -4.24058440e-01
  -4.25037349e-01 -4.27863665e-01 -4.31969550e-01 -4.36678363e-01
  -4.41181446e-01 -4.44512801e-01 -4.45523519e-01 -4.42859374e-01
  -4.34947355e-01 -4.19999953e-01 -3.96049536e-01 -3.61028227e-01
  -3.12909462e-01 -2.49922922e-01 -1.70841264e-01 -7.53127290e-02
   3.58190968e-02  1.60297513e-01  2.94435067e-01  4.33363007e-01
   5.71540947e-01  7.03428500e-01  8.24156917e-01  9.30038743e-01
   1.01881728e+00  1.08964894e+00  1.14288548e+00  1.17975424e+00
   1.20202555e+00  1.21172597e+00  1.21092337e+00  1.20158539e+00
   1.18549953e+00  1.16423881e+00  1.13915746e+00  1.11140438e+00
   1.08194556e+00  1.05158968e+00  1.02101336e+00  9.90784454e-01
   9.61382317e-01  9.33215094e-01  9.06634021e-01  8.81945137e-01
   8.59418740e-01  8.39296960e-01  8.21799789e-01  8.07129853e-01
   7.95476183e-01  7.87017171e-01  7.81922898e-01  7.80356956e-01
   8.15394997e-02  1.52111799e-01  2.19222214e-01  2.82960413e-01
   3.43418560e-01  4.00691627e-01  4.54877738e-01  5.06078553e-01
   5.54399693e-01  5.99951206e-01  6.42848086e-01  6.83210828e-01
   7.21166046e-01  7.56847131e-01  7.90394956e-01  8.21958630e-01
   8.51696279e-01  8.79775860e-01  9.06375978e-01  9.31686692e-01
   9.55910279e-01  9.79261912e-01  1.00197021e+00  1.02427762e+00
   1.04644046e+00  1.06872870e+00  1.09142523e+00  1.11482454e+00
   1.13923073e+00  1.16495464e+00  1.19231006e+00  1.22160877e+00
   1.25315444e+00  1.28723534e+00  1.32411579e+00  1.36402657e+00
   1.40715451e+00  1.45363167e+00  1.50352457e+00  1.55682426e+00
   1.61343789e+00  1.67318265e+00  1.73578306e+00  1.80087201e+00
   1.86799629e+00  1.93662675e+00  2.00617266e+00  2.07600000e+00
   2.14545234e+00  2.21387325e+00  2.28062871e+00  2.34512799e+00
   2.40684194e+00  2.46531735e+00  2.52018711e+00  2.57117574e+00
   2.61810043e+00  2.66086833e+00  2.69947049e+00  2.73397343e+00
   2.76450921e+00  2.79126466e+00  2.81447056e+00  2.83439123e+00
   2.85131494e+00  2.86554536e+00  2.87739427e+00  2.88717546e+00
   2.89519977e+00  2.90177130e+00  2.90718454e+00  2.91172238e+00
   2.91565479e+00  2.91923809e+00  2.92271472e+00  2.92631331e+00
   2.93024902e+00  2.93472414e+00  2.93992872e+00  2.94604137e+00]
 [-2.07233989e+00 -1.93341910e+00 -1.80171516e+00 -1.67708689e+00
  -1.55939297e+00 -1.44849189e+00 -1.34424186e+00 -1.24650080e+00
  -1.15512618e+00 -1.06997495e+00 -9.90903373e-01 -9.17766809e-01
  -8.50419497e-01 -7.88714212e-01 -7.32501860e-01 -6.81630943e-01
  -6.35946884e-01 -5.95291157e-01 -5.59500169e-01 -5.28403840e-01
  -5.01823775e-01 -4.79570946e-01 -4.61442727e-01 -4.47219124e-01
  -4.36658007e-01 -4.29489080e-01 -4.25406304e-01 -4.24058440e-01
  -4.25037349e-01 -4.27863665e-01 -4.31969550e-01 -4.36678363e-01
  -4.41181446e-01 -4.44512801e-01 -4.45523519e-01 -4.42859374e-01
  -4.34947355e-01 -4.19999953e-01 -3.96049536e-01 -3.61028227e-01
  -3.12909462e-01 -2.49922922e-01 -1.70841264e-01 -7.53127290e-02
   3.58190968e-02  1.60297513e-01  2.94435067e-01  4.33363007e-01
   5.71540947e-01  7.03428500e-01  8.24156917e-01  9.30038743e-01
   1.01881728e+00  1.08964894e+00  1.14288548e+00  1.17975424e+00
   1.20202555e+00  1.21172597e+00  1.21092337e+00  1.20158539e+00
   1.18549953e+00  1.16423881e+00  1.13915746e+00  1.11140438e+00
   1.08194556e+00  1.05158968e+00  1.02101336e+00  9.90784454e-01
   9.61382317e-01  9.33215094e-01  9.06634021e-01  8.81945137e-01
   8.59418740e-01  8.39296960e-01  8.21799789e-01  8.07129853e-01
   7.95476183e-01  7.87017171e-01  7.81922898e-01  7.80356956e-01
   8.15394997e-02  1.52111799e-01  2.19222214e-01  2.82960413e-01
   3.43418560e-01  4.00691627e-01  4.54877738e-01  5.06078553e-01
   5.54399693e-01  5.99951206e-01  6.42848086e-01  6.83210828e-01
   7.21166046e-01  7.56847131e-01  7.90394956e-01  8.21958630e-01
   8.51696279e-01  8.79775860e-01  9.06375978e-01  9.31686692e-01
   9.55910279e-01  9.79261912e-01  1.00197021e+00  1.02427762e+00
   1.04644046e+00  1.06872870e+00  1.09142523e+00  1.11482454e+00
   1.13923073e+00  1.16495464e+00  1.19231006e+00  1.22160877e+00
   1.25315444e+00  1.28723534e+00  1.32411579e+00  1.36402657e+00
   1.40715451e+00  1.45363167e+00  1.50352457e+00  1.55682426e+00
   1.61343789e+00  1.67318265e+00  1.73578306e+00  1.80087201e+00
   1.86799629e+00  1.93662675e+00  2.00617266e+00  2.07600000e+00
   2.14545234e+00  2.21387325e+00  2.28062871e+00  2.34512799e+00
   2.40684194e+00  2.46531735e+00  2.52018711e+00  2.57117574e+00
   2.61810043e+00  2.66086833e+00  2.69947049e+00  2.73397343e+00
   2.76450921e+00  2.79126466e+00  2.81447056e+00  2.83439123e+00
   2.85131494e+00  2.86554536e+00  2.87739427e+00  2.88717546e+00
   2.89519977e+00  2.90177130e+00  2.90718454e+00  2.91172238e+00
   2.91565479e+00  2.91923809e+00  2.92271472e+00  2.92631331e+00
   2.93024902e+00  2.93472414e+00  2.93992872e+00  2.94604137e+00]
 [-2.07233989e+00 -1.93341910e+00 -1.80171516e+00 -1.67708689e+00
  -1.55939297e+00 -1.44849189e+00 -1.34424186e+00 -1.24650080e+00
  -1.15512618e+00 -1.06997495e+00 -9.90903373e-01 -9.17766809e-01
  -8.50419497e-01 -7.88714212e-01 -7.32501860e-01 -6.81630943e-01
  -6.35946884e-01 -5.95291157e-01 -5.59500169e-01 -5.28403840e-01
  -5.01823775e-01 -4.79570946e-01 -4.61442727e-01 -4.47219124e-01
  -4.36658007e-01 -4.29489080e-01 -4.25406304e-01 -4.24058440e-01
  -4.25037349e-01 -4.27863665e-01 -4.31969550e-01 -4.36678363e-01
  -4.41181446e-01 -4.44512801e-01 -4.45523519e-01 -4.42859374e-01
  -4.34947355e-01 -4.19999953e-01 -3.96049536e-01 -3.61028227e-01
  -3.12909462e-01 -2.49922922e-01 -1.70841264e-01 -7.53127290e-02
   3.58190968e-02  1.60297513e-01  2.94435067e-01  4.33363007e-01
   5.71540947e-01  7.03428500e-01  8.24156917e-01  9.30038743e-01
   1.01881728e+00  1.08964894e+00  1.14288548e+00  1.17975424e+00
   1.20202555e+00  1.21172597e+00  1.21092337e+00  1.20158539e+00
   1.18549953e+00  1.16423881e+00  1.13915746e+00  1.11140438e+00
   1.08194556e+00  1.05158968e+00  1.02101336e+00  9.90784454e-01
   9.61382317e-01  9.33215094e-01  9.06634021e-01  8.81945137e-01
   8.59418740e-01  8.39296960e-01  8.21799789e-01  8.07129853e-01
   7.95476183e-01  7.87017171e-01  7.81922898e-01  7.80356956e-01
   8.15394997e-02  1.52111799e-01  2.19222214e-01  2.82960413e-01
   3.43418560e-01  4.00691627e-01  4.54877738e-01  5.06078553e-01
   5.54399693e-01  5.99951206e-01  6.42848086e-01  6.83210828e-01
   7.21166046e-01  7.56847131e-01  7.90394956e-01  8.21958630e-01
   8.51696279e-01  8.79775860e-01  9.06375978e-01  9.31686692e-01
   9.55910279e-01  9.79261912e-01  1.00197021e+00  1.02427762e+00
   1.04644046e+00  1.06872870e+00  1.09142523e+00  1.11482454e+00
   1.13923073e+00  1.16495464e+00  1.19231006e+00  1.22160877e+00
   1.25315444e+00  1.28723534e+00  1.32411579e+00  1.36402657e+00
   1.40715451e+00  1.45363167e+00  1.50352457e+00  1.55682426e+00
   1.61343789e+00  1.67318265e+00  1.73578306e+00  1.80087201e+00
   1.86799629e+00  1.93662675e+00  2.00617266e+00  2.07600000e+00
   2.14545234e+00  2.21387325e+00  2.28062871e+00  2.34512799e+00
   2.40684194e+00  2.46531735e+00  2.52018711e+00  2.57117574e+00
   2.61810043e+00  2.66086833e+00  2.69947049e+00  2.73397343e+00
   2.76450921e+00  2.79126466e+00  2.81447056e+00  2.83439123e+00
   2.85131494e+00  2.86554536e+00  2.87739427e+00  2.88717546e+00
   2.89519977e+00  2.90177130e+00  2.90718454e+00  2.91172238e+00
   2.91565479e+00  2.91923809e+00  2.92271472e+00  2.92631331e+00
   2.93024902e+00  2.93472414e+00  2.93992872e+00  2.94604137e+00]
 [-2.07233989e+00 -1.93341910e+00 -1.80171516e+00 -1.67708689e+00
  -1.55939297e+00 -1.44849189e+00 -1.34424186e+00 -1.24650080e+00
  -1.15512618e+00 -1.06997495e+00 -9.90903373e-01 -9.17766809e-01
  -8.50419497e-01 -7.88714212e-01 -7.32501860e-01 -6.81630943e-01
  -6.35946884e-01 -5.95291157e-01 -5.59500169e-01 -5.28403840e-01
  -5.01823775e-01 -4.79570946e-01 -4.61442727e-01 -4.47219124e-01
  -4.36658007e-01 -4.29489080e-01 -4.25406304e-01 -4.24058440e-01
  -4.25037349e-01 -4.27863665e-01 -4.31969550e-01 -4.36678363e-01
  -4.41181446e-01 -4.44512801e-01 -4.45523519e-01 -4.42859374e-01
  -4.34947355e-01 -4.19999953e-01 -3.96049536e-01 -3.61028227e-01
  -3.12909462e-01 -2.49922922e-01 -1.70841264e-01 -7.53127290e-02
   3.58190968e-02  1.60297513e-01  2.94435067e-01  4.33363007e-01
   5.71540947e-01  7.03428500e-01  8.24156917e-01  9.30038743e-01
   1.01881728e+00  1.08964894e+00  1.14288548e+00  1.17975424e+00
   1.20202555e+00  1.21172597e+00  1.21092337e+00  1.20158539e+00
   1.18549953e+00  1.16423881e+00  1.13915746e+00  1.11140438e+00
   1.08194556e+00  1.05158968e+00  1.02101336e+00  9.90784454e-01
   9.61382317e-01  9.33215094e-01  9.06634021e-01  8.81945137e-01
   8.59418740e-01  8.39296960e-01  8.21799789e-01  8.07129853e-01
   7.95476183e-01  7.87017171e-01  7.81922898e-01  7.80356956e-01
   8.15394997e-02  1.52111799e-01  2.19222214e-01  2.82960413e-01
   3.43418560e-01  4.00691627e-01  4.54877738e-01  5.06078553e-01
   5.54399693e-01  5.99951206e-01  6.42848086e-01  6.83210828e-01
   7.21166046e-01  7.56847131e-01  7.90394956e-01  8.21958630e-01
   8.51696279e-01  8.79775860e-01  9.06375978e-01  9.31686692e-01
   9.55910279e-01  9.79261912e-01  1.00197021e+00  1.02427762e+00
   1.04644046e+00  1.06872870e+00  1.09142523e+00  1.11482454e+00
   1.13923073e+00  1.16495464e+00  1.19231006e+00  1.22160877e+00
   1.25315444e+00  1.28723534e+00  1.32411579e+00  1.36402657e+00
   1.40715451e+00  1.45363167e+00  1.50352457e+00  1.55682426e+00
   1.61343789e+00  1.67318265e+00  1.73578306e+00  1.80087201e+00
   1.86799629e+00  1.93662675e+00  2.00617266e+00  2.07600000e+00
   2.14545234e+00  2.21387325e+00  2.28062871e+00  2.34512799e+00
   2.40684194e+00  2.46531735e+00  2.52018711e+00  2.57117574e+00
   2.61810043e+00  2.66086833e+00  2.69947049e+00  2.73397343e+00
   2.76450921e+00  2.79126466e+00  2.81447056e+00  2.83439123e+00
   2.85131494e+00  2.86554536e+00  2.87739427e+00  2.88717546e+00
   2.89519977e+00  2.90177130e+00  2.90718454e+00  2.91172238e+00
   2.91565479e+00  2.91923809e+00  2.92271472e+00  2.92631331e+00
   2.93024902e+00  2.93472414e+00  2.93992872e+00  2.94604137e+00]
 [-2.07233989e+00 -1.93341910e+00 -1.80171516e+00 -1.67708689e+00
  -1.55939297e+00 -1.44849189e+00 -1.34424186e+00 -1.24650080e+00
  -1.15512618e+00 -1.06997495e+00 -9.90903373e-01 -9.17766809e-01
  -8.50419497e-01 -7.88714212e-01 -7.32501860e-01 -6.81630943e-01
  -6.35946884e-01 -5.95291157e-01 -5.59500169e-01 -5.28403840e-01
  -5.01823775e-01 -4.79570946e-01 -4.61442727e-01 -4.47219124e-01
  -4.36658007e-01 -4.29489080e-01 -4.25406304e-01 -4.24058440e-01
  -4.25037349e-01 -4.27863665e-01 -4.31969550e-01 -4.36678363e-01
  -4.41181446e-01 -4.44512801e-01 -4.45523519e-01 -4.42859374e-01
  -4.34947355e-01 -4.19999953e-01 -3.96049536e-01 -3.61028227e-01
  -3.12909462e-01 -2.49922922e-01 -1.70841264e-01 -7.53127290e-02
   3.58190968e-02  1.60297513e-01  2.94435067e-01  4.33363007e-01
   5.71540947e-01  7.03428500e-01  8.24156917e-01  9.30038743e-01
   1.01881728e+00  1.08964894e+00  1.14288548e+00  1.17975424e+00
   1.20202555e+00  1.21172597e+00  1.21092337e+00  1.20158539e+00
   1.18549953e+00  1.16423881e+00  1.13915746e+00  1.11140438e+00
   1.08194556e+00  1.05158968e+00  1.02101336e+00  9.90784454e-01
   9.61382317e-01  9.33215094e-01  9.06634021e-01  8.81945137e-01
   8.59418740e-01  8.39296960e-01  8.21799789e-01  8.07129853e-01
   7.95476183e-01  7.87017171e-01  7.81922898e-01  7.80356956e-01
   8.15394997e-02  1.52111799e-01  2.19222214e-01  2.82960413e-01
   3.43418560e-01  4.00691627e-01  4.54877738e-01  5.06078553e-01
   5.54399693e-01  5.99951206e-01  6.42848086e-01  6.83210828e-01
   7.21166046e-01  7.56847131e-01  7.90394956e-01  8.21958630e-01
   8.51696279e-01  8.79775860e-01  9.06375978e-01  9.31686692e-01
   9.55910279e-01  9.79261912e-01  1.00197021e+00  1.02427762e+00
   1.04644046e+00  1.06872870e+00  1.09142523e+00  1.11482454e+00
   1.13923073e+00  1.16495464e+00  1.19231006e+00  1.22160877e+00
   1.25315444e+00  1.28723534e+00  1.32411579e+00  1.36402657e+00
   1.40715451e+00  1.45363167e+00  1.50352457e+00  1.55682426e+00
   1.61343789e+00  1.67318265e+00  1.73578306e+00  1.80087201e+00
   1.86799629e+00  1.93662675e+00  2.00617266e+00  2.07600000e+00
   2.14545234e+00  2.21387325e+00  2.28062871e+00  2.34512799e+00
   2.40684194e+00  2.46531735e+00  2.52018711e+00  2.57117574e+00
   2.61810043e+00  2.66086833e+00  2.69947049e+00  2.73397343e+00
   2.76450921e+00  2.79126466e+00  2.81447056e+00  2.83439123e+00
   2.85131494e+00  2.86554536e+00  2.87739427e+00  2.88717546e+00
   2.89519977e+00  2.90177130e+00  2.90718454e+00  2.91172238e+00
   2.91565479e+00  2.91923809e+00  2.92271472e+00  2.92631331e+00
   2.93024902e+00  2.93472414e+00  2.93992872e+00  2.94604137e+00]
 [-2.07233989e+00 -1.93341910e+00 -1.80171516e+00 -1.67708689e+00
  -1.55939297e+00 -1.44849189e+00 -1.34424186e+00 -1.24650080e+00
  -1.15512618e+00 -1.06997495e+00 -9.90903373e-01 -9.17766809e-01
  -8.50419497e-01 -7.88714212e-01 -7.32501860e-01 -6.81630943e-01
  -6.35946884e-01 -5.95291157e-01 -5.59500169e-01 -5.28403840e-01
  -5.01823775e-01 -4.79570946e-01 -4.61442727e-01 -4.47219124e-01
  -4.36658007e-01 -4.29489080e-01 -4.25406304e-01 -4.24058440e-01
  -4.25037349e-01 -4.27863665e-01 -4.31969550e-01 -4.36678363e-01
  -4.41181446e-01 -4.44512801e-01 -4.45523519e-01 -4.42859374e-01
  -4.34947355e-01 -4.19999953e-01 -3.96049536e-01 -3.61028227e-01
  -3.12909462e-01 -2.49922922e-01 -1.70841264e-01 -7.53127290e-02
   3.58190968e-02  1.60297513e-01  2.94435067e-01  4.33363007e-01
   5.71540947e-01  7.03428500e-01  8.24156917e-01  9.30038743e-01
   1.01881728e+00  1.08964894e+00  1.14288548e+00  1.17975424e+00
   1.20202555e+00  1.21172597e+00  1.21092337e+00  1.20158539e+00
   1.18549953e+00  1.16423881e+00  1.13915746e+00  1.11140438e+00
   1.08194556e+00  1.05158968e+00  1.02101336e+00  9.90784454e-01
   9.61382317e-01  9.33215094e-01  9.06634021e-01  8.81945137e-01
   8.59418740e-01  8.39296960e-01  8.21799789e-01  8.07129853e-01
   7.95476183e-01  7.87017171e-01  7.81922898e-01  7.80356956e-01
   8.15394997e-02  1.52111799e-01  2.19222214e-01  2.82960413e-01
   3.43418560e-01  4.00691627e-01  4.54877738e-01  5.06078553e-01
   5.54399693e-01  5.99951206e-01  6.42848086e-01  6.83210828e-01
   7.21166046e-01  7.56847131e-01  7.90394956e-01  8.21958630e-01
   8.51696279e-01  8.79775860e-01  9.06375978e-01  9.31686692e-01
   9.55910279e-01  9.79261912e-01  1.00197021e+00  1.02427762e+00
   1.04644046e+00  1.06872870e+00  1.09142523e+00  1.11482454e+00
   1.13923073e+00  1.16495464e+00  1.19231006e+00  1.22160877e+00
   1.25315444e+00  1.28723534e+00  1.32411579e+00  1.36402657e+00
   1.40715451e+00  1.45363167e+00  1.50352457e+00  1.55682426e+00
   1.61343789e+00  1.67318265e+00  1.73578306e+00  1.80087201e+00
   1.86799629e+00  1.93662675e+00  2.00617266e+00  2.07600000e+00
   2.14545234e+00  2.21387325e+00  2.28062871e+00  2.34512799e+00
   2.40684194e+00  2.46531735e+00  2.52018711e+00  2.57117574e+00
   2.61810043e+00  2.66086833e+00  2.69947049e+00  2.73397343e+00
   2.76450921e+00  2.79126466e+00  2.81447056e+00  2.83439123e+00
   2.85131494e+00  2.86554536e+00  2.87739427e+00  2.88717546e+00
   2.89519977e+00  2.90177130e+00  2.90718454e+00  2.91172238e+00
   2.91565479e+00  2.91923809e+00  2.92271472e+00  2.92631331e+00
   2.93024902e+00  2.93472414e+00  2.93992872e+00  2.94604137e+00]
 [-2.07233989e+00 -1.93341910e+00 -1.80171516e+00 -1.67708689e+00
  -1.55939297e+00 -1.44849189e+00 -1.34424186e+00 -1.24650080e+00
  -1.15512618e+00 -1.06997495e+00 -9.90903373e-01 -9.17766809e-01
  -8.50419497e-01 -7.88714212e-01 -7.32501860e-01 -6.81630943e-01
  -6.35946884e-01 -5.95291157e-01 -5.59500169e-01 -5.28403840e-01
  -5.01823775e-01 -4.79570946e-01 -4.61442727e-01 -4.47219124e-01
  -4.36658007e-01 -4.29489080e-01 -4.25406304e-01 -4.24058440e-01
  -4.25037349e-01 -4.27863665e-01 -4.31969550e-01 -4.36678363e-01
  -4.41181446e-01 -4.44512801e-01 -4.45523519e-01 -4.42859374e-01
  -4.34947355e-01 -4.19999953e-01 -3.96049536e-01 -3.61028227e-01
  -3.12909462e-01 -2.49922922e-01 -1.70841264e-01 -7.53127290e-02
   3.58190968e-02  1.60297513e-01  2.94435067e-01  4.33363007e-01
   5.71540947e-01  7.03428500e-01  8.24156917e-01  9.30038743e-01
   1.01881728e+00  1.08964894e+00  1.14288548e+00  1.17975424e+00
   1.20202555e+00  1.21172597e+00  1.21092337e+00  1.20158539e+00
   1.18549953e+00  1.16423881e+00  1.13915746e+00  1.11140438e+00
   1.08194556e+00  1.05158968e+00  1.02101336e+00  9.90784454e-01
   9.61382317e-01  9.33215094e-01  9.06634021e-01  8.81945137e-01
   8.59418740e-01  8.39296960e-01  8.21799789e-01  8.07129853e-01
   7.95476183e-01  7.87017171e-01  7.81922898e-01  7.80356956e-01
   8.15394997e-02  1.52111799e-01  2.19222214e-01  2.82960413e-01
   3.43418560e-01  4.00691627e-01  4.54877738e-01  5.06078553e-01
   5.54399693e-01  5.99951206e-01  6.42848086e-01  6.83210828e-01
   7.21166046e-01  7.56847131e-01  7.90394956e-01  8.21958630e-01
   8.51696279e-01  8.79775860e-01  9.06375978e-01  9.31686692e-01
   9.55910279e-01  9.79261912e-01  1.00197021e+00  1.02427762e+00
   1.04644046e+00  1.06872870e+00  1.09142523e+00  1.11482454e+00
   1.13923073e+00  1.16495464e+00  1.19231006e+00  1.22160877e+00
   1.25315444e+00  1.28723534e+00  1.32411579e+00  1.36402657e+00
   1.40715451e+00  1.45363167e+00  1.50352457e+00  1.55682426e+00
   1.61343789e+00  1.67318265e+00  1.73578306e+00  1.80087201e+00
   1.86799629e+00  1.93662675e+00  2.00617266e+00  2.07600000e+00
   2.14545234e+00  2.21387325e+00  2.28062871e+00  2.34512799e+00
   2.40684194e+00  2.46531735e+00  2.52018711e+00  2.57117574e+00
   2.61810043e+00  2.66086833e+00  2.69947049e+00  2.73397343e+00
   2.76450921e+00  2.79126466e+00  2.81447056e+00  2.83439123e+00
   2.85131494e+00  2.86554536e+00  2.87739427e+00  2.88717546e+00
   2.89519977e+00  2.90177130e+00  2.90718454e+00  2.91172238e+00
   2.91565479e+00  2.91923809e+00  2.92271472e+00  2.92631331e+00
   2.93024902e+00  2.93472414e+00  2.93992872e+00  2.94604137e+00]
 [-2.07233989e+00 -1.93341910e+00 -1.80171516e+00 -1.67708689e+00
  -1.55939297e+00 -1.44849189e+00 -1.34424186e+00 -1.24650080e+00
  -1.15512618e+00 -1.06997495e+00 -9.90903373e-01 -9.17766809e-01
  -8.50419497e-01 -7.88714212e-01 -7.32501860e-01 -6.81630943e-01
  -6.35946884e-01 -5.95291157e-01 -5.59500169e-01 -5.28403840e-01
  -5.01823775e-01 -4.79570946e-01 -4.61442727e-01 -4.47219124e-01
  -4.36658007e-01 -4.29489080e-01 -4.25406304e-01 -4.24058440e-01
  -4.25037349e-01 -4.27863665e-01 -4.31969550e-01 -4.36678363e-01
  -4.41181446e-01 -4.44512801e-01 -4.45523519e-01 -4.42859374e-01
  -4.34947355e-01 -4.19999953e-01 -3.96049536e-01 -3.61028227e-01
  -3.12909462e-01 -2.49922922e-01 -1.70841264e-01 -7.53127290e-02
   3.58190968e-02  1.60297513e-01  2.94435067e-01  4.33363007e-01
   5.71540947e-01  7.03428500e-01  8.24156917e-01  9.30038743e-01
   1.01881728e+00  1.08964894e+00  1.14288548e+00  1.17975424e+00
   1.20202555e+00  1.21172597e+00  1.21092337e+00  1.20158539e+00
   1.18549953e+00  1.16423881e+00  1.13915746e+00  1.11140438e+00
   1.08194556e+00  1.05158968e+00  1.02101336e+00  9.90784454e-01
   9.61382317e-01  9.33215094e-01  9.06634021e-01  8.81945137e-01
   8.59418740e-01  8.39296960e-01  8.21799789e-01  8.07129853e-01
   7.95476183e-01  7.87017171e-01  7.81922898e-01  7.80356956e-01
   8.15394997e-02  1.52111799e-01  2.19222214e-01  2.82960413e-01
   3.43418560e-01  4.00691627e-01  4.54877738e-01  5.06078553e-01
   5.54399693e-01  5.99951206e-01  6.42848086e-01  6.83210828e-01
   7.21166046e-01  7.56847131e-01  7.90394956e-01  8.21958630e-01
   8.51696279e-01  8.79775860e-01  9.06375978e-01  9.31686692e-01
   9.55910279e-01  9.79261912e-01  1.00197021e+00  1.02427762e+00
   1.04644046e+00  1.06872870e+00  1.09142523e+00  1.11482454e+00
   1.13923073e+00  1.16495464e+00  1.19231006e+00  1.22160877e+00
   1.25315444e+00  1.28723534e+00  1.32411579e+00  1.36402657e+00
   1.40715451e+00  1.45363167e+00  1.50352457e+00  1.55682426e+00
   1.61343789e+00  1.67318265e+00  1.73578306e+00  1.80087201e+00
   1.86799629e+00  1.93662675e+00  2.00617266e+00  2.07600000e+00
   2.14545234e+00  2.21387325e+00  2.28062871e+00  2.34512799e+00
   2.40684194e+00  2.46531735e+00  2.52018711e+00  2.57117574e+00
   2.61810043e+00  2.66086833e+00  2.69947049e+00  2.73397343e+00
   2.76450921e+00  2.79126466e+00  2.81447056e+00  2.83439123e+00
   2.85131494e+00  2.86554536e+00  2.87739427e+00  2.88717546e+00
   2.89519977e+00  2.90177130e+00  2.90718454e+00  2.91172238e+00
   2.91565479e+00  2.91923809e+00  2.92271472e+00  2.92631331e+00
   2.93024902e+00  2.93472414e+00  2.93992872e+00  2.94604137e+00]
 [-2.07233989e+00 -1.93341910e+00 -1.80171516e+00 -1.67708689e+00
  -1.55939297e+00 -1.44849189e+00 -1.34424186e+00 -1.24650080e+00
  -1.15512618e+00 -1.06997495e+00 -9.90903373e-01 -9.17766809e-01
  -8.50419497e-01 -7.88714212e-01 -7.32501860e-01 -6.81630943e-01
  -6.35946884e-01 -5.95291157e-01 -5.59500169e-01 -5.28403840e-01
  -5.01823775e-01 -4.79570946e-01 -4.61442727e-01 -4.47219124e-01
  -4.36658007e-01 -4.29489080e-01 -4.25406304e-01 -4.24058440e-01
  -4.25037349e-01 -4.27863665e-01 -4.31969550e-01 -4.36678363e-01
  -4.41181446e-01 -4.44512801e-01 -4.45523519e-01 -4.42859374e-01
  -4.34947355e-01 -4.19999953e-01 -3.96049536e-01 -3.61028227e-01
  -3.12909462e-01 -2.49922922e-01 -1.70841264e-01 -7.53127290e-02
   3.58190968e-02  1.60297513e-01  2.94435067e-01  4.33363007e-01
   5.71540947e-01  7.03428500e-01  8.24156917e-01  9.30038743e-01
   1.01881728e+00  1.08964894e+00  1.14288548e+00  1.17975424e+00
   1.20202555e+00  1.21172597e+00  1.21092337e+00  1.20158539e+00
   1.18549953e+00  1.16423881e+00  1.13915746e+00  1.11140438e+00
   1.08194556e+00  1.05158968e+00  1.02101336e+00  9.90784454e-01
   9.61382317e-01  9.33215094e-01  9.06634021e-01  8.81945137e-01
   8.59418740e-01  8.39296960e-01  8.21799789e-01  8.07129853e-01
   7.95476183e-01  7.87017171e-01  7.81922898e-01  7.80356956e-01
   8.15394997e-02  1.52111799e-01  2.19222214e-01  2.82960413e-01
   3.43418560e-01  4.00691627e-01  4.54877738e-01  5.06078553e-01
   5.54399693e-01  5.99951206e-01  6.42848086e-01  6.83210828e-01
   7.21166046e-01  7.56847131e-01  7.90394956e-01  8.21958630e-01
   8.51696279e-01  8.79775860e-01  9.06375978e-01  9.31686692e-01
   9.55910279e-01  9.79261912e-01  1.00197021e+00  1.02427762e+00
   1.04644046e+00  1.06872870e+00  1.09142523e+00  1.11482454e+00
   1.13923073e+00  1.16495464e+00  1.19231006e+00  1.22160877e+00
   1.25315444e+00  1.28723534e+00  1.32411579e+00  1.36402657e+00
   1.40715451e+00  1.45363167e+00  1.50352457e+00  1.55682426e+00
   1.61343789e+00  1.67318265e+00  1.73578306e+00  1.80087201e+00
   1.86799629e+00  1.93662675e+00  2.00617266e+00  2.07600000e+00
   2.14545234e+00  2.21387325e+00  2.28062871e+00  2.34512799e+00
   2.40684194e+00  2.46531735e+00  2.52018711e+00  2.57117574e+00
   2.61810043e+00  2.66086833e+00  2.69947049e+00  2.73397343e+00
   2.76450921e+00  2.79126466e+00  2.81447056e+00  2.83439123e+00
   2.85131494e+00  2.86554536e+00  2.87739427e+00  2.88717546e+00
   2.89519977e+00  2.90177130e+00  2.90718454e+00  2.91172238e+00
   2.91565479e+00  2.91923809e+00  2.92271472e+00  2.92631331e+00
   2.93024902e+00  2.93472414e+00  2.93992872e+00  2.94604137e+00]
 [-2.07233989e+00 -1.93341910e+00 -1.80171516e+00 -1.67708689e+00
  -1.55939297e+00 -1.44849189e+00 -1.34424186e+00 -1.24650080e+00
  -1.15512618e+00 -1.06997495e+00 -9.90903373e-01 -9.17766809e-01
  -8.50419497e-01 -7.88714212e-01 -7.32501860e-01 -6.81630943e-01
  -6.35946884e-01 -5.95291157e-01 -5.59500169e-01 -5.28403840e-01
  -5.01823775e-01 -4.79570946e-01 -4.61442727e-01 -4.47219124e-01
  -4.36658007e-01 -4.29489080e-01 -4.25406304e-01 -4.24058440e-01
  -4.25037349e-01 -4.27863665e-01 -4.31969550e-01 -4.36678363e-01
  -4.41181446e-01 -4.44512801e-01 -4.45523519e-01 -4.42859374e-01
  -4.34947355e-01 -4.19999953e-01 -3.96049536e-01 -3.61028227e-01
  -3.12909462e-01 -2.49922922e-01 -1.70841264e-01 -7.53127290e-02
   3.58190968e-02  1.60297513e-01  2.94435067e-01  4.33363007e-01
   5.71540947e-01  7.03428500e-01  8.24156917e-01  9.30038743e-01
   1.01881728e+00  1.08964894e+00  1.14288548e+00  1.17975424e+00
   1.20202555e+00  1.21172597e+00  1.21092337e+00  1.20158539e+00
   1.18549953e+00  1.16423881e+00  1.13915746e+00  1.11140438e+00
   1.08194556e+00  1.05158968e+00  1.02101336e+00  9.90784454e-01
   9.61382317e-01  9.33215094e-01  9.06634021e-01  8.81945137e-01
   8.59418740e-01  8.39296960e-01  8.21799789e-01  8.07129853e-01
   7.95476183e-01  7.87017171e-01  7.81922898e-01  7.80356956e-01
   8.15394997e-02  1.52111799e-01  2.19222214e-01  2.82960413e-01
   3.43418560e-01  4.00691627e-01  4.54877738e-01  5.06078553e-01
   5.54399693e-01  5.99951206e-01  6.42848086e-01  6.83210828e-01
   7.21166046e-01  7.56847131e-01  7.90394956e-01  8.21958630e-01
   8.51696279e-01  8.79775860e-01  9.06375978e-01  9.31686692e-01
   9.55910279e-01  9.79261912e-01  1.00197021e+00  1.02427762e+00
   1.04644046e+00  1.06872870e+00  1.09142523e+00  1.11482454e+00
   1.13923073e+00  1.16495464e+00  1.19231006e+00  1.22160877e+00
   1.25315444e+00  1.28723534e+00  1.32411579e+00  1.36402657e+00
   1.40715451e+00  1.45363167e+00  1.50352457e+00  1.55682426e+00
   1.61343789e+00  1.67318265e+00  1.73578306e+00  1.80087201e+00
   1.86799629e+00  1.93662675e+00  2.00617266e+00  2.07600000e+00
   2.14545234e+00  2.21387325e+00  2.28062871e+00  2.34512799e+00
   2.40684194e+00  2.46531735e+00  2.52018711e+00  2.57117574e+00
   2.61810043e+00  2.66086833e+00  2.69947049e+00  2.73397343e+00
   2.76450921e+00  2.79126466e+00  2.81447056e+00  2.83439123e+00
   2.85131494e+00  2.86554536e+00  2.87739427e+00  2.88717546e+00
   2.89519977e+00  2.90177130e+00  2.90718454e+00  2.91172238e+00
   2.91565479e+00  2.91923809e+00  2.92271472e+00  2.92631331e+00
   2.93024902e+00  2.93472414e+00  2.93992872e+00  2.94604137e+00]
 [-2.07233989e+00 -1.93341910e+00 -1.80171516e+00 -1.67708689e+00
  -1.55939297e+00 -1.44849189e+00 -1.34424186e+00 -1.24650080e+00
  -1.15512618e+00 -1.06997495e+00 -9.90903373e-01 -9.17766809e-01
  -8.50419497e-01 -7.88714212e-01 -7.32501860e-01 -6.81630943e-01
  -6.35946884e-01 -5.95291157e-01 -5.59500169e-01 -5.28403840e-01
  -5.01823775e-01 -4.79570946e-01 -4.61442727e-01 -4.47219124e-01
  -4.36658007e-01 -4.29489080e-01 -4.25406304e-01 -4.24058440e-01
  -4.25037349e-01 -4.27863665e-01 -4.31969550e-01 -4.36678363e-01
  -4.41181446e-01 -4.44512801e-01 -4.45523519e-01 -4.42859374e-01
  -4.34947355e-01 -4.19999953e-01 -3.96049536e-01 -3.61028227e-01
  -3.12909462e-01 -2.49922922e-01 -1.70841264e-01 -7.53127290e-02
   3.58190968e-02  1.60297513e-01  2.94435067e-01  4.33363007e-01
   5.71540947e-01  7.03428500e-01  8.24156917e-01  9.30038743e-01
   1.01881728e+00  1.08964894e+00  1.14288548e+00  1.17975424e+00
   1.20202555e+00  1.21172597e+00  1.21092337e+00  1.20158539e+00
   1.18549953e+00  1.16423881e+00  1.13915746e+00  1.11140438e+00
   1.08194556e+00  1.05158968e+00  1.02101336e+00  9.90784454e-01
   9.61382317e-01  9.33215094e-01  9.06634021e-01  8.81945137e-01
   8.59418740e-01  8.39296960e-01  8.21799789e-01  8.07129853e-01
   7.95476183e-01  7.87017171e-01  7.81922898e-01  7.80356956e-01
   8.15394997e-02  1.52111799e-01  2.19222214e-01  2.82960413e-01
   3.43418560e-01  4.00691627e-01  4.54877738e-01  5.06078553e-01
   5.54399693e-01  5.99951206e-01  6.42848086e-01  6.83210828e-01
   7.21166046e-01  7.56847131e-01  7.90394956e-01  8.21958630e-01
   8.51696279e-01  8.79775860e-01  9.06375978e-01  9.31686692e-01
   9.55910279e-01  9.79261912e-01  1.00197021e+00  1.02427762e+00
   1.04644046e+00  1.06872870e+00  1.09142523e+00  1.11482454e+00
   1.13923073e+00  1.16495464e+00  1.19231006e+00  1.22160877e+00
   1.25315444e+00  1.28723534e+00  1.32411579e+00  1.36402657e+00
   1.40715451e+00  1.45363167e+00  1.50352457e+00  1.55682426e+00
   1.61343789e+00  1.67318265e+00  1.73578306e+00  1.80087201e+00
   1.86799629e+00  1.93662675e+00  2.00617266e+00  2.07600000e+00
   2.14545234e+00  2.21387325e+00  2.28062871e+00  2.34512799e+00
   2.40684194e+00  2.46531735e+00  2.52018711e+00  2.57117574e+00
   2.61810043e+00  2.66086833e+00  2.69947049e+00  2.73397343e+00
   2.76450921e+00  2.79126466e+00  2.81447056e+00  2.83439123e+00
   2.85131494e+00  2.86554536e+00  2.87739427e+00  2.88717546e+00
   2.89519977e+00  2.90177130e+00  2.90718454e+00  2.91172238e+00
   2.91565479e+00  2.91923809e+00  2.92271472e+00  2.92631331e+00
   2.93024902e+00  2.93472414e+00  2.93992872e+00  2.94604137e+00]
 [-2.07233989e+00 -1.93341910e+00 -1.80171516e+00 -1.67708689e+00
  -1.55939297e+00 -1.44849189e+00 -1.34424186e+00 -1.24650080e+00
  -1.15512618e+00 -1.06997495e+00 -9.90903373e-01 -9.17766809e-01
  -8.50419497e-01 -7.88714212e-01 -7.32501860e-01 -6.81630943e-01
  -6.35946884e-01 -5.95291157e-01 -5.59500169e-01 -5.28403840e-01
  -5.01823775e-01 -4.79570946e-01 -4.61442727e-01 -4.47219124e-01
  -4.36658007e-01 -4.29489080e-01 -4.25406304e-01 -4.24058440e-01
  -4.25037349e-01 -4.27863665e-01 -4.31969550e-01 -4.36678363e-01
  -4.41181446e-01 -4.44512801e-01 -4.45523519e-01 -4.42859374e-01
  -4.34947355e-01 -4.19999953e-01 -3.96049536e-01 -3.61028227e-01
  -3.12909462e-01 -2.49922922e-01 -1.70841264e-01 -7.53127290e-02
   3.58190968e-02  1.60297513e-01  2.94435067e-01  4.33363007e-01
   5.71540947e-01  7.03428500e-01  8.24156917e-01  9.30038743e-01
   1.01881728e+00  1.08964894e+00  1.14288548e+00  1.17975424e+00
   1.20202555e+00  1.21172597e+00  1.21092337e+00  1.20158539e+00
   1.18549953e+00  1.16423881e+00  1.13915746e+00  1.11140438e+00
   1.08194556e+00  1.05158968e+00  1.02101336e+00  9.90784454e-01
   9.61382317e-01  9.33215094e-01  9.06634021e-01  8.81945137e-01
   8.59418740e-01  8.39296960e-01  8.21799789e-01  8.07129853e-01
   7.95476183e-01  7.87017171e-01  7.81922898e-01  7.80356956e-01
   8.15394997e-02  1.52111799e-01  2.19222214e-01  2.82960413e-01
   3.43418560e-01  4.00691627e-01  4.54877738e-01  5.06078553e-01
   5.54399693e-01  5.99951206e-01  6.42848086e-01  6.83210828e-01
   7.21166046e-01  7.56847131e-01  7.90394956e-01  8.21958630e-01
   8.51696279e-01  8.79775860e-01  9.06375978e-01  9.31686692e-01
   9.55910279e-01  9.79261912e-01  1.00197021e+00  1.02427762e+00
   1.04644046e+00  1.06872870e+00  1.09142523e+00  1.11482454e+00
   1.13923073e+00  1.16495464e+00  1.19231006e+00  1.22160877e+00
   1.25315444e+00  1.28723534e+00  1.32411579e+00  1.36402657e+00
   1.40715451e+00  1.45363167e+00  1.50352457e+00  1.55682426e+00
   1.61343789e+00  1.67318265e+00  1.73578306e+00  1.80087201e+00
   1.86799629e+00  1.93662675e+00  2.00617266e+00  2.07600000e+00
   2.14545234e+00  2.21387325e+00  2.28062871e+00  2.34512799e+00
   2.40684194e+00  2.46531735e+00  2.52018711e+00  2.57117574e+00
   2.61810043e+00  2.66086833e+00  2.69947049e+00  2.73397343e+00
   2.76450921e+00  2.79126466e+00  2.81447056e+00  2.83439123e+00
   2.85131494e+00  2.86554536e+00  2.87739427e+00  2.88717546e+00
   2.89519977e+00  2.90177130e+00  2.90718454e+00  2.91172238e+00
   2.91565479e+00  2.91923809e+00  2.92271472e+00  2.92631331e+00
   2.93024902e+00  2.93472414e+00  2.93992872e+00  2.94604137e+00]
 [-2.07233989e+00 -1.93341910e+00 -1.80171516e+00 -1.67708689e+00
  -1.55939297e+00 -1.44849189e+00 -1.34424186e+00 -1.24650080e+00
  -1.15512618e+00 -1.06997495e+00 -9.90903373e-01 -9.17766809e-01
  -8.50419497e-01 -7.88714212e-01 -7.32501860e-01 -6.81630943e-01
  -6.35946884e-01 -5.95291157e-01 -5.59500169e-01 -5.28403840e-01
  -5.01823775e-01 -4.79570946e-01 -4.61442727e-01 -4.47219124e-01
  -4.36658007e-01 -4.29489080e-01 -4.25406304e-01 -4.24058440e-01
  -4.25037349e-01 -4.27863665e-01 -4.31969550e-01 -4.36678363e-01
  -4.41181446e-01 -4.44512801e-01 -4.45523519e-01 -4.42859374e-01
  -4.34947355e-01 -4.19999953e-01 -3.96049536e-01 -3.61028227e-01
  -3.12909462e-01 -2.49922922e-01 -1.70841264e-01 -7.53127290e-02
   3.58190968e-02  1.60297513e-01  2.94435067e-01  4.33363007e-01
   5.71540947e-01  7.03428500e-01  8.24156917e-01  9.30038743e-01
   1.01881728e+00  1.08964894e+00  1.14288548e+00  1.17975424e+00
   1.20202555e+00  1.21172597e+00  1.21092337e+00  1.20158539e+00
   1.18549953e+00  1.16423881e+00  1.13915746e+00  1.11140438e+00
   1.08194556e+00  1.05158968e+00  1.02101336e+00  9.90784454e-01
   9.61382317e-01  9.33215094e-01  9.06634021e-01  8.81945137e-01
   8.59418740e-01  8.39296960e-01  8.21799789e-01  8.07129853e-01
   7.95476183e-01  7.87017171e-01  7.81922898e-01  7.80356956e-01
   8.15394997e-02  1.52111799e-01  2.19222214e-01  2.82960413e-01
   3.43418560e-01  4.00691627e-01  4.54877738e-01  5.06078553e-01
   5.54399693e-01  5.99951206e-01  6.42848086e-01  6.83210828e-01
   7.21166046e-01  7.56847131e-01  7.90394956e-01  8.21958630e-01
   8.51696279e-01  8.79775860e-01  9.06375978e-01  9.31686692e-01
   9.55910279e-01  9.79261912e-01  1.00197021e+00  1.02427762e+00
   1.04644046e+00  1.06872870e+00  1.09142523e+00  1.11482454e+00
   1.13923073e+00  1.16495464e+00  1.19231006e+00  1.22160877e+00
   1.25315444e+00  1.28723534e+00  1.32411579e+00  1.36402657e+00
   1.40715451e+00  1.45363167e+00  1.50352457e+00  1.55682426e+00
   1.61343789e+00  1.67318265e+00  1.73578306e+00  1.80087201e+00
   1.86799629e+00  1.93662675e+00  2.00617266e+00  2.07600000e+00
   2.14545234e+00  2.21387325e+00  2.28062871e+00  2.34512799e+00
   2.40684194e+00  2.46531735e+00  2.52018711e+00  2.57117574e+00
   2.61810043e+00  2.66086833e+00  2.69947049e+00  2.73397343e+00
   2.76450921e+00  2.79126466e+00  2.81447056e+00  2.83439123e+00
   2.85131494e+00  2.86554536e+00  2.87739427e+00  2.88717546e+00
   2.89519977e+00  2.90177130e+00  2.90718454e+00  2.91172238e+00
   2.91565479e+00  2.91923809e+00  2.92271472e+00  2.92631331e+00
   2.93024902e+00  2.93472414e+00  2.93992872e+00  2.94604137e+00]
 [-2.07233989e+00 -1.93341910e+00 -1.80171516e+00 -1.67708689e+00
  -1.55939297e+00 -1.44849189e+00 -1.34424186e+00 -1.24650080e+00
  -1.15512618e+00 -1.06997495e+00 -9.90903373e-01 -9.17766809e-01
  -8.50419497e-01 -7.88714212e-01 -7.32501860e-01 -6.81630943e-01
  -6.35946884e-01 -5.95291157e-01 -5.59500169e-01 -5.28403840e-01
  -5.01823775e-01 -4.79570946e-01 -4.61442727e-01 -4.47219124e-01
  -4.36658007e-01 -4.29489080e-01 -4.25406304e-01 -4.24058440e-01
  -4.25037349e-01 -4.27863665e-01 -4.31969550e-01 -4.36678363e-01
  -4.41181446e-01 -4.44512801e-01 -4.45523519e-01 -4.42859374e-01
  -4.34947355e-01 -4.19999953e-01 -3.96049536e-01 -3.61028227e-01
  -3.12909462e-01 -2.49922922e-01 -1.70841264e-01 -7.53127290e-02
   3.58190968e-02  1.60297513e-01  2.94435067e-01  4.33363007e-01
   5.71540947e-01  7.03428500e-01  8.24156917e-01  9.30038743e-01
   1.01881728e+00  1.08964894e+00  1.14288548e+00  1.17975424e+00
   1.20202555e+00  1.21172597e+00  1.21092337e+00  1.20158539e+00
   1.18549953e+00  1.16423881e+00  1.13915746e+00  1.11140438e+00
   1.08194556e+00  1.05158968e+00  1.02101336e+00  9.90784454e-01
   9.61382317e-01  9.33215094e-01  9.06634021e-01  8.81945137e-01
   8.59418740e-01  8.39296960e-01  8.21799789e-01  8.07129853e-01
   7.95476183e-01  7.87017171e-01  7.81922898e-01  7.80356956e-01
   8.15394997e-02  1.52111799e-01  2.19222214e-01  2.82960413e-01
   3.43418560e-01  4.00691627e-01  4.54877738e-01  5.06078553e-01
   5.54399693e-01  5.99951206e-01  6.42848086e-01  6.83210828e-01
   7.21166046e-01  7.56847131e-01  7.90394956e-01  8.21958630e-01
   8.51696279e-01  8.79775860e-01  9.06375978e-01  9.31686692e-01
   9.55910279e-01  9.79261912e-01  1.00197021e+00  1.02427762e+00
   1.04644046e+00  1.06872870e+00  1.09142523e+00  1.11482454e+00
   1.13923073e+00  1.16495464e+00  1.19231006e+00  1.22160877e+00
   1.25315444e+00  1.28723534e+00  1.32411579e+00  1.36402657e+00
   1.40715451e+00  1.45363167e+00  1.50352457e+00  1.55682426e+00
   1.61343789e+00  1.67318265e+00  1.73578306e+00  1.80087201e+00
   1.86799629e+00  1.93662675e+00  2.00617266e+00  2.07600000e+00
   2.14545234e+00  2.21387325e+00  2.28062871e+00  2.34512799e+00
   2.40684194e+00  2.46531735e+00  2.52018711e+00  2.57117574e+00
   2.61810043e+00  2.66086833e+00  2.69947049e+00  2.73397343e+00
   2.76450921e+00  2.79126466e+00  2.81447056e+00  2.83439123e+00
   2.85131494e+00  2.86554536e+00  2.87739427e+00  2.88717546e+00
   2.89519977e+00  2.90177130e+00  2.90718454e+00  2.91172238e+00
   2.91565479e+00  2.91923809e+00  2.92271472e+00  2.92631331e+00
   2.93024902e+00  2.93472414e+00  2.93992872e+00  2.94604137e+00]
 [-2.07233989e+00 -1.93341910e+00 -1.80171516e+00 -1.67708689e+00
  -1.55939297e+00 -1.44849189e+00 -1.34424186e+00 -1.24650080e+00
  -1.15512618e+00 -1.06997495e+00 -9.90903373e-01 -9.17766809e-01
  -8.50419497e-01 -7.88714212e-01 -7.32501860e-01 -6.81630943e-01
  -6.35946884e-01 -5.95291157e-01 -5.59500169e-01 -5.28403840e-01
  -5.01823775e-01 -4.79570946e-01 -4.61442727e-01 -4.47219124e-01
  -4.36658007e-01 -4.29489080e-01 -4.25406304e-01 -4.24058440e-01
  -4.25037349e-01 -4.27863665e-01 -4.31969550e-01 -4.36678363e-01
  -4.41181446e-01 -4.44512801e-01 -4.45523519e-01 -4.42859374e-01
  -4.34947355e-01 -4.19999953e-01 -3.96049536e-01 -3.61028227e-01
  -3.12909462e-01 -2.49922922e-01 -1.70841264e-01 -7.53127290e-02
   3.58190968e-02  1.60297513e-01  2.94435067e-01  4.33363007e-01
   5.71540947e-01  7.03428500e-01  8.24156917e-01  9.30038743e-01
   1.01881728e+00  1.08964894e+00  1.14288548e+00  1.17975424e+00
   1.20202555e+00  1.21172597e+00  1.21092337e+00  1.20158539e+00
   1.18549953e+00  1.16423881e+00  1.13915746e+00  1.11140438e+00
   1.08194556e+00  1.05158968e+00  1.02101336e+00  9.90784454e-01
   9.61382317e-01  9.33215094e-01  9.06634021e-01  8.81945137e-01
   8.59418740e-01  8.39296960e-01  8.21799789e-01  8.07129853e-01
   7.95476183e-01  7.87017171e-01  7.81922898e-01  7.80356956e-01
   8.15394997e-02  1.52111799e-01  2.19222214e-01  2.82960413e-01
   3.43418560e-01  4.00691627e-01  4.54877738e-01  5.06078553e-01
   5.54399693e-01  5.99951206e-01  6.42848086e-01  6.83210828e-01
   7.21166046e-01  7.56847131e-01  7.90394956e-01  8.21958630e-01
   8.51696279e-01  8.79775860e-01  9.06375978e-01  9.31686692e-01
   9.55910279e-01  9.79261912e-01  1.00197021e+00  1.02427762e+00
   1.04644046e+00  1.06872870e+00  1.09142523e+00  1.11482454e+00
   1.13923073e+00  1.16495464e+00  1.19231006e+00  1.22160877e+00
   1.25315444e+00  1.28723534e+00  1.32411579e+00  1.36402657e+00
   1.40715451e+00  1.45363167e+00  1.50352457e+00  1.55682426e+00
   1.61343789e+00  1.67318265e+00  1.73578306e+00  1.80087201e+00
   1.86799629e+00  1.93662675e+00  2.00617266e+00  2.07600000e+00
   2.14545234e+00  2.21387325e+00  2.28062871e+00  2.34512799e+00
   2.40684194e+00  2.46531735e+00  2.52018711e+00  2.57117574e+00
   2.61810043e+00  2.66086833e+00  2.69947049e+00  2.73397343e+00
   2.76450921e+00  2.79126466e+00  2.81447056e+00  2.83439123e+00
   2.85131494e+00  2.86554536e+00  2.87739427e+00  2.88717546e+00
   2.89519977e+00  2.90177130e+00  2.90718454e+00  2.91172238e+00
   2.91565479e+00  2.91923809e+00  2.92271472e+00  2.92631331e+00
   2.93024902e+00  2.93472414e+00  2.93992872e+00  2.94604137e+00]
 [-2.07233989e+00 -1.93341910e+00 -1.80171516e+00 -1.67708689e+00
  -1.55939297e+00 -1.44849189e+00 -1.34424186e+00 -1.24650080e+00
  -1.15512618e+00 -1.06997495e+00 -9.90903373e-01 -9.17766809e-01
  -8.50419497e-01 -7.88714212e-01 -7.32501860e-01 -6.81630943e-01
  -6.35946884e-01 -5.95291157e-01 -5.59500169e-01 -5.28403840e-01
  -5.01823775e-01 -4.79570946e-01 -4.61442727e-01 -4.47219124e-01
  -4.36658007e-01 -4.29489080e-01 -4.25406304e-01 -4.24058440e-01
  -4.25037349e-01 -4.27863665e-01 -4.31969550e-01 -4.36678363e-01
  -4.41181446e-01 -4.44512801e-01 -4.45523519e-01 -4.42859374e-01
  -4.34947355e-01 -4.19999953e-01 -3.96049536e-01 -3.61028227e-01
  -3.12909462e-01 -2.49922922e-01 -1.70841264e-01 -7.53127290e-02
   3.58190968e-02  1.60297513e-01  2.94435067e-01  4.33363007e-01
   5.71540947e-01  7.03428500e-01  8.24156917e-01  9.30038743e-01
   1.01881728e+00  1.08964894e+00  1.14288548e+00  1.17975424e+00
   1.20202555e+00  1.21172597e+00  1.21092337e+00  1.20158539e+00
   1.18549953e+00  1.16423881e+00  1.13915746e+00  1.11140438e+00
   1.08194556e+00  1.05158968e+00  1.02101336e+00  9.90784454e-01
   9.61382317e-01  9.33215094e-01  9.06634021e-01  8.81945137e-01
   8.59418740e-01  8.39296960e-01  8.21799789e-01  8.07129853e-01
   7.95476183e-01  7.87017171e-01  7.81922898e-01  7.80356956e-01
   8.15394997e-02  1.52111799e-01  2.19222214e-01  2.82960413e-01
   3.43418560e-01  4.00691627e-01  4.54877738e-01  5.06078553e-01
   5.54399693e-01  5.99951206e-01  6.42848086e-01  6.83210828e-01
   7.21166046e-01  7.56847131e-01  7.90394956e-01  8.21958630e-01
   8.51696279e-01  8.79775860e-01  9.06375978e-01  9.31686692e-01
   9.55910279e-01  9.79261912e-01  1.00197021e+00  1.02427762e+00
   1.04644046e+00  1.06872870e+00  1.09142523e+00  1.11482454e+00
   1.13923073e+00  1.16495464e+00  1.19231006e+00  1.22160877e+00
   1.25315444e+00  1.28723534e+00  1.32411579e+00  1.36402657e+00
   1.40715451e+00  1.45363167e+00  1.50352457e+00  1.55682426e+00
   1.61343789e+00  1.67318265e+00  1.73578306e+00  1.80087201e+00
   1.86799629e+00  1.93662675e+00  2.00617266e+00  2.07600000e+00
   2.14545234e+00  2.21387325e+00  2.28062871e+00  2.34512799e+00
   2.40684194e+00  2.46531735e+00  2.52018711e+00  2.57117574e+00
   2.61810043e+00  2.66086833e+00  2.69947049e+00  2.73397343e+00
   2.76450921e+00  2.79126466e+00  2.81447056e+00  2.83439123e+00
   2.85131494e+00  2.86554536e+00  2.87739427e+00  2.88717546e+00
   2.89519977e+00  2.90177130e+00  2.90718454e+00  2.91172238e+00
   2.91565479e+00  2.91923809e+00  2.92271472e+00  2.92631331e+00
   2.93024902e+00  2.93472414e+00  2.93992872e+00  2.94604137e+00]
 [-2.07233989e+00 -1.93341910e+00 -1.80171516e+00 -1.67708689e+00
  -1.55939297e+00 -1.44849189e+00 -1.34424186e+00 -1.24650080e+00
  -1.15512618e+00 -1.06997495e+00 -9.90903373e-01 -9.17766809e-01
  -8.50419497e-01 -7.88714212e-01 -7.32501860e-01 -6.81630943e-01
  -6.35946884e-01 -5.95291157e-01 -5.59500169e-01 -5.28403840e-01
  -5.01823775e-01 -4.79570946e-01 -4.61442727e-01 -4.47219124e-01
  -4.36658007e-01 -4.29489080e-01 -4.25406304e-01 -4.24058440e-01
  -4.25037349e-01 -4.27863665e-01 -4.31969550e-01 -4.36678363e-01
  -4.41181446e-01 -4.44512801e-01 -4.45523519e-01 -4.42859374e-01
  -4.34947355e-01 -4.19999953e-01 -3.96049536e-01 -3.61028227e-01
  -3.12909462e-01 -2.49922922e-01 -1.70841264e-01 -7.53127290e-02
   3.58190968e-02  1.60297513e-01  2.94435067e-01  4.33363007e-01
   5.71540947e-01  7.03428500e-01  8.24156917e-01  9.30038743e-01
   1.01881728e+00  1.08964894e+00  1.14288548e+00  1.17975424e+00
   1.20202555e+00  1.21172597e+00  1.21092337e+00  1.20158539e+00
   1.18549953e+00  1.16423881e+00  1.13915746e+00  1.11140438e+00
   1.08194556e+00  1.05158968e+00  1.02101336e+00  9.90784454e-01
   9.61382317e-01  9.33215094e-01  9.06634021e-01  8.81945137e-01
   8.59418740e-01  8.39296960e-01  8.21799789e-01  8.07129853e-01
   7.95476183e-01  7.87017171e-01  7.81922898e-01  7.80356956e-01
   8.15394997e-02  1.52111799e-01  2.19222214e-01  2.82960413e-01
   3.43418560e-01  4.00691627e-01  4.54877738e-01  5.06078553e-01
   5.54399693e-01  5.99951206e-01  6.42848086e-01  6.83210828e-01
   7.21166046e-01  7.56847131e-01  7.90394956e-01  8.21958630e-01
   8.51696279e-01  8.79775860e-01  9.06375978e-01  9.31686692e-01
   9.55910279e-01  9.79261912e-01  1.00197021e+00  1.02427762e+00
   1.04644046e+00  1.06872870e+00  1.09142523e+00  1.11482454e+00
   1.13923073e+00  1.16495464e+00  1.19231006e+00  1.22160877e+00
   1.25315444e+00  1.28723534e+00  1.32411579e+00  1.36402657e+00
   1.40715451e+00  1.45363167e+00  1.50352457e+00  1.55682426e+00
   1.61343789e+00  1.67318265e+00  1.73578306e+00  1.80087201e+00
   1.86799629e+00  1.93662675e+00  2.00617266e+00  2.07600000e+00
   2.14545234e+00  2.21387325e+00  2.28062871e+00  2.34512799e+00
   2.40684194e+00  2.46531735e+00  2.52018711e+00  2.57117574e+00
   2.61810043e+00  2.66086833e+00  2.69947049e+00  2.73397343e+00
   2.76450921e+00  2.79126466e+00  2.81447056e+00  2.83439123e+00
   2.85131494e+00  2.86554536e+00  2.87739427e+00  2.88717546e+00
   2.89519977e+00  2.90177130e+00  2.90718454e+00  2.91172238e+00
   2.91565479e+00  2.91923809e+00  2.92271472e+00  2.92631331e+00
   2.93024902e+00  2.93472414e+00  2.93992872e+00  2.94604137e+00]
 [-2.07233989e+00 -1.93341910e+00 -1.80171516e+00 -1.67708689e+00
  -1.55939297e+00 -1.44849189e+00 -1.34424186e+00 -1.24650080e+00
  -1.15512618e+00 -1.06997495e+00 -9.90903373e-01 -9.17766809e-01
  -8.50419497e-01 -7.88714212e-01 -7.32501860e-01 -6.81630943e-01
  -6.35946884e-01 -5.95291157e-01 -5.59500169e-01 -5.28403840e-01
  -5.01823775e-01 -4.79570946e-01 -4.61442727e-01 -4.47219124e-01
  -4.36658007e-01 -4.29489080e-01 -4.25406304e-01 -4.24058440e-01
  -4.25037349e-01 -4.27863665e-01 -4.31969550e-01 -4.36678363e-01
  -4.41181446e-01 -4.44512801e-01 -4.45523519e-01 -4.42859374e-01
  -4.34947355e-01 -4.19999953e-01 -3.96049536e-01 -3.61028227e-01
  -3.12909462e-01 -2.49922922e-01 -1.70841264e-01 -7.53127290e-02
   3.58190968e-02  1.60297513e-01  2.94435067e-01  4.33363007e-01
   5.71540947e-01  7.03428500e-01  8.24156917e-01  9.30038743e-01
   1.01881728e+00  1.08964894e+00  1.14288548e+00  1.17975424e+00
   1.20202555e+00  1.21172597e+00  1.21092337e+00  1.20158539e+00
   1.18549953e+00  1.16423881e+00  1.13915746e+00  1.11140438e+00
   1.08194556e+00  1.05158968e+00  1.02101336e+00  9.90784454e-01
   9.61382317e-01  9.33215094e-01  9.06634021e-01  8.81945137e-01
   8.59418740e-01  8.39296960e-01  8.21799789e-01  8.07129853e-01
   7.95476183e-01  7.87017171e-01  7.81922898e-01  7.80356956e-01
   8.15394997e-02  1.52111799e-01  2.19222214e-01  2.82960413e-01
   3.43418560e-01  4.00691627e-01  4.54877738e-01  5.06078553e-01
   5.54399693e-01  5.99951206e-01  6.42848086e-01  6.83210828e-01
   7.21166046e-01  7.56847131e-01  7.90394956e-01  8.21958630e-01
   8.51696279e-01  8.79775860e-01  9.06375978e-01  9.31686692e-01
   9.55910279e-01  9.79261912e-01  1.00197021e+00  1.02427762e+00
   1.04644046e+00  1.06872870e+00  1.09142523e+00  1.11482454e+00
   1.13923073e+00  1.16495464e+00  1.19231006e+00  1.22160877e+00
   1.25315444e+00  1.28723534e+00  1.32411579e+00  1.36402657e+00
   1.40715451e+00  1.45363167e+00  1.50352457e+00  1.55682426e+00
   1.61343789e+00  1.67318265e+00  1.73578306e+00  1.80087201e+00
   1.86799629e+00  1.93662675e+00  2.00617266e+00  2.07600000e+00
   2.14545234e+00  2.21387325e+00  2.28062871e+00  2.34512799e+00
   2.40684194e+00  2.46531735e+00  2.52018711e+00  2.57117574e+00
   2.61810043e+00  2.66086833e+00  2.69947049e+00  2.73397343e+00
   2.76450921e+00  2.79126466e+00  2.81447056e+00  2.83439123e+00
   2.85131494e+00  2.86554536e+00  2.87739427e+00  2.88717546e+00
   2.89519977e+00  2.90177130e+00  2.90718454e+00  2.91172238e+00
   2.91565479e+00  2.91923809e+00  2.92271472e+00  2.92631331e+00
   2.93024902e+00  2.93472414e+00  2.93992872e+00  2.94604137e+00]
 [-2.07233989e+00 -1.93341910e+00 -1.80171516e+00 -1.67708689e+00
  -1.55939297e+00 -1.44849189e+00 -1.34424186e+00 -1.24650080e+00
  -1.15512618e+00 -1.06997495e+00 -9.90903373e-01 -9.17766809e-01
  -8.50419497e-01 -7.88714212e-01 -7.32501860e-01 -6.81630943e-01
  -6.35946884e-01 -5.95291157e-01 -5.59500169e-01 -5.28403840e-01
  -5.01823775e-01 -4.79570946e-01 -4.61442727e-01 -4.47219124e-01
  -4.36658007e-01 -4.29489080e-01 -4.25406304e-01 -4.24058440e-01
  -4.25037349e-01 -4.27863665e-01 -4.31969550e-01 -4.36678363e-01
  -4.41181446e-01 -4.44512801e-01 -4.45523519e-01 -4.42859374e-01
  -4.34947355e-01 -4.19999953e-01 -3.96049536e-01 -3.61028227e-01
  -3.12909462e-01 -2.49922922e-01 -1.70841264e-01 -7.53127290e-02
   3.58190968e-02  1.60297513e-01  2.94435067e-01  4.33363007e-01
   5.71540947e-01  7.03428500e-01  8.24156917e-01  9.30038743e-01
   1.01881728e+00  1.08964894e+00  1.14288548e+00  1.17975424e+00
   1.20202555e+00  1.21172597e+00  1.21092337e+00  1.20158539e+00
   1.18549953e+00  1.16423881e+00  1.13915746e+00  1.11140438e+00
   1.08194556e+00  1.05158968e+00  1.02101336e+00  9.90784454e-01
   9.61382317e-01  9.33215094e-01  9.06634021e-01  8.81945137e-01
   8.59418740e-01  8.39296960e-01  8.21799789e-01  8.07129853e-01
   7.95476183e-01  7.87017171e-01  7.81922898e-01  7.80356956e-01
   8.15394997e-02  1.52111799e-01  2.19222214e-01  2.82960413e-01
   3.43418560e-01  4.00691627e-01  4.54877738e-01  5.06078553e-01
   5.54399693e-01  5.99951206e-01  6.42848086e-01  6.83210828e-01
   7.21166046e-01  7.56847131e-01  7.90394956e-01  8.21958630e-01
   8.51696279e-01  8.79775860e-01  9.06375978e-01  9.31686692e-01
   9.55910279e-01  9.79261912e-01  1.00197021e+00  1.02427762e+00
   1.04644046e+00  1.06872870e+00  1.09142523e+00  1.11482454e+00
   1.13923073e+00  1.16495464e+00  1.19231006e+00  1.22160877e+00
   1.25315444e+00  1.28723534e+00  1.32411579e+00  1.36402657e+00
   1.40715451e+00  1.45363167e+00  1.50352457e+00  1.55682426e+00
   1.61343789e+00  1.67318265e+00  1.73578306e+00  1.80087201e+00
   1.86799629e+00  1.93662675e+00  2.00617266e+00  2.07600000e+00
   2.14545234e+00  2.21387325e+00  2.28062871e+00  2.34512799e+00
   2.40684194e+00  2.46531735e+00  2.52018711e+00  2.57117574e+00
   2.61810043e+00  2.66086833e+00  2.69947049e+00  2.73397343e+00
   2.76450921e+00  2.79126466e+00  2.81447056e+00  2.83439123e+00
   2.85131494e+00  2.86554536e+00  2.87739427e+00  2.88717546e+00
   2.89519977e+00  2.90177130e+00  2.90718454e+00  2.91172238e+00
   2.91565479e+00  2.91923809e+00  2.92271472e+00  2.92631331e+00
   2.93024902e+00  2.93472414e+00  2.93992872e+00  2.94604137e+00]
 [-2.07233989e+00 -1.93341910e+00 -1.80171516e+00 -1.67708689e+00
  -1.55939297e+00 -1.44849189e+00 -1.34424186e+00 -1.24650080e+00
  -1.15512618e+00 -1.06997495e+00 -9.90903373e-01 -9.17766809e-01
  -8.50419497e-01 -7.88714212e-01 -7.32501860e-01 -6.81630943e-01
  -6.35946884e-01 -5.95291157e-01 -5.59500169e-01 -5.28403840e-01
  -5.01823775e-01 -4.79570946e-01 -4.61442727e-01 -4.47219124e-01
  -4.36658007e-01 -4.29489080e-01 -4.25406304e-01 -4.24058440e-01
  -4.25037349e-01 -4.27863665e-01 -4.31969550e-01 -4.36678363e-01
  -4.41181446e-01 -4.44512801e-01 -4.45523519e-01 -4.42859374e-01
  -4.34947355e-01 -4.19999953e-01 -3.96049536e-01 -3.61028227e-01
  -3.12909462e-01 -2.49922922e-01 -1.70841264e-01 -7.53127290e-02
   3.58190968e-02  1.60297513e-01  2.94435067e-01  4.33363007e-01
   5.71540947e-01  7.03428500e-01  8.24156917e-01  9.30038743e-01
   1.01881728e+00  1.08964894e+00  1.14288548e+00  1.17975424e+00
   1.20202555e+00  1.21172597e+00  1.21092337e+00  1.20158539e+00
   1.18549953e+00  1.16423881e+00  1.13915746e+00  1.11140438e+00
   1.08194556e+00  1.05158968e+00  1.02101336e+00  9.90784454e-01
   9.61382317e-01  9.33215094e-01  9.06634021e-01  8.81945137e-01
   8.59418740e-01  8.39296960e-01  8.21799789e-01  8.07129853e-01
   7.95476183e-01  7.87017171e-01  7.81922898e-01  7.80356956e-01
   8.15394997e-02  1.52111799e-01  2.19222214e-01  2.82960413e-01
   3.43418560e-01  4.00691627e-01  4.54877738e-01  5.06078553e-01
   5.54399693e-01  5.99951206e-01  6.42848086e-01  6.83210828e-01
   7.21166046e-01  7.56847131e-01  7.90394956e-01  8.21958630e-01
   8.51696279e-01  8.79775860e-01  9.06375978e-01  9.31686692e-01
   9.55910279e-01  9.79261912e-01  1.00197021e+00  1.02427762e+00
   1.04644046e+00  1.06872870e+00  1.09142523e+00  1.11482454e+00
   1.13923073e+00  1.16495464e+00  1.19231006e+00  1.22160877e+00
   1.25315444e+00  1.28723534e+00  1.32411579e+00  1.36402657e+00
   1.40715451e+00  1.45363167e+00  1.50352457e+00  1.55682426e+00
   1.61343789e+00  1.67318265e+00  1.73578306e+00  1.80087201e+00
   1.86799629e+00  1.93662675e+00  2.00617266e+00  2.07600000e+00
   2.14545234e+00  2.21387325e+00  2.28062871e+00  2.34512799e+00
   2.40684194e+00  2.46531735e+00  2.52018711e+00  2.57117574e+00
   2.61810043e+00  2.66086833e+00  2.69947049e+00  2.73397343e+00
   2.76450921e+00  2.79126466e+00  2.81447056e+00  2.83439123e+00
   2.85131494e+00  2.86554536e+00  2.87739427e+00  2.88717546e+00
   2.89519977e+00  2.90177130e+00  2.90718454e+00  2.91172238e+00
   2.91565479e+00  2.91923809e+00  2.92271472e+00  2.92631331e+00
   2.93024902e+00  2.93472414e+00  2.93992872e+00  2.94604137e+00]
 [-2.07233989e+00 -1.93341910e+00 -1.80171516e+00 -1.67708689e+00
  -1.55939297e+00 -1.44849189e+00 -1.34424186e+00 -1.24650080e+00
  -1.15512618e+00 -1.06997495e+00 -9.90903373e-01 -9.17766809e-01
  -8.50419497e-01 -7.88714212e-01 -7.32501860e-01 -6.81630943e-01
  -6.35946884e-01 -5.95291157e-01 -5.59500169e-01 -5.28403840e-01
  -5.01823775e-01 -4.79570946e-01 -4.61442727e-01 -4.47219124e-01
  -4.36658007e-01 -4.29489080e-01 -4.25406304e-01 -4.24058440e-01
  -4.25037349e-01 -4.27863665e-01 -4.31969550e-01 -4.36678363e-01
  -4.41181446e-01 -4.44512801e-01 -4.45523519e-01 -4.42859374e-01
  -4.34947355e-01 -4.19999953e-01 -3.96049536e-01 -3.61028227e-01
  -3.12909462e-01 -2.49922922e-01 -1.70841264e-01 -7.53127290e-02
   3.58190968e-02  1.60297513e-01  2.94435067e-01  4.33363007e-01
   5.71540947e-01  7.03428500e-01  8.24156917e-01  9.30038743e-01
   1.01881728e+00  1.08964894e+00  1.14288548e+00  1.17975424e+00
   1.20202555e+00  1.21172597e+00  1.21092337e+00  1.20158539e+00
   1.18549953e+00  1.16423881e+00  1.13915746e+00  1.11140438e+00
   1.08194556e+00  1.05158968e+00  1.02101336e+00  9.90784454e-01
   9.61382317e-01  9.33215094e-01  9.06634021e-01  8.81945137e-01
   8.59418740e-01  8.39296960e-01  8.21799789e-01  8.07129853e-01
   7.95476183e-01  7.87017171e-01  7.81922898e-01  7.80356956e-01
   8.15394997e-02  1.52111799e-01  2.19222214e-01  2.82960413e-01
   3.43418560e-01  4.00691627e-01  4.54877738e-01  5.06078553e-01
   5.54399693e-01  5.99951206e-01  6.42848086e-01  6.83210828e-01
   7.21166046e-01  7.56847131e-01  7.90394956e-01  8.21958630e-01
   8.51696279e-01  8.79775860e-01  9.06375978e-01  9.31686692e-01
   9.55910279e-01  9.79261912e-01  1.00197021e+00  1.02427762e+00
   1.04644046e+00  1.06872870e+00  1.09142523e+00  1.11482454e+00
   1.13923073e+00  1.16495464e+00  1.19231006e+00  1.22160877e+00
   1.25315444e+00  1.28723534e+00  1.32411579e+00  1.36402657e+00
   1.40715451e+00  1.45363167e+00  1.50352457e+00  1.55682426e+00
   1.61343789e+00  1.67318265e+00  1.73578306e+00  1.80087201e+00
   1.86799629e+00  1.93662675e+00  2.00617266e+00  2.07600000e+00
   2.14545234e+00  2.21387325e+00  2.28062871e+00  2.34512799e+00
   2.40684194e+00  2.46531735e+00  2.52018711e+00  2.57117574e+00
   2.61810043e+00  2.66086833e+00  2.69947049e+00  2.73397343e+00
   2.76450921e+00  2.79126466e+00  2.81447056e+00  2.83439123e+00
   2.85131494e+00  2.86554536e+00  2.87739427e+00  2.88717546e+00
   2.89519977e+00  2.90177130e+00  2.90718454e+00  2.91172238e+00
   2.91565479e+00  2.91923809e+00  2.92271472e+00  2.92631331e+00
   2.93024902e+00  2.93472414e+00  2.93992872e+00  2.94604137e+00]
 [-2.07233989e+00 -1.93341910e+00 -1.80171516e+00 -1.67708689e+00
  -1.55939297e+00 -1.44849189e+00 -1.34424186e+00 -1.24650080e+00
  -1.15512618e+00 -1.06997495e+00 -9.90903373e-01 -9.17766809e-01
  -8.50419497e-01 -7.88714212e-01 -7.32501860e-01 -6.81630943e-01
  -6.35946884e-01 -5.95291157e-01 -5.59500169e-01 -5.28403840e-01
  -5.01823775e-01 -4.79570946e-01 -4.61442727e-01 -4.47219124e-01
  -4.36658007e-01 -4.29489080e-01 -4.25406304e-01 -4.24058440e-01
  -4.25037349e-01 -4.27863665e-01 -4.31969550e-01 -4.36678363e-01
  -4.41181446e-01 -4.44512801e-01 -4.45523519e-01 -4.42859374e-01
  -4.34947355e-01 -4.19999953e-01 -3.96049536e-01 -3.61028227e-01
  -3.12909462e-01 -2.49922922e-01 -1.70841264e-01 -7.53127290e-02
   3.58190968e-02  1.60297513e-01  2.94435067e-01  4.33363007e-01
   5.71540947e-01  7.03428500e-01  8.24156917e-01  9.30038743e-01
   1.01881728e+00  1.08964894e+00  1.14288548e+00  1.17975424e+00
   1.20202555e+00  1.21172597e+00  1.21092337e+00  1.20158539e+00
   1.18549953e+00  1.16423881e+00  1.13915746e+00  1.11140438e+00
   1.08194556e+00  1.05158968e+00  1.02101336e+00  9.90784454e-01
   9.61382317e-01  9.33215094e-01  9.06634021e-01  8.81945137e-01
   8.59418740e-01  8.39296960e-01  8.21799789e-01  8.07129853e-01
   7.95476183e-01  7.87017171e-01  7.81922898e-01  7.80356956e-01
   8.15394997e-02  1.52111799e-01  2.19222214e-01  2.82960413e-01
   3.43418560e-01  4.00691627e-01  4.54877738e-01  5.06078553e-01
   5.54399693e-01  5.99951206e-01  6.42848086e-01  6.83210828e-01
   7.21166046e-01  7.56847131e-01  7.90394956e-01  8.21958630e-01
   8.51696279e-01  8.79775860e-01  9.06375978e-01  9.31686692e-01
   9.55910279e-01  9.79261912e-01  1.00197021e+00  1.02427762e+00
   1.04644046e+00  1.06872870e+00  1.09142523e+00  1.11482454e+00
   1.13923073e+00  1.16495464e+00  1.19231006e+00  1.22160877e+00
   1.25315444e+00  1.28723534e+00  1.32411579e+00  1.36402657e+00
   1.40715451e+00  1.45363167e+00  1.50352457e+00  1.55682426e+00
   1.61343789e+00  1.67318265e+00  1.73578306e+00  1.80087201e+00
   1.86799629e+00  1.93662675e+00  2.00617266e+00  2.07600000e+00
   2.14545234e+00  2.21387325e+00  2.28062871e+00  2.34512799e+00
   2.40684194e+00  2.46531735e+00  2.52018711e+00  2.57117574e+00
   2.61810043e+00  2.66086833e+00  2.69947049e+00  2.73397343e+00
   2.76450921e+00  2.79126466e+00  2.81447056e+00  2.83439123e+00
   2.85131494e+00  2.86554536e+00  2.87739427e+00  2.88717546e+00
   2.89519977e+00  2.90177130e+00  2.90718454e+00  2.91172238e+00
   2.91565479e+00  2.91923809e+00  2.92271472e+00  2.92631331e+00
   2.93024902e+00  2.93472414e+00  2.93992872e+00  2.94604137e+00]
 [-2.07233989e+00 -1.93341910e+00 -1.80171516e+00 -1.67708689e+00
  -1.55939297e+00 -1.44849189e+00 -1.34424186e+00 -1.24650080e+00
  -1.15512618e+00 -1.06997495e+00 -9.90903373e-01 -9.17766809e-01
  -8.50419497e-01 -7.88714212e-01 -7.32501860e-01 -6.81630943e-01
  -6.35946884e-01 -5.95291157e-01 -5.59500169e-01 -5.28403840e-01
  -5.01823775e-01 -4.79570946e-01 -4.61442727e-01 -4.47219124e-01
  -4.36658007e-01 -4.29489080e-01 -4.25406304e-01 -4.24058440e-01
  -4.25037349e-01 -4.27863665e-01 -4.31969550e-01 -4.36678363e-01
  -4.41181446e-01 -4.44512801e-01 -4.45523519e-01 -4.42859374e-01
  -4.34947355e-01 -4.19999953e-01 -3.96049536e-01 -3.61028227e-01
  -3.12909462e-01 -2.49922922e-01 -1.70841264e-01 -7.53127290e-02
   3.58190968e-02  1.60297513e-01  2.94435067e-01  4.33363007e-01
   5.71540947e-01  7.03428500e-01  8.24156917e-01  9.30038743e-01
   1.01881728e+00  1.08964894e+00  1.14288548e+00  1.17975424e+00
   1.20202555e+00  1.21172597e+00  1.21092337e+00  1.20158539e+00
   1.18549953e+00  1.16423881e+00  1.13915746e+00  1.11140438e+00
   1.08194556e+00  1.05158968e+00  1.02101336e+00  9.90784454e-01
   9.61382317e-01  9.33215094e-01  9.06634021e-01  8.81945137e-01
   8.59418740e-01  8.39296960e-01  8.21799789e-01  8.07129853e-01
   7.95476183e-01  7.87017171e-01  7.81922898e-01  7.80356956e-01
   8.15394997e-02  1.52111799e-01  2.19222214e-01  2.82960413e-01
   3.43418560e-01  4.00691627e-01  4.54877738e-01  5.06078553e-01
   5.54399693e-01  5.99951206e-01  6.42848086e-01  6.83210828e-01
   7.21166046e-01  7.56847131e-01  7.90394956e-01  8.21958630e-01
   8.51696279e-01  8.79775860e-01  9.06375978e-01  9.31686692e-01
   9.55910279e-01  9.79261912e-01  1.00197021e+00  1.02427762e+00
   1.04644046e+00  1.06872870e+00  1.09142523e+00  1.11482454e+00
   1.13923073e+00  1.16495464e+00  1.19231006e+00  1.22160877e+00
   1.25315444e+00  1.28723534e+00  1.32411579e+00  1.36402657e+00
   1.40715451e+00  1.45363167e+00  1.50352457e+00  1.55682426e+00
   1.61343789e+00  1.67318265e+00  1.73578306e+00  1.80087201e+00
   1.86799629e+00  1.93662675e+00  2.00617266e+00  2.07600000e+00
   2.14545234e+00  2.21387325e+00  2.28062871e+00  2.34512799e+00
   2.40684194e+00  2.46531735e+00  2.52018711e+00  2.57117574e+00
   2.61810043e+00  2.66086833e+00  2.69947049e+00  2.73397343e+00
   2.76450921e+00  2.79126466e+00  2.81447056e+00  2.83439123e+00
   2.85131494e+00  2.86554536e+00  2.87739427e+00  2.88717546e+00
   2.89519977e+00  2.90177130e+00  2.90718454e+00  2.91172238e+00
   2.91565479e+00  2.91923809e+00  2.92271472e+00  2.92631331e+00
   2.93024902e+00  2.93472414e+00  2.93992872e+00  2.94604137e+00]
 [-2.07233989e+00 -1.93341910e+00 -1.80171516e+00 -1.67708689e+00
  -1.55939297e+00 -1.44849189e+00 -1.34424186e+00 -1.24650080e+00
  -1.15512618e+00 -1.06997495e+00 -9.90903373e-01 -9.17766809e-01
  -8.50419497e-01 -7.88714212e-01 -7.32501860e-01 -6.81630943e-01
  -6.35946884e-01 -5.95291157e-01 -5.59500169e-01 -5.28403840e-01
  -5.01823775e-01 -4.79570946e-01 -4.61442727e-01 -4.47219124e-01
  -4.36658007e-01 -4.29489080e-01 -4.25406304e-01 -4.24058440e-01
  -4.25037349e-01 -4.27863665e-01 -4.31969550e-01 -4.36678363e-01
  -4.41181446e-01 -4.44512801e-01 -4.45523519e-01 -4.42859374e-01
  -4.34947355e-01 -4.19999953e-01 -3.96049536e-01 -3.61028227e-01
  -3.12909462e-01 -2.49922922e-01 -1.70841264e-01 -7.53127290e-02
   3.58190968e-02  1.60297513e-01  2.94435067e-01  4.33363007e-01
   5.71540947e-01  7.03428500e-01  8.24156917e-01  9.30038743e-01
   1.01881728e+00  1.08964894e+00  1.14288548e+00  1.17975424e+00
   1.20202555e+00  1.21172597e+00  1.21092337e+00  1.20158539e+00
   1.18549953e+00  1.16423881e+00  1.13915746e+00  1.11140438e+00
   1.08194556e+00  1.05158968e+00  1.02101336e+00  9.90784454e-01
   9.61382317e-01  9.33215094e-01  9.06634021e-01  8.81945137e-01
   8.59418740e-01  8.39296960e-01  8.21799789e-01  8.07129853e-01
   7.95476183e-01  7.87017171e-01  7.81922898e-01  7.80356956e-01
   8.15394997e-02  1.52111799e-01  2.19222214e-01  2.82960413e-01
   3.43418560e-01  4.00691627e-01  4.54877738e-01  5.06078553e-01
   5.54399693e-01  5.99951206e-01  6.42848086e-01  6.83210828e-01
   7.21166046e-01  7.56847131e-01  7.90394956e-01  8.21958630e-01
   8.51696279e-01  8.79775860e-01  9.06375978e-01  9.31686692e-01
   9.55910279e-01  9.79261912e-01  1.00197021e+00  1.02427762e+00
   1.04644046e+00  1.06872870e+00  1.09142523e+00  1.11482454e+00
   1.13923073e+00  1.16495464e+00  1.19231006e+00  1.22160877e+00
   1.25315444e+00  1.28723534e+00  1.32411579e+00  1.36402657e+00
   1.40715451e+00  1.45363167e+00  1.50352457e+00  1.55682426e+00
   1.61343789e+00  1.67318265e+00  1.73578306e+00  1.80087201e+00
   1.86799629e+00  1.93662675e+00  2.00617266e+00  2.07600000e+00
   2.14545234e+00  2.21387325e+00  2.28062871e+00  2.34512799e+00
   2.40684194e+00  2.46531735e+00  2.52018711e+00  2.57117574e+00
   2.61810043e+00  2.66086833e+00  2.69947049e+00  2.73397343e+00
   2.76450921e+00  2.79126466e+00  2.81447056e+00  2.83439123e+00
   2.85131494e+00  2.86554536e+00  2.87739427e+00  2.88717546e+00
   2.89519977e+00  2.90177130e+00  2.90718454e+00  2.91172238e+00
   2.91565479e+00  2.91923809e+00  2.92271472e+00  2.92631331e+00
   2.93024902e+00  2.93472414e+00  2.93992872e+00  2.94604137e+00]
 [-2.07233989e+00 -1.93341910e+00 -1.80171516e+00 -1.67708689e+00
  -1.55939297e+00 -1.44849189e+00 -1.34424186e+00 -1.24650080e+00
  -1.15512618e+00 -1.06997495e+00 -9.90903373e-01 -9.17766809e-01
  -8.50419497e-01 -7.88714212e-01 -7.32501860e-01 -6.81630943e-01
  -6.35946884e-01 -5.95291157e-01 -5.59500169e-01 -5.28403840e-01
  -5.01823775e-01 -4.79570946e-01 -4.61442727e-01 -4.47219124e-01
  -4.36658007e-01 -4.29489080e-01 -4.25406304e-01 -4.24058440e-01
  -4.25037349e-01 -4.27863665e-01 -4.31969550e-01 -4.36678363e-01
  -4.41181446e-01 -4.44512801e-01 -4.45523519e-01 -4.42859374e-01
  -4.34947355e-01 -4.19999953e-01 -3.96049536e-01 -3.61028227e-01
  -3.12909462e-01 -2.49922922e-01 -1.70841264e-01 -7.53127290e-02
   3.58190968e-02  1.60297513e-01  2.94435067e-01  4.33363007e-01
   5.71540947e-01  7.03428500e-01  8.24156917e-01  9.30038743e-01
   1.01881728e+00  1.08964894e+00  1.14288548e+00  1.17975424e+00
   1.20202555e+00  1.21172597e+00  1.21092337e+00  1.20158539e+00
   1.18549953e+00  1.16423881e+00  1.13915746e+00  1.11140438e+00
   1.08194556e+00  1.05158968e+00  1.02101336e+00  9.90784454e-01
   9.61382317e-01  9.33215094e-01  9.06634021e-01  8.81945137e-01
   8.59418740e-01  8.39296960e-01  8.21799789e-01  8.07129853e-01
   7.95476183e-01  7.87017171e-01  7.81922898e-01  7.80356956e-01
   8.15394997e-02  1.52111799e-01  2.19222214e-01  2.82960413e-01
   3.43418560e-01  4.00691627e-01  4.54877738e-01  5.06078553e-01
   5.54399693e-01  5.99951206e-01  6.42848086e-01  6.83210828e-01
   7.21166046e-01  7.56847131e-01  7.90394956e-01  8.21958630e-01
   8.51696279e-01  8.79775860e-01  9.06375978e-01  9.31686692e-01
   9.55910279e-01  9.79261912e-01  1.00197021e+00  1.02427762e+00
   1.04644046e+00  1.06872870e+00  1.09142523e+00  1.11482454e+00
   1.13923073e+00  1.16495464e+00  1.19231006e+00  1.22160877e+00
   1.25315444e+00  1.28723534e+00  1.32411579e+00  1.36402657e+00
   1.40715451e+00  1.45363167e+00  1.50352457e+00  1.55682426e+00
   1.61343789e+00  1.67318265e+00  1.73578306e+00  1.80087201e+00
   1.86799629e+00  1.93662675e+00  2.00617266e+00  2.07600000e+00
   2.14545234e+00  2.21387325e+00  2.28062871e+00  2.34512799e+00
   2.40684194e+00  2.46531735e+00  2.52018711e+00  2.57117574e+00
   2.61810043e+00  2.66086833e+00  2.69947049e+00  2.73397343e+00
   2.76450921e+00  2.79126466e+00  2.81447056e+00  2.83439123e+00
   2.85131494e+00  2.86554536e+00  2.87739427e+00  2.88717546e+00
   2.89519977e+00  2.90177130e+00  2.90718454e+00  2.91172238e+00
   2.91565479e+00  2.91923809e+00  2.92271472e+00  2.92631331e+00
   2.93024902e+00  2.93472414e+00  2.93992872e+00  2.94604137e+00]
 [-2.07233989e+00 -1.93341910e+00 -1.80171516e+00 -1.67708689e+00
  -1.55939297e+00 -1.44849189e+00 -1.34424186e+00 -1.24650080e+00
  -1.15512618e+00 -1.06997495e+00 -9.90903373e-01 -9.17766809e-01
  -8.50419497e-01 -7.88714212e-01 -7.32501860e-01 -6.81630943e-01
  -6.35946884e-01 -5.95291157e-01 -5.59500169e-01 -5.28403840e-01
  -5.01823775e-01 -4.79570946e-01 -4.61442727e-01 -4.47219124e-01
  -4.36658007e-01 -4.29489080e-01 -4.25406304e-01 -4.24058440e-01
  -4.25037349e-01 -4.27863665e-01 -4.31969550e-01 -4.36678363e-01
  -4.41181446e-01 -4.44512801e-01 -4.45523519e-01 -4.42859374e-01
  -4.34947355e-01 -4.19999953e-01 -3.96049536e-01 -3.61028227e-01
  -3.12909462e-01 -2.49922922e-01 -1.70841264e-01 -7.53127290e-02
   3.58190968e-02  1.60297513e-01  2.94435067e-01  4.33363007e-01
   5.71540947e-01  7.03428500e-01  8.24156917e-01  9.30038743e-01
   1.01881728e+00  1.08964894e+00  1.14288548e+00  1.17975424e+00
   1.20202555e+00  1.21172597e+00  1.21092337e+00  1.20158539e+00
   1.18549953e+00  1.16423881e+00  1.13915746e+00  1.11140438e+00
   1.08194556e+00  1.05158968e+00  1.02101336e+00  9.90784454e-01
   9.61382317e-01  9.33215094e-01  9.06634021e-01  8.81945137e-01
   8.59418740e-01  8.39296960e-01  8.21799789e-01  8.07129853e-01
   7.95476183e-01  7.87017171e-01  7.81922898e-01  7.80356956e-01
   8.15394997e-02  1.52111799e-01  2.19222214e-01  2.82960413e-01
   3.43418560e-01  4.00691627e-01  4.54877738e-01  5.06078553e-01
   5.54399693e-01  5.99951206e-01  6.42848086e-01  6.83210828e-01
   7.21166046e-01  7.56847131e-01  7.90394956e-01  8.21958630e-01
   8.51696279e-01  8.79775860e-01  9.06375978e-01  9.31686692e-01
   9.55910279e-01  9.79261912e-01  1.00197021e+00  1.02427762e+00
   1.04644046e+00  1.06872870e+00  1.09142523e+00  1.11482454e+00
   1.13923073e+00  1.16495464e+00  1.19231006e+00  1.22160877e+00
   1.25315444e+00  1.28723534e+00  1.32411579e+00  1.36402657e+00
   1.40715451e+00  1.45363167e+00  1.50352457e+00  1.55682426e+00
   1.61343789e+00  1.67318265e+00  1.73578306e+00  1.80087201e+00
   1.86799629e+00  1.93662675e+00  2.00617266e+00  2.07600000e+00
   2.14545234e+00  2.21387325e+00  2.28062871e+00  2.34512799e+00
   2.40684194e+00  2.46531735e+00  2.52018711e+00  2.57117574e+00
   2.61810043e+00  2.66086833e+00  2.69947049e+00  2.73397343e+00
   2.76450921e+00  2.79126466e+00  2.81447056e+00  2.83439123e+00
   2.85131494e+00  2.86554536e+00  2.87739427e+00  2.88717546e+00
   2.89519977e+00  2.90177130e+00  2.90718454e+00  2.91172238e+00
   2.91565479e+00  2.91923809e+00  2.92271472e+00  2.92631331e+00
   2.93024902e+00  2.93472414e+00  2.93992872e+00  2.94604137e+00]
 [-2.07233989e+00 -1.93341910e+00 -1.80171516e+00 -1.67708689e+00
  -1.55939297e+00 -1.44849189e+00 -1.34424186e+00 -1.24650080e+00
  -1.15512618e+00 -1.06997495e+00 -9.90903373e-01 -9.17766809e-01
  -8.50419497e-01 -7.88714212e-01 -7.32501860e-01 -6.81630943e-01
  -6.35946884e-01 -5.95291157e-01 -5.59500169e-01 -5.28403840e-01
  -5.01823775e-01 -4.79570946e-01 -4.61442727e-01 -4.47219124e-01
  -4.36658007e-01 -4.29489080e-01 -4.25406304e-01 -4.24058440e-01
  -4.25037349e-01 -4.27863665e-01 -4.31969550e-01 -4.36678363e-01
  -4.41181446e-01 -4.44512801e-01 -4.45523519e-01 -4.42859374e-01
  -4.34947355e-01 -4.19999953e-01 -3.96049536e-01 -3.61028227e-01
  -3.12909462e-01 -2.49922922e-01 -1.70841264e-01 -7.53127290e-02
   3.58190968e-02  1.60297513e-01  2.94435067e-01  4.33363007e-01
   5.71540947e-01  7.03428500e-01  8.24156917e-01  9.30038743e-01
   1.01881728e+00  1.08964894e+00  1.14288548e+00  1.17975424e+00
   1.20202555e+00  1.21172597e+00  1.21092337e+00  1.20158539e+00
   1.18549953e+00  1.16423881e+00  1.13915746e+00  1.11140438e+00
   1.08194556e+00  1.05158968e+00  1.02101336e+00  9.90784454e-01
   9.61382317e-01  9.33215094e-01  9.06634021e-01  8.81945137e-01
   8.59418740e-01  8.39296960e-01  8.21799789e-01  8.07129853e-01
   7.95476183e-01  7.87017171e-01  7.81922898e-01  7.80356956e-01
   8.15394997e-02  1.52111799e-01  2.19222214e-01  2.82960413e-01
   3.43418560e-01  4.00691627e-01  4.54877738e-01  5.06078553e-01
   5.54399693e-01  5.99951206e-01  6.42848086e-01  6.83210828e-01
   7.21166046e-01  7.56847131e-01  7.90394956e-01  8.21958630e-01
   8.51696279e-01  8.79775860e-01  9.06375978e-01  9.31686692e-01
   9.55910279e-01  9.79261912e-01  1.00197021e+00  1.02427762e+00
   1.04644046e+00  1.06872870e+00  1.09142523e+00  1.11482454e+00
   1.13923073e+00  1.16495464e+00  1.19231006e+00  1.22160877e+00
   1.25315444e+00  1.28723534e+00  1.32411579e+00  1.36402657e+00
   1.40715451e+00  1.45363167e+00  1.50352457e+00  1.55682426e+00
   1.61343789e+00  1.67318265e+00  1.73578306e+00  1.80087201e+00
   1.86799629e+00  1.93662675e+00  2.00617266e+00  2.07600000e+00
   2.14545234e+00  2.21387325e+00  2.28062871e+00  2.34512799e+00
   2.40684194e+00  2.46531735e+00  2.52018711e+00  2.57117574e+00
   2.61810043e+00  2.66086833e+00  2.69947049e+00  2.73397343e+00
   2.76450921e+00  2.79126466e+00  2.81447056e+00  2.83439123e+00
   2.85131494e+00  2.86554536e+00  2.87739427e+00  2.88717546e+00
   2.89519977e+00  2.90177130e+00  2.90718454e+00  2.91172238e+00
   2.91565479e+00  2.91923809e+00  2.92271472e+00  2.92631331e+00
   2.93024902e+00  2.93472414e+00  2.93992872e+00  2.94604137e+00]
 [-4.41350475e-01 -4.24668816e-01 -4.09323087e-01 -3.95278130e-01
  -3.82498785e-01 -3.70949891e-01 -3.60596285e-01 -3.51402802e-01
  -3.43334275e-01 -3.36355529e-01 -3.30431386e-01 -3.25526660e-01
  -3.21606150e-01 -3.18634644e-01 -3.16576906e-01 -3.15397671e-01
  -3.15061636e-01 -3.15533443e-01 -3.16777659e-01 -3.18758750e-01
  -3.21441046e-01 -3.24788686e-01 -3.28765549e-01 -3.33335164e-01
  -3.38460576e-01 -3.44104170e-01 -3.50227429e-01 -3.56790607e-01
  -3.63752273e-01 -3.71068700e-01 -3.78693023e-01 -3.86574093e-01
  -3.94654918e-01 -4.02870540e-01 -4.11145145e-01 -4.19388159e-01
  -4.27488953e-01 -4.35309732e-01 -4.42676012e-01 -4.49363985e-01
  -4.55083946e-01 -4.59458910e-01 -4.61997688e-01 -4.62062206e-01
  -4.58830093e-01 -4.51256044e-01 -4.38039858e-01 -4.17615991e-01
  -3.88188843e-01 -3.47847526e-01 -2.94797124e-01 -2.27728053e-01
  -1.46296803e-01 -5.16074332e-02  5.35040817e-02  1.64596739e-01
   2.76251896e-01  3.83050911e-01  4.80552781e-01  5.65921531e-01
   6.38053102e-01  6.97291004e-01  7.44944820e-01  7.82809469e-01
   8.12795835e-01  8.36699522e-01  8.56086071e-01  8.72255684e-01
   8.86253666e-01  8.98902388e-01  9.10839923e-01  9.22557462e-01
   9.34431990e-01  9.46753210e-01  9.59744931e-01  9.73581637e-01
   9.88401123e-01  1.00431402e+00  1.02141090e+00  1.03976757e+00
   3.02993300e-02  5.06392068e-02  7.09540203e-02  9.13285528e-02
   1.11863332e-01  1.32677365e-01  1.53911258e-01  1.75730751e-01
   1.98330664e-01  2.21939228e-01  2.46822735e-01  2.73290360e-01
   3.01698957e-01  3.32457453e-01  3.66030378e-01  4.02939798e-01
   4.43764758e-01  4.89137040e-01  5.39731836e-01  5.96251755e-01
   6.59402574e-01  7.29859406e-01  8.08222630e-01  8.94964109e-01
   9.90366041e-01  1.09445701e+00  1.20695232e+00  1.32720764e+00
   1.45419596e+00  1.58651663e+00  1.72244181e+00  1.86000000e+00
   1.99708944e+00  2.13160837e+00  2.26158529e+00  2.38529236e+00
   2.50132893e+00  2.60866799e+00  2.70666521e+00  2.79503589e+00
   2.87380862e+00  2.94326559e+00  3.00387868e+00  3.05624824e+00
   3.10104941e+00  3.13898796e+00  3.17076649e+00  3.19706020e+00
   3.21850087e+00  3.23566755e+00  3.24908229e+00  3.25920964e+00
   3.26645852e+00  3.27118577e+00  3.27370059e+00  3.27426925e+00
   3.27311999e+00  3.27044763e+00  3.26641792e+00  3.26117145e+00
   3.25482723e+00  3.24748579e+00  3.23923192e+00  3.23013702e+00
   3.22026115e+00  3.20965482e+00  3.19836042e+00  3.18641354e+00
   3.17384403e+00  3.16067692e+00  3.14693319e+00  3.13263040e+00
   3.11778328e+00  3.10240416e+00  3.08650336e+00  3.07008952e+00
   3.05316986e+00  3.03575045e+00  3.01783634e+00  2.99943178e+00]
 [-4.41350475e-01 -4.24668816e-01 -4.09323087e-01 -3.95278130e-01
  -3.82498785e-01 -3.70949891e-01 -3.60596285e-01 -3.51402802e-01
  -3.43334275e-01 -3.36355529e-01 -3.30431386e-01 -3.25526660e-01
  -3.21606150e-01 -3.18634644e-01 -3.16576906e-01 -3.15397671e-01
  -3.15061636e-01 -3.15533443e-01 -3.16777659e-01 -3.18758750e-01
  -3.21441046e-01 -3.24788686e-01 -3.28765549e-01 -3.33335164e-01
  -3.38460576e-01 -3.44104170e-01 -3.50227429e-01 -3.56790607e-01
  -3.63752273e-01 -3.71068700e-01 -3.78693023e-01 -3.86574093e-01
  -3.94654918e-01 -4.02870540e-01 -4.11145145e-01 -4.19388159e-01
  -4.27488953e-01 -4.35309732e-01 -4.42676012e-01 -4.49363985e-01
  -4.55083946e-01 -4.59458910e-01 -4.61997688e-01 -4.62062206e-01
  -4.58830093e-01 -4.51256044e-01 -4.38039858e-01 -4.17615991e-01
  -3.88188843e-01 -3.47847526e-01 -2.94797124e-01 -2.27728053e-01
  -1.46296803e-01 -5.16074332e-02  5.35040817e-02  1.64596739e-01
   2.76251896e-01  3.83050911e-01  4.80552781e-01  5.65921531e-01
   6.38053102e-01  6.97291004e-01  7.44944820e-01  7.82809469e-01
   8.12795835e-01  8.36699522e-01  8.56086071e-01  8.72255684e-01
   8.86253666e-01  8.98902388e-01  9.10839923e-01  9.22557462e-01
   9.34431990e-01  9.46753210e-01  9.59744931e-01  9.73581637e-01
   9.88401123e-01  1.00431402e+00  1.02141090e+00  1.03976757e+00
   3.02993300e-02  5.06392068e-02  7.09540203e-02  9.13285528e-02
   1.11863332e-01  1.32677365e-01  1.53911258e-01  1.75730751e-01
   1.98330664e-01  2.21939228e-01  2.46822735e-01  2.73290360e-01
   3.01698957e-01  3.32457453e-01  3.66030378e-01  4.02939798e-01
   4.43764758e-01  4.89137040e-01  5.39731836e-01  5.96251755e-01
   6.59402574e-01  7.29859406e-01  8.08222630e-01  8.94964109e-01
   9.90366041e-01  1.09445701e+00  1.20695232e+00  1.32720764e+00
   1.45419596e+00  1.58651663e+00  1.72244181e+00  1.86000000e+00
   1.99708944e+00  2.13160837e+00  2.26158529e+00  2.38529236e+00
   2.50132893e+00  2.60866799e+00  2.70666521e+00  2.79503589e+00
   2.87380862e+00  2.94326559e+00  3.00387868e+00  3.05624824e+00
   3.10104941e+00  3.13898796e+00  3.17076649e+00  3.19706020e+00
   3.21850087e+00  3.23566755e+00  3.24908229e+00  3.25920964e+00
   3.26645852e+00  3.27118577e+00  3.27370059e+00  3.27426925e+00
   3.27311999e+00  3.27044763e+00  3.26641792e+00  3.26117145e+00
   3.25482723e+00  3.24748579e+00  3.23923192e+00  3.23013702e+00
   3.22026115e+00  3.20965482e+00  3.19836042e+00  3.18641354e+00
   3.17384403e+00  3.16067692e+00  3.14693319e+00  3.13263040e+00
   3.11778328e+00  3.10240416e+00  3.08650336e+00  3.07008952e+00
   3.05316986e+00  3.03575045e+00  3.01783634e+00  2.99943178e+00]
 [-4.41350475e-01 -4.24668816e-01 -4.09323087e-01 -3.95278130e-01
  -3.82498785e-01 -3.70949891e-01 -3.60596285e-01 -3.51402802e-01
  -3.43334275e-01 -3.36355529e-01 -3.30431386e-01 -3.25526660e-01
  -3.21606150e-01 -3.18634644e-01 -3.16576906e-01 -3.15397671e-01
  -3.15061636e-01 -3.15533443e-01 -3.16777659e-01 -3.18758750e-01
  -3.21441046e-01 -3.24788686e-01 -3.28765549e-01 -3.33335164e-01
  -3.38460576e-01 -3.44104170e-01 -3.50227429e-01 -3.56790607e-01
  -3.63752273e-01 -3.71068700e-01 -3.78693023e-01 -3.86574093e-01
  -3.94654918e-01 -4.02870540e-01 -4.11145145e-01 -4.19388159e-01
  -4.27488953e-01 -4.35309732e-01 -4.42676012e-01 -4.49363985e-01
  -4.55083946e-01 -4.59458910e-01 -4.61997688e-01 -4.62062206e-01
  -4.58830093e-01 -4.51256044e-01 -4.38039858e-01 -4.17615991e-01
  -3.88188843e-01 -3.47847526e-01 -2.94797124e-01 -2.27728053e-01
  -1.46296803e-01 -5.16074332e-02  5.35040817e-02  1.64596739e-01
   2.76251896e-01  3.83050911e-01  4.80552781e-01  5.65921531e-01
   6.38053102e-01  6.97291004e-01  7.44944820e-01  7.82809469e-01
   8.12795835e-01  8.36699522e-01  8.56086071e-01  8.72255684e-01
   8.86253666e-01  8.98902388e-01  9.10839923e-01  9.22557462e-01
   9.34431990e-01  9.46753210e-01  9.59744931e-01  9.73581637e-01
   9.88401123e-01  1.00431402e+00  1.02141090e+00  1.03976757e+00
   3.02993300e-02  5.06392068e-02  7.09540203e-02  9.13285528e-02
   1.11863332e-01  1.32677365e-01  1.53911258e-01  1.75730751e-01
   1.98330664e-01  2.21939228e-01  2.46822735e-01  2.73290360e-01
   3.01698957e-01  3.32457453e-01  3.66030378e-01  4.02939798e-01
   4.43764758e-01  4.89137040e-01  5.39731836e-01  5.96251755e-01
   6.59402574e-01  7.29859406e-01  8.08222630e-01  8.94964109e-01
   9.90366041e-01  1.09445701e+00  1.20695232e+00  1.32720764e+00
   1.45419596e+00  1.58651663e+00  1.72244181e+00  1.86000000e+00
   1.99708944e+00  2.13160837e+00  2.26158529e+00  2.38529236e+00
   2.50132893e+00  2.60866799e+00  2.70666521e+00  2.79503589e+00
   2.87380862e+00  2.94326559e+00  3.00387868e+00  3.05624824e+00
   3.10104941e+00  3.13898796e+00  3.17076649e+00  3.19706020e+00
   3.21850087e+00  3.23566755e+00  3.24908229e+00  3.25920964e+00
   3.26645852e+00  3.27118577e+00  3.27370059e+00  3.27426925e+00
   3.27311999e+00  3.27044763e+00  3.26641792e+00  3.26117145e+00
   3.25482723e+00  3.24748579e+00  3.23923192e+00  3.23013702e+00
   3.22026115e+00  3.20965482e+00  3.19836042e+00  3.18641354e+00
   3.17384403e+00  3.16067692e+00  3.14693319e+00  3.13263040e+00
   3.11778328e+00  3.10240416e+00  3.08650336e+00  3.07008952e+00
   3.05316986e+00  3.03575045e+00  3.01783634e+00  2.99943178e+00]
 [-4.41350475e-01 -4.24668816e-01 -4.09323087e-01 -3.95278130e-01
  -3.82498785e-01 -3.70949891e-01 -3.60596285e-01 -3.51402802e-01
  -3.43334275e-01 -3.36355529e-01 -3.30431386e-01 -3.25526660e-01
  -3.21606150e-01 -3.18634644e-01 -3.16576906e-01 -3.15397671e-01
  -3.15061636e-01 -3.15533443e-01 -3.16777659e-01 -3.18758750e-01
  -3.21441046e-01 -3.24788686e-01 -3.28765549e-01 -3.33335164e-01
  -3.38460576e-01 -3.44104170e-01 -3.50227429e-01 -3.56790607e-01
  -3.63752273e-01 -3.71068700e-01 -3.78693023e-01 -3.86574093e-01
  -3.94654918e-01 -4.02870540e-01 -4.11145145e-01 -4.19388159e-01
  -4.27488953e-01 -4.35309732e-01 -4.42676012e-01 -4.49363985e-01
  -4.55083946e-01 -4.59458910e-01 -4.61997688e-01 -4.62062206e-01
  -4.58830093e-01 -4.51256044e-01 -4.38039858e-01 -4.17615991e-01
  -3.88188843e-01 -3.47847526e-01 -2.94797124e-01 -2.27728053e-01
  -1.46296803e-01 -5.16074332e-02  5.35040817e-02  1.64596739e-01
   2.76251896e-01  3.83050911e-01  4.80552781e-01  5.65921531e-01
   6.38053102e-01  6.97291004e-01  7.44944820e-01  7.82809469e-01
   8.12795835e-01  8.36699522e-01  8.56086071e-01  8.72255684e-01
   8.86253666e-01  8.98902388e-01  9.10839923e-01  9.22557462e-01
   9.34431990e-01  9.46753210e-01  9.59744931e-01  9.73581637e-01
   9.88401123e-01  1.00431402e+00  1.02141090e+00  1.03976757e+00
   3.02993300e-02  5.06392068e-02  7.09540203e-02  9.13285528e-02
   1.11863332e-01  1.32677365e-01  1.53911258e-01  1.75730751e-01
   1.98330664e-01  2.21939228e-01  2.46822735e-01  2.73290360e-01
   3.01698957e-01  3.32457453e-01  3.66030378e-01  4.02939798e-01
   4.43764758e-01  4.89137040e-01  5.39731836e-01  5.96251755e-01
   6.59402574e-01  7.29859406e-01  8.08222630e-01  8.94964109e-01
   9.90366041e-01  1.09445701e+00  1.20695232e+00  1.32720764e+00
   1.45419596e+00  1.58651663e+00  1.72244181e+00  1.86000000e+00
   1.99708944e+00  2.13160837e+00  2.26158529e+00  2.38529236e+00
   2.50132893e+00  2.60866799e+00  2.70666521e+00  2.79503589e+00
   2.87380862e+00  2.94326559e+00  3.00387868e+00  3.05624824e+00
   3.10104941e+00  3.13898796e+00  3.17076649e+00  3.19706020e+00
   3.21850087e+00  3.23566755e+00  3.24908229e+00  3.25920964e+00
   3.26645852e+00  3.27118577e+00  3.27370059e+00  3.27426925e+00
   3.27311999e+00  3.27044763e+00  3.26641792e+00  3.26117145e+00
   3.25482723e+00  3.24748579e+00  3.23923192e+00  3.23013702e+00
   3.22026115e+00  3.20965482e+00  3.19836042e+00  3.18641354e+00
   3.17384403e+00  3.16067692e+00  3.14693319e+00  3.13263040e+00
   3.11778328e+00  3.10240416e+00  3.08650336e+00  3.07008952e+00
   3.05316986e+00  3.03575045e+00  3.01783634e+00  2.99943178e+00]
 [-4.41350475e-01 -4.24668816e-01 -4.09323087e-01 -3.95278130e-01
  -3.82498785e-01 -3.70949891e-01 -3.60596285e-01 -3.51402802e-01
  -3.43334275e-01 -3.36355529e-01 -3.30431386e-01 -3.25526660e-01
  -3.21606150e-01 -3.18634644e-01 -3.16576906e-01 -3.15397671e-01
  -3.15061636e-01 -3.15533443e-01 -3.16777659e-01 -3.18758750e-01
  -3.21441046e-01 -3.24788686e-01 -3.28765549e-01 -3.33335164e-01
  -3.38460576e-01 -3.44104170e-01 -3.50227429e-01 -3.56790607e-01
  -3.63752273e-01 -3.71068700e-01 -3.78693023e-01 -3.86574093e-01
  -3.94654918e-01 -4.02870540e-01 -4.11145145e-01 -4.19388159e-01
  -4.27488953e-01 -4.35309732e-01 -4.42676012e-01 -4.49363985e-01
  -4.55083946e-01 -4.59458910e-01 -4.61997688e-01 -4.62062206e-01
  -4.58830093e-01 -4.51256044e-01 -4.38039858e-01 -4.17615991e-01
  -3.88188843e-01 -3.47847526e-01 -2.94797124e-01 -2.27728053e-01
  -1.46296803e-01 -5.16074332e-02  5.35040817e-02  1.64596739e-01
   2.76251896e-01  3.83050911e-01  4.80552781e-01  5.65921531e-01
   6.38053102e-01  6.97291004e-01  7.44944820e-01  7.82809469e-01
   8.12795835e-01  8.36699522e-01  8.56086071e-01  8.72255684e-01
   8.86253666e-01  8.98902388e-01  9.10839923e-01  9.22557462e-01
   9.34431990e-01  9.46753210e-01  9.59744931e-01  9.73581637e-01
   9.88401123e-01  1.00431402e+00  1.02141090e+00  1.03976757e+00
   3.02993300e-02  5.06392068e-02  7.09540203e-02  9.13285528e-02
   1.11863332e-01  1.32677365e-01  1.53911258e-01  1.75730751e-01
   1.98330664e-01  2.21939228e-01  2.46822735e-01  2.73290360e-01
   3.01698957e-01  3.32457453e-01  3.66030378e-01  4.02939798e-01
   4.43764758e-01  4.89137040e-01  5.39731836e-01  5.96251755e-01
   6.59402574e-01  7.29859406e-01  8.08222630e-01  8.94964109e-01
   9.90366041e-01  1.09445701e+00  1.20695232e+00  1.32720764e+00
   1.45419596e+00  1.58651663e+00  1.72244181e+00  1.86000000e+00
   1.99708944e+00  2.13160837e+00  2.26158529e+00  2.38529236e+00
   2.50132893e+00  2.60866799e+00  2.70666521e+00  2.79503589e+00
   2.87380862e+00  2.94326559e+00  3.00387868e+00  3.05624824e+00
   3.10104941e+00  3.13898796e+00  3.17076649e+00  3.19706020e+00
   3.21850087e+00  3.23566755e+00  3.24908229e+00  3.25920964e+00
   3.26645852e+00  3.27118577e+00  3.27370059e+00  3.27426925e+00
   3.27311999e+00  3.27044763e+00  3.26641792e+00  3.26117145e+00
   3.25482723e+00  3.24748579e+00  3.23923192e+00  3.23013702e+00
   3.22026115e+00  3.20965482e+00  3.19836042e+00  3.18641354e+00
   3.17384403e+00  3.16067692e+00  3.14693319e+00  3.13263040e+00
   3.11778328e+00  3.10240416e+00  3.08650336e+00  3.07008952e+00
   3.05316986e+00  3.03575045e+00  3.01783634e+00  2.99943178e+00]
 [-4.41350475e-01 -4.24668816e-01 -4.09323087e-01 -3.95278130e-01
  -3.82498785e-01 -3.70949891e-01 -3.60596285e-01 -3.51402802e-01
  -3.43334275e-01 -3.36355529e-01 -3.30431386e-01 -3.25526660e-01
  -3.21606150e-01 -3.18634644e-01 -3.16576906e-01 -3.15397671e-01
  -3.15061636e-01 -3.15533443e-01 -3.16777659e-01 -3.18758750e-01
  -3.21441046e-01 -3.24788686e-01 -3.28765549e-01 -3.33335164e-01
  -3.38460576e-01 -3.44104170e-01 -3.50227429e-01 -3.56790607e-01
  -3.63752273e-01 -3.71068700e-01 -3.78693023e-01 -3.86574093e-01
  -3.94654918e-01 -4.02870540e-01 -4.11145145e-01 -4.19388159e-01
  -4.27488953e-01 -4.35309732e-01 -4.42676012e-01 -4.49363985e-01
  -4.55083946e-01 -4.59458910e-01 -4.61997688e-01 -4.62062206e-01
  -4.58830093e-01 -4.51256044e-01 -4.38039858e-01 -4.17615991e-01
  -3.88188843e-01 -3.47847526e-01 -2.94797124e-01 -2.27728053e-01
  -1.46296803e-01 -5.16074332e-02  5.35040817e-02  1.64596739e-01
   2.76251896e-01  3.83050911e-01  4.80552781e-01  5.65921531e-01
   6.38053102e-01  6.97291004e-01  7.44944820e-01  7.82809469e-01
   8.12795835e-01  8.36699522e-01  8.56086071e-01  8.72255684e-01
   8.86253666e-01  8.98902388e-01  9.10839923e-01  9.22557462e-01
   9.34431990e-01  9.46753210e-01  9.59744931e-01  9.73581637e-01
   9.88401123e-01  1.00431402e+00  1.02141090e+00  1.03976757e+00
   3.02993300e-02  5.06392068e-02  7.09540203e-02  9.13285528e-02
   1.11863332e-01  1.32677365e-01  1.53911258e-01  1.75730751e-01
   1.98330664e-01  2.21939228e-01  2.46822735e-01  2.73290360e-01
   3.01698957e-01  3.32457453e-01  3.66030378e-01  4.02939798e-01
   4.43764758e-01  4.89137040e-01  5.39731836e-01  5.96251755e-01
   6.59402574e-01  7.29859406e-01  8.08222630e-01  8.94964109e-01
   9.90366041e-01  1.09445701e+00  1.20695232e+00  1.32720764e+00
   1.45419596e+00  1.58651663e+00  1.72244181e+00  1.86000000e+00
   1.99708944e+00  2.13160837e+00  2.26158529e+00  2.38529236e+00
   2.50132893e+00  2.60866799e+00  2.70666521e+00  2.79503589e+00
   2.87380862e+00  2.94326559e+00  3.00387868e+00  3.05624824e+00
   3.10104941e+00  3.13898796e+00  3.17076649e+00  3.19706020e+00
   3.21850087e+00  3.23566755e+00  3.24908229e+00  3.25920964e+00
   3.26645852e+00  3.27118577e+00  3.27370059e+00  3.27426925e+00
   3.27311999e+00  3.27044763e+00  3.26641792e+00  3.26117145e+00
   3.25482723e+00  3.24748579e+00  3.23923192e+00  3.23013702e+00
   3.22026115e+00  3.20965482e+00  3.19836042e+00  3.18641354e+00
   3.17384403e+00  3.16067692e+00  3.14693319e+00  3.13263040e+00
   3.11778328e+00  3.10240416e+00  3.08650336e+00  3.07008952e+00
   3.05316986e+00  3.03575045e+00  3.01783634e+00  2.99943178e+00]
 [-4.41350475e-01 -4.24668816e-01 -4.09323087e-01 -3.95278130e-01
  -3.82498785e-01 -3.70949891e-01 -3.60596285e-01 -3.51402802e-01
  -3.43334275e-01 -3.36355529e-01 -3.30431386e-01 -3.25526660e-01
  -3.21606150e-01 -3.18634644e-01 -3.16576906e-01 -3.15397671e-01
  -3.15061636e-01 -3.15533443e-01 -3.16777659e-01 -3.18758750e-01
  -3.21441046e-01 -3.24788686e-01 -3.28765549e-01 -3.33335164e-01
  -3.38460576e-01 -3.44104170e-01 -3.50227429e-01 -3.56790607e-01
  -3.63752273e-01 -3.71068700e-01 -3.78693023e-01 -3.86574093e-01
  -3.94654918e-01 -4.02870540e-01 -4.11145145e-01 -4.19388159e-01
  -4.27488953e-01 -4.35309732e-01 -4.42676012e-01 -4.49363985e-01
  -4.55083946e-01 -4.59458910e-01 -4.61997688e-01 -4.62062206e-01
  -4.58830093e-01 -4.51256044e-01 -4.38039858e-01 -4.17615991e-01
  -3.88188843e-01 -3.47847526e-01 -2.94797124e-01 -2.27728053e-01
  -1.46296803e-01 -5.16074332e-02  5.35040817e-02  1.64596739e-01
   2.76251896e-01  3.83050911e-01  4.80552781e-01  5.65921531e-01
   6.38053102e-01  6.97291004e-01  7.44944820e-01  7.82809469e-01
   8.12795835e-01  8.36699522e-01  8.56086071e-01  8.72255684e-01
   8.86253666e-01  8.98902388e-01  9.10839923e-01  9.22557462e-01
   9.34431990e-01  9.46753210e-01  9.59744931e-01  9.73581637e-01
   9.88401123e-01  1.00431402e+00  1.02141090e+00  1.03976757e+00
   3.02993300e-02  5.06392068e-02  7.09540203e-02  9.13285528e-02
   1.11863332e-01  1.32677365e-01  1.53911258e-01  1.75730751e-01
   1.98330664e-01  2.21939228e-01  2.46822735e-01  2.73290360e-01
   3.01698957e-01  3.32457453e-01  3.66030378e-01  4.02939798e-01
   4.43764758e-01  4.89137040e-01  5.39731836e-01  5.96251755e-01
   6.59402574e-01  7.29859406e-01  8.08222630e-01  8.94964109e-01
   9.90366041e-01  1.09445701e+00  1.20695232e+00  1.32720764e+00
   1.45419596e+00  1.58651663e+00  1.72244181e+00  1.86000000e+00
   1.99708944e+00  2.13160837e+00  2.26158529e+00  2.38529236e+00
   2.50132893e+00  2.60866799e+00  2.70666521e+00  2.79503589e+00
   2.87380862e+00  2.94326559e+00  3.00387868e+00  3.05624824e+00
   3.10104941e+00  3.13898796e+00  3.17076649e+00  3.19706020e+00
   3.21850087e+00  3.23566755e+00  3.24908229e+00  3.25920964e+00
   3.26645852e+00  3.27118577e+00  3.27370059e+00  3.27426925e+00
   3.27311999e+00  3.27044763e+00  3.26641792e+00  3.26117145e+00
   3.25482723e+00  3.24748579e+00  3.23923192e+00  3.23013702e+00
   3.22026115e+00  3.20965482e+00  3.19836042e+00  3.18641354e+00
   3.17384403e+00  3.16067692e+00  3.14693319e+00  3.13263040e+00
   3.11778328e+00  3.10240416e+00  3.08650336e+00  3.07008952e+00
   3.05316986e+00  3.03575045e+00  3.01783634e+00  2.99943178e+00]
 [-4.41350475e-01 -4.24668816e-01 -4.09323087e-01 -3.95278130e-01
  -3.82498785e-01 -3.70949891e-01 -3.60596285e-01 -3.51402802e-01
  -3.43334275e-01 -3.36355529e-01 -3.30431386e-01 -3.25526660e-01
  -3.21606150e-01 -3.18634644e-01 -3.16576906e-01 -3.15397671e-01
  -3.15061636e-01 -3.15533443e-01 -3.16777659e-01 -3.18758750e-01
  -3.21441046e-01 -3.24788686e-01 -3.28765549e-01 -3.33335164e-01
  -3.38460576e-01 -3.44104170e-01 -3.50227429e-01 -3.56790607e-01
  -3.63752273e-01 -3.71068700e-01 -3.78693023e-01 -3.86574093e-01
  -3.94654918e-01 -4.02870540e-01 -4.11145145e-01 -4.19388159e-01
  -4.27488953e-01 -4.35309732e-01 -4.42676012e-01 -4.49363985e-01
  -4.55083946e-01 -4.59458910e-01 -4.61997688e-01 -4.62062206e-01
  -4.58830093e-01 -4.51256044e-01 -4.38039858e-01 -4.17615991e-01
  -3.88188843e-01 -3.47847526e-01 -2.94797124e-01 -2.27728053e-01
  -1.46296803e-01 -5.16074332e-02  5.35040817e-02  1.64596739e-01
   2.76251896e-01  3.83050911e-01  4.80552781e-01  5.65921531e-01
   6.38053102e-01  6.97291004e-01  7.44944820e-01  7.82809469e-01
   8.12795835e-01  8.36699522e-01  8.56086071e-01  8.72255684e-01
   8.86253666e-01  8.98902388e-01  9.10839923e-01  9.22557462e-01
   9.34431990e-01  9.46753210e-01  9.59744931e-01  9.73581637e-01
   9.88401123e-01  1.00431402e+00  1.02141090e+00  1.03976757e+00
   3.02993300e-02  5.06392068e-02  7.09540203e-02  9.13285528e-02
   1.11863332e-01  1.32677365e-01  1.53911258e-01  1.75730751e-01
   1.98330664e-01  2.21939228e-01  2.46822735e-01  2.73290360e-01
   3.01698957e-01  3.32457453e-01  3.66030378e-01  4.02939798e-01
   4.43764758e-01  4.89137040e-01  5.39731836e-01  5.96251755e-01
   6.59402574e-01  7.29859406e-01  8.08222630e-01  8.94964109e-01
   9.90366041e-01  1.09445701e+00  1.20695232e+00  1.32720764e+00
   1.45419596e+00  1.58651663e+00  1.72244181e+00  1.86000000e+00
   1.99708944e+00  2.13160837e+00  2.26158529e+00  2.38529236e+00
   2.50132893e+00  2.60866799e+00  2.70666521e+00  2.79503589e+00
   2.87380862e+00  2.94326559e+00  3.00387868e+00  3.05624824e+00
   3.10104941e+00  3.13898796e+00  3.17076649e+00  3.19706020e+00
   3.21850087e+00  3.23566755e+00  3.24908229e+00  3.25920964e+00
   3.26645852e+00  3.27118577e+00  3.27370059e+00  3.27426925e+00
   3.27311999e+00  3.27044763e+00  3.26641792e+00  3.26117145e+00
   3.25482723e+00  3.24748579e+00  3.23923192e+00  3.23013702e+00
   3.22026115e+00  3.20965482e+00  3.19836042e+00  3.18641354e+00
   3.17384403e+00  3.16067692e+00  3.14693319e+00  3.13263040e+00
   3.11778328e+00  3.10240416e+00  3.08650336e+00  3.07008952e+00
   3.05316986e+00  3.03575045e+00  3.01783634e+00  2.99943178e+00]
 [-4.41350475e-01 -4.24668816e-01 -4.09323087e-01 -3.95278130e-01
  -3.82498785e-01 -3.70949891e-01 -3.60596285e-01 -3.51402802e-01
  -3.43334275e-01 -3.36355529e-01 -3.30431386e-01 -3.25526660e-01
  -3.21606150e-01 -3.18634644e-01 -3.16576906e-01 -3.15397671e-01
  -3.15061636e-01 -3.15533443e-01 -3.16777659e-01 -3.18758750e-01
  -3.21441046e-01 -3.24788686e-01 -3.28765549e-01 -3.33335164e-01
  -3.38460576e-01 -3.44104170e-01 -3.50227429e-01 -3.56790607e-01
  -3.63752273e-01 -3.71068700e-01 -3.78693023e-01 -3.86574093e-01
  -3.94654918e-01 -4.02870540e-01 -4.11145145e-01 -4.19388159e-01
  -4.27488953e-01 -4.35309732e-01 -4.42676012e-01 -4.49363985e-01
  -4.55083946e-01 -4.59458910e-01 -4.61997688e-01 -4.62062206e-01
  -4.58830093e-01 -4.51256044e-01 -4.38039858e-01 -4.17615991e-01
  -3.88188843e-01 -3.47847526e-01 -2.94797124e-01 -2.27728053e-01
  -1.46296803e-01 -5.16074332e-02  5.35040817e-02  1.64596739e-01
   2.76251896e-01  3.83050911e-01  4.80552781e-01  5.65921531e-01
   6.38053102e-01  6.97291004e-01  7.44944820e-01  7.82809469e-01
   8.12795835e-01  8.36699522e-01  8.56086071e-01  8.72255684e-01
   8.86253666e-01  8.98902388e-01  9.10839923e-01  9.22557462e-01
   9.34431990e-01  9.46753210e-01  9.59744931e-01  9.73581637e-01
   9.88401123e-01  1.00431402e+00  1.02141090e+00  1.03976757e+00
   3.02993300e-02  5.06392068e-02  7.09540203e-02  9.13285528e-02
   1.11863332e-01  1.32677365e-01  1.53911258e-01  1.75730751e-01
   1.98330664e-01  2.21939228e-01  2.46822735e-01  2.73290360e-01
   3.01698957e-01  3.32457453e-01  3.66030378e-01  4.02939798e-01
   4.43764758e-01  4.89137040e-01  5.39731836e-01  5.96251755e-01
   6.59402574e-01  7.29859406e-01  8.08222630e-01  8.94964109e-01
   9.90366041e-01  1.09445701e+00  1.20695232e+00  1.32720764e+00
   1.45419596e+00  1.58651663e+00  1.72244181e+00  1.86000000e+00
   1.99708944e+00  2.13160837e+00  2.26158529e+00  2.38529236e+00
   2.50132893e+00  2.60866799e+00  2.70666521e+00  2.79503589e+00
   2.87380862e+00  2.94326559e+00  3.00387868e+00  3.05624824e+00
   3.10104941e+00  3.13898796e+00  3.17076649e+00  3.19706020e+00
   3.21850087e+00  3.23566755e+00  3.24908229e+00  3.25920964e+00
   3.26645852e+00  3.27118577e+00  3.27370059e+00  3.27426925e+00
   3.27311999e+00  3.27044763e+00  3.26641792e+00  3.26117145e+00
   3.25482723e+00  3.24748579e+00  3.23923192e+00  3.23013702e+00
   3.22026115e+00  3.20965482e+00  3.19836042e+00  3.18641354e+00
   3.17384403e+00  3.16067692e+00  3.14693319e+00  3.13263040e+00
   3.11778328e+00  3.10240416e+00  3.08650336e+00  3.07008952e+00
   3.05316986e+00  3.03575045e+00  3.01783634e+00  2.99943178e+00]
 [-4.41350475e-01 -4.24668816e-01 -4.09323087e-01 -3.95278130e-01
  -3.82498785e-01 -3.70949891e-01 -3.60596285e-01 -3.51402802e-01
  -3.43334275e-01 -3.36355529e-01 -3.30431386e-01 -3.25526660e-01
  -3.21606150e-01 -3.18634644e-01 -3.16576906e-01 -3.15397671e-01
  -3.15061636e-01 -3.15533443e-01 -3.16777659e-01 -3.18758750e-01
  -3.21441046e-01 -3.24788686e-01 -3.28765549e-01 -3.33335164e-01
  -3.38460576e-01 -3.44104170e-01 -3.50227429e-01 -3.56790607e-01
  -3.63752273e-01 -3.71068700e-01 -3.78693023e-01 -3.86574093e-01
  -3.94654918e-01 -4.02870540e-01 -4.11145145e-01 -4.19388159e-01
  -4.27488953e-01 -4.35309732e-01 -4.42676012e-01 -4.49363985e-01
  -4.55083946e-01 -4.59458910e-01 -4.61997688e-01 -4.62062206e-01
  -4.58830093e-01 -4.51256044e-01 -4.38039858e-01 -4.17615991e-01
  -3.88188843e-01 -3.47847526e-01 -2.94797124e-01 -2.27728053e-01
  -1.46296803e-01 -5.16074332e-02  5.35040817e-02  1.64596739e-01
   2.76251896e-01  3.83050911e-01  4.80552781e-01  5.65921531e-01
   6.38053102e-01  6.97291004e-01  7.44944820e-01  7.82809469e-01
   8.12795835e-01  8.36699522e-01  8.56086071e-01  8.72255684e-01
   8.86253666e-01  8.98902388e-01  9.10839923e-01  9.22557462e-01
   9.34431990e-01  9.46753210e-01  9.59744931e-01  9.73581637e-01
   9.88401123e-01  1.00431402e+00  1.02141090e+00  1.03976757e+00
   3.02993300e-02  5.06392068e-02  7.09540203e-02  9.13285528e-02
   1.11863332e-01  1.32677365e-01  1.53911258e-01  1.75730751e-01
   1.98330664e-01  2.21939228e-01  2.46822735e-01  2.73290360e-01
   3.01698957e-01  3.32457453e-01  3.66030378e-01  4.02939798e-01
   4.43764758e-01  4.89137040e-01  5.39731836e-01  5.96251755e-01
   6.59402574e-01  7.29859406e-01  8.08222630e-01  8.94964109e-01
   9.90366041e-01  1.09445701e+00  1.20695232e+00  1.32720764e+00
   1.45419596e+00  1.58651663e+00  1.72244181e+00  1.86000000e+00
   1.99708944e+00  2.13160837e+00  2.26158529e+00  2.38529236e+00
   2.50132893e+00  2.60866799e+00  2.70666521e+00  2.79503589e+00
   2.87380862e+00  2.94326559e+00  3.00387868e+00  3.05624824e+00
   3.10104941e+00  3.13898796e+00  3.17076649e+00  3.19706020e+00
   3.21850087e+00  3.23566755e+00  3.24908229e+00  3.25920964e+00
   3.26645852e+00  3.27118577e+00  3.27370059e+00  3.27426925e+00
   3.27311999e+00  3.27044763e+00  3.26641792e+00  3.26117145e+00
   3.25482723e+00  3.24748579e+00  3.23923192e+00  3.23013702e+00
   3.22026115e+00  3.20965482e+00  3.19836042e+00  3.18641354e+00
   3.17384403e+00  3.16067692e+00  3.14693319e+00  3.13263040e+00
   3.11778328e+00  3.10240416e+00  3.08650336e+00  3.07008952e+00
   3.05316986e+00  3.03575045e+00  3.01783634e+00  2.99943178e+00]
 [-4.41350475e-01 -4.24668816e-01 -4.09323087e-01 -3.95278130e-01
  -3.82498785e-01 -3.70949891e-01 -3.60596285e-01 -3.51402802e-01
  -3.43334275e-01 -3.36355529e-01 -3.30431386e-01 -3.25526660e-01
  -3.21606150e-01 -3.18634644e-01 -3.16576906e-01 -3.15397671e-01
  -3.15061636e-01 -3.15533443e-01 -3.16777659e-01 -3.18758750e-01
  -3.21441046e-01 -3.24788686e-01 -3.28765549e-01 -3.33335164e-01
  -3.38460576e-01 -3.44104170e-01 -3.50227429e-01 -3.56790607e-01
  -3.63752273e-01 -3.71068700e-01 -3.78693023e-01 -3.86574093e-01
  -3.94654918e-01 -4.02870540e-01 -4.11145145e-01 -4.19388159e-01
  -4.27488953e-01 -4.35309732e-01 -4.42676012e-01 -4.49363985e-01
  -4.55083946e-01 -4.59458910e-01 -4.61997688e-01 -4.62062206e-01
  -4.58830093e-01 -4.51256044e-01 -4.38039858e-01 -4.17615991e-01
  -3.88188843e-01 -3.47847526e-01 -2.94797124e-01 -2.27728053e-01
  -1.46296803e-01 -5.16074332e-02  5.35040817e-02  1.64596739e-01
   2.76251896e-01  3.83050911e-01  4.80552781e-01  5.65921531e-01
   6.38053102e-01  6.97291004e-01  7.44944820e-01  7.82809469e-01
   8.12795835e-01  8.36699522e-01  8.56086071e-01  8.72255684e-01
   8.86253666e-01  8.98902388e-01  9.10839923e-01  9.22557462e-01
   9.34431990e-01  9.46753210e-01  9.59744931e-01  9.73581637e-01
   9.88401123e-01  1.00431402e+00  1.02141090e+00  1.03976757e+00
   3.02993300e-02  5.06392068e-02  7.09540203e-02  9.13285528e-02
   1.11863332e-01  1.32677365e-01  1.53911258e-01  1.75730751e-01
   1.98330664e-01  2.21939228e-01  2.46822735e-01  2.73290360e-01
   3.01698957e-01  3.32457453e-01  3.66030378e-01  4.02939798e-01
   4.43764758e-01  4.89137040e-01  5.39731836e-01  5.96251755e-01
   6.59402574e-01  7.29859406e-01  8.08222630e-01  8.94964109e-01
   9.90366041e-01  1.09445701e+00  1.20695232e+00  1.32720764e+00
   1.45419596e+00  1.58651663e+00  1.72244181e+00  1.86000000e+00
   1.99708944e+00  2.13160837e+00  2.26158529e+00  2.38529236e+00
   2.50132893e+00  2.60866799e+00  2.70666521e+00  2.79503589e+00
   2.87380862e+00  2.94326559e+00  3.00387868e+00  3.05624824e+00
   3.10104941e+00  3.13898796e+00  3.17076649e+00  3.19706020e+00
   3.21850087e+00  3.23566755e+00  3.24908229e+00  3.25920964e+00
   3.26645852e+00  3.27118577e+00  3.27370059e+00  3.27426925e+00
   3.27311999e+00  3.27044763e+00  3.26641792e+00  3.26117145e+00
   3.25482723e+00  3.24748579e+00  3.23923192e+00  3.23013702e+00
   3.22026115e+00  3.20965482e+00  3.19836042e+00  3.18641354e+00
   3.17384403e+00  3.16067692e+00  3.14693319e+00  3.13263040e+00
   3.11778328e+00  3.10240416e+00  3.08650336e+00  3.07008952e+00
   3.05316986e+00  3.03575045e+00  3.01783634e+00  2.99943178e+00]
 [-4.41350475e-01 -4.24668816e-01 -4.09323087e-01 -3.95278130e-01
  -3.82498785e-01 -3.70949891e-01 -3.60596285e-01 -3.51402802e-01
  -3.43334275e-01 -3.36355529e-01 -3.30431386e-01 -3.25526660e-01
  -3.21606150e-01 -3.18634644e-01 -3.16576906e-01 -3.15397671e-01
  -3.15061636e-01 -3.15533443e-01 -3.16777659e-01 -3.18758750e-01
  -3.21441046e-01 -3.24788686e-01 -3.28765549e-01 -3.33335164e-01
  -3.38460576e-01 -3.44104170e-01 -3.50227429e-01 -3.56790607e-01
  -3.63752273e-01 -3.71068700e-01 -3.78693023e-01 -3.86574093e-01
  -3.94654918e-01 -4.02870540e-01 -4.11145145e-01 -4.19388159e-01
  -4.27488953e-01 -4.35309732e-01 -4.42676012e-01 -4.49363985e-01
  -4.55083946e-01 -4.59458910e-01 -4.61997688e-01 -4.62062206e-01
  -4.58830093e-01 -4.51256044e-01 -4.38039858e-01 -4.17615991e-01
  -3.88188843e-01 -3.47847526e-01 -2.94797124e-01 -2.27728053e-01
  -1.46296803e-01 -5.16074332e-02  5.35040817e-02  1.64596739e-01
   2.76251896e-01  3.83050911e-01  4.80552781e-01  5.65921531e-01
   6.38053102e-01  6.97291004e-01  7.44944820e-01  7.82809469e-01
   8.12795835e-01  8.36699522e-01  8.56086071e-01  8.72255684e-01
   8.86253666e-01  8.98902388e-01  9.10839923e-01  9.22557462e-01
   9.34431990e-01  9.46753210e-01  9.59744931e-01  9.73581637e-01
   9.88401123e-01  1.00431402e+00  1.02141090e+00  1.03976757e+00
   3.02993300e-02  5.06392068e-02  7.09540203e-02  9.13285528e-02
   1.11863332e-01  1.32677365e-01  1.53911258e-01  1.75730751e-01
   1.98330664e-01  2.21939228e-01  2.46822735e-01  2.73290360e-01
   3.01698957e-01  3.32457453e-01  3.66030378e-01  4.02939798e-01
   4.43764758e-01  4.89137040e-01  5.39731836e-01  5.96251755e-01
   6.59402574e-01  7.29859406e-01  8.08222630e-01  8.94964109e-01
   9.90366041e-01  1.09445701e+00  1.20695232e+00  1.32720764e+00
   1.45419596e+00  1.58651663e+00  1.72244181e+00  1.86000000e+00
   1.99708944e+00  2.13160837e+00  2.26158529e+00  2.38529236e+00
   2.50132893e+00  2.60866799e+00  2.70666521e+00  2.79503589e+00
   2.87380862e+00  2.94326559e+00  3.00387868e+00  3.05624824e+00
   3.10104941e+00  3.13898796e+00  3.17076649e+00  3.19706020e+00
   3.21850087e+00  3.23566755e+00  3.24908229e+00  3.25920964e+00
   3.26645852e+00  3.27118577e+00  3.27370059e+00  3.27426925e+00
   3.27311999e+00  3.27044763e+00  3.26641792e+00  3.26117145e+00
   3.25482723e+00  3.24748579e+00  3.23923192e+00  3.23013702e+00
   3.22026115e+00  3.20965482e+00  3.19836042e+00  3.18641354e+00
   3.17384403e+00  3.16067692e+00  3.14693319e+00  3.13263040e+00
   3.11778328e+00  3.10240416e+00  3.08650336e+00  3.07008952e+00
   3.05316986e+00  3.03575045e+00  3.01783634e+00  2.99943178e+00]
 [-4.41350475e-01 -4.24668816e-01 -4.09323087e-01 -3.95278130e-01
  -3.82498785e-01 -3.70949891e-01 -3.60596285e-01 -3.51402802e-01
  -3.43334275e-01 -3.36355529e-01 -3.30431386e-01 -3.25526660e-01
  -3.21606150e-01 -3.18634644e-01 -3.16576906e-01 -3.15397671e-01
  -3.15061636e-01 -3.15533443e-01 -3.16777659e-01 -3.18758750e-01
  -3.21441046e-01 -3.24788686e-01 -3.28765549e-01 -3.33335164e-01
  -3.38460576e-01 -3.44104170e-01 -3.50227429e-01 -3.56790607e-01
  -3.63752273e-01 -3.71068700e-01 -3.78693023e-01 -3.86574093e-01
  -3.94654918e-01 -4.02870540e-01 -4.11145145e-01 -4.19388159e-01
  -4.27488953e-01 -4.35309732e-01 -4.42676012e-01 -4.49363985e-01
  -4.55083946e-01 -4.59458910e-01 -4.61997688e-01 -4.62062206e-01
  -4.58830093e-01 -4.51256044e-01 -4.38039858e-01 -4.17615991e-01
  -3.88188843e-01 -3.47847526e-01 -2.94797124e-01 -2.27728053e-01
  -1.46296803e-01 -5.16074332e-02  5.35040817e-02  1.64596739e-01
   2.76251896e-01  3.83050911e-01  4.80552781e-01  5.65921531e-01
   6.38053102e-01  6.97291004e-01  7.44944820e-01  7.82809469e-01
   8.12795835e-01  8.36699522e-01  8.56086071e-01  8.72255684e-01
   8.86253666e-01  8.98902388e-01  9.10839923e-01  9.22557462e-01
   9.34431990e-01  9.46753210e-01  9.59744931e-01  9.73581637e-01
   9.88401123e-01  1.00431402e+00  1.02141090e+00  1.03976757e+00
   3.02993300e-02  5.06392068e-02  7.09540203e-02  9.13285528e-02
   1.11863332e-01  1.32677365e-01  1.53911258e-01  1.75730751e-01
   1.98330664e-01  2.21939228e-01  2.46822735e-01  2.73290360e-01
   3.01698957e-01  3.32457453e-01  3.66030378e-01  4.02939798e-01
   4.43764758e-01  4.89137040e-01  5.39731836e-01  5.96251755e-01
   6.59402574e-01  7.29859406e-01  8.08222630e-01  8.94964109e-01
   9.90366041e-01  1.09445701e+00  1.20695232e+00  1.32720764e+00
   1.45419596e+00  1.58651663e+00  1.72244181e+00  1.86000000e+00
   1.99708944e+00  2.13160837e+00  2.26158529e+00  2.38529236e+00
   2.50132893e+00  2.60866799e+00  2.70666521e+00  2.79503589e+00
   2.87380862e+00  2.94326559e+00  3.00387868e+00  3.05624824e+00
   3.10104941e+00  3.13898796e+00  3.17076649e+00  3.19706020e+00
   3.21850087e+00  3.23566755e+00  3.24908229e+00  3.25920964e+00
   3.26645852e+00  3.27118577e+00  3.27370059e+00  3.27426925e+00
   3.27311999e+00  3.27044763e+00  3.26641792e+00  3.26117145e+00
   3.25482723e+00  3.24748579e+00  3.23923192e+00  3.23013702e+00
   3.22026115e+00  3.20965482e+00  3.19836042e+00  3.18641354e+00
   3.17384403e+00  3.16067692e+00  3.14693319e+00  3.13263040e+00
   3.11778328e+00  3.10240416e+00  3.08650336e+00  3.07008952e+00
   3.05316986e+00  3.03575045e+00  3.01783634e+00  2.99943178e+00]
 [-4.41350475e-01 -4.24668816e-01 -4.09323087e-01 -3.95278130e-01
  -3.82498785e-01 -3.70949891e-01 -3.60596285e-01 -3.51402802e-01
  -3.43334275e-01 -3.36355529e-01 -3.30431386e-01 -3.25526660e-01
  -3.21606150e-01 -3.18634644e-01 -3.16576906e-01 -3.15397671e-01
  -3.15061636e-01 -3.15533443e-01 -3.16777659e-01 -3.18758750e-01
  -3.21441046e-01 -3.24788686e-01 -3.28765549e-01 -3.33335164e-01
  -3.38460576e-01 -3.44104170e-01 -3.50227429e-01 -3.56790607e-01
  -3.63752273e-01 -3.71068700e-01 -3.78693023e-01 -3.86574093e-01
  -3.94654918e-01 -4.02870540e-01 -4.11145145e-01 -4.19388159e-01
  -4.27488953e-01 -4.35309732e-01 -4.42676012e-01 -4.49363985e-01
  -4.55083946e-01 -4.59458910e-01 -4.61997688e-01 -4.62062206e-01
  -4.58830093e-01 -4.51256044e-01 -4.38039858e-01 -4.17615991e-01
  -3.88188843e-01 -3.47847526e-01 -2.94797124e-01 -2.27728053e-01
  -1.46296803e-01 -5.16074332e-02  5.35040817e-02  1.64596739e-01
   2.76251896e-01  3.83050911e-01  4.80552781e-01  5.65921531e-01
   6.38053102e-01  6.97291004e-01  7.44944820e-01  7.82809469e-01
   8.12795835e-01  8.36699522e-01  8.56086071e-01  8.72255684e-01
   8.86253666e-01  8.98902388e-01  9.10839923e-01  9.22557462e-01
   9.34431990e-01  9.46753210e-01  9.59744931e-01  9.73581637e-01
   9.88401123e-01  1.00431402e+00  1.02141090e+00  1.03976757e+00
   3.02993300e-02  5.06392068e-02  7.09540203e-02  9.13285528e-02
   1.11863332e-01  1.32677365e-01  1.53911258e-01  1.75730751e-01
   1.98330664e-01  2.21939228e-01  2.46822735e-01  2.73290360e-01
   3.01698957e-01  3.32457453e-01  3.66030378e-01  4.02939798e-01
   4.43764758e-01  4.89137040e-01  5.39731836e-01  5.96251755e-01
   6.59402574e-01  7.29859406e-01  8.08222630e-01  8.94964109e-01
   9.90366041e-01  1.09445701e+00  1.20695232e+00  1.32720764e+00
   1.45419596e+00  1.58651663e+00  1.72244181e+00  1.86000000e+00
   1.99708944e+00  2.13160837e+00  2.26158529e+00  2.38529236e+00
   2.50132893e+00  2.60866799e+00  2.70666521e+00  2.79503589e+00
   2.87380862e+00  2.94326559e+00  3.00387868e+00  3.05624824e+00
   3.10104941e+00  3.13898796e+00  3.17076649e+00  3.19706020e+00
   3.21850087e+00  3.23566755e+00  3.24908229e+00  3.25920964e+00
   3.26645852e+00  3.27118577e+00  3.27370059e+00  3.27426925e+00
   3.27311999e+00  3.27044763e+00  3.26641792e+00  3.26117145e+00
   3.25482723e+00  3.24748579e+00  3.23923192e+00  3.23013702e+00
   3.22026115e+00  3.20965482e+00  3.19836042e+00  3.18641354e+00
   3.17384403e+00  3.16067692e+00  3.14693319e+00  3.13263040e+00
   3.11778328e+00  3.10240416e+00  3.08650336e+00  3.07008952e+00
   3.05316986e+00  3.03575045e+00  3.01783634e+00  2.99943178e+00]
 [-4.41350475e-01 -4.24668816e-01 -4.09323087e-01 -3.95278130e-01
  -3.82498785e-01 -3.70949891e-01 -3.60596285e-01 -3.51402802e-01
  -3.43334275e-01 -3.36355529e-01 -3.30431386e-01 -3.25526660e-01
  -3.21606150e-01 -3.18634644e-01 -3.16576906e-01 -3.15397671e-01
  -3.15061636e-01 -3.15533443e-01 -3.16777659e-01 -3.18758750e-01
  -3.21441046e-01 -3.24788686e-01 -3.28765549e-01 -3.33335164e-01
  -3.38460576e-01 -3.44104170e-01 -3.50227429e-01 -3.56790607e-01
  -3.63752273e-01 -3.71068700e-01 -3.78693023e-01 -3.86574093e-01
  -3.94654918e-01 -4.02870540e-01 -4.11145145e-01 -4.19388159e-01
  -4.27488953e-01 -4.35309732e-01 -4.42676012e-01 -4.49363985e-01
  -4.55083946e-01 -4.59458910e-01 -4.61997688e-01 -4.62062206e-01
  -4.58830093e-01 -4.51256044e-01 -4.38039858e-01 -4.17615991e-01
  -3.88188843e-01 -3.47847526e-01 -2.94797124e-01 -2.27728053e-01
  -1.46296803e-01 -5.16074332e-02  5.35040817e-02  1.64596739e-01
   2.76251896e-01  3.83050911e-01  4.80552781e-01  5.65921531e-01
   6.38053102e-01  6.97291004e-01  7.44944820e-01  7.82809469e-01
   8.12795835e-01  8.36699522e-01  8.56086071e-01  8.72255684e-01
   8.86253666e-01  8.98902388e-01  9.10839923e-01  9.22557462e-01
   9.34431990e-01  9.46753210e-01  9.59744931e-01  9.73581637e-01
   9.88401123e-01  1.00431402e+00  1.02141090e+00  1.03976757e+00
   3.02993300e-02  5.06392068e-02  7.09540203e-02  9.13285528e-02
   1.11863332e-01  1.32677365e-01  1.53911258e-01  1.75730751e-01
   1.98330664e-01  2.21939228e-01  2.46822735e-01  2.73290360e-01
   3.01698957e-01  3.32457453e-01  3.66030378e-01  4.02939798e-01
   4.43764758e-01  4.89137040e-01  5.39731836e-01  5.96251755e-01
   6.59402574e-01  7.29859406e-01  8.08222630e-01  8.94964109e-01
   9.90366041e-01  1.09445701e+00  1.20695232e+00  1.32720764e+00
   1.45419596e+00  1.58651663e+00  1.72244181e+00  1.86000000e+00
   1.99708944e+00  2.13160837e+00  2.26158529e+00  2.38529236e+00
   2.50132893e+00  2.60866799e+00  2.70666521e+00  2.79503589e+00
   2.87380862e+00  2.94326559e+00  3.00387868e+00  3.05624824e+00
   3.10104941e+00  3.13898796e+00  3.17076649e+00  3.19706020e+00
   3.21850087e+00  3.23566755e+00  3.24908229e+00  3.25920964e+00
   3.26645852e+00  3.27118577e+00  3.27370059e+00  3.27426925e+00
   3.27311999e+00  3.27044763e+00  3.26641792e+00  3.26117145e+00
   3.25482723e+00  3.24748579e+00  3.23923192e+00  3.23013702e+00
   3.22026115e+00  3.20965482e+00  3.19836042e+00  3.18641354e+00
   3.17384403e+00  3.16067692e+00  3.14693319e+00  3.13263040e+00
   3.11778328e+00  3.10240416e+00  3.08650336e+00  3.07008952e+00
   3.05316986e+00  3.03575045e+00  3.01783634e+00  2.99943178e+00]
 [-4.41350475e-01 -4.24668816e-01 -4.09323087e-01 -3.95278130e-01
  -3.82498785e-01 -3.70949891e-01 -3.60596285e-01 -3.51402802e-01
  -3.43334275e-01 -3.36355529e-01 -3.30431386e-01 -3.25526660e-01
  -3.21606150e-01 -3.18634644e-01 -3.16576906e-01 -3.15397671e-01
  -3.15061636e-01 -3.15533443e-01 -3.16777659e-01 -3.18758750e-01
  -3.21441046e-01 -3.24788686e-01 -3.28765549e-01 -3.33335164e-01
  -3.38460576e-01 -3.44104170e-01 -3.50227429e-01 -3.56790607e-01
  -3.63752273e-01 -3.71068700e-01 -3.78693023e-01 -3.86574093e-01
  -3.94654918e-01 -4.02870540e-01 -4.11145145e-01 -4.19388159e-01
  -4.27488953e-01 -4.35309732e-01 -4.42676012e-01 -4.49363985e-01
  -4.55083946e-01 -4.59458910e-01 -4.61997688e-01 -4.62062206e-01
  -4.58830093e-01 -4.51256044e-01 -4.38039858e-01 -4.17615991e-01
  -3.88188843e-01 -3.47847526e-01 -2.94797124e-01 -2.27728053e-01
  -1.46296803e-01 -5.16074332e-02  5.35040817e-02  1.64596739e-01
   2.76251896e-01  3.83050911e-01  4.80552781e-01  5.65921531e-01
   6.38053102e-01  6.97291004e-01  7.44944820e-01  7.82809469e-01
   8.12795835e-01  8.36699522e-01  8.56086071e-01  8.72255684e-01
   8.86253666e-01  8.98902388e-01  9.10839923e-01  9.22557462e-01
   9.34431990e-01  9.46753210e-01  9.59744931e-01  9.73581637e-01
   9.88401123e-01  1.00431402e+00  1.02141090e+00  1.03976757e+00
   3.02993300e-02  5.06392068e-02  7.09540203e-02  9.13285528e-02
   1.11863332e-01  1.32677365e-01  1.53911258e-01  1.75730751e-01
   1.98330664e-01  2.21939228e-01  2.46822735e-01  2.73290360e-01
   3.01698957e-01  3.32457453e-01  3.66030378e-01  4.02939798e-01
   4.43764758e-01  4.89137040e-01  5.39731836e-01  5.96251755e-01
   6.59402574e-01  7.29859406e-01  8.08222630e-01  8.94964109e-01
   9.90366041e-01  1.09445701e+00  1.20695232e+00  1.32720764e+00
   1.45419596e+00  1.58651663e+00  1.72244181e+00  1.86000000e+00
   1.99708944e+00  2.13160837e+00  2.26158529e+00  2.38529236e+00
   2.50132893e+00  2.60866799e+00  2.70666521e+00  2.79503589e+00
   2.87380862e+00  2.94326559e+00  3.00387868e+00  3.05624824e+00
   3.10104941e+00  3.13898796e+00  3.17076649e+00  3.19706020e+00
   3.21850087e+00  3.23566755e+00  3.24908229e+00  3.25920964e+00
   3.26645852e+00  3.27118577e+00  3.27370059e+00  3.27426925e+00
   3.27311999e+00  3.27044763e+00  3.26641792e+00  3.26117145e+00
   3.25482723e+00  3.24748579e+00  3.23923192e+00  3.23013702e+00
   3.22026115e+00  3.20965482e+00  3.19836042e+00  3.18641354e+00
   3.17384403e+00  3.16067692e+00  3.14693319e+00  3.13263040e+00
   3.11778328e+00  3.10240416e+00  3.08650336e+00  3.07008952e+00
   3.05316986e+00  3.03575045e+00  3.01783634e+00  2.99943178e+00]
 [-4.41350475e-01 -4.24668816e-01 -4.09323087e-01 -3.95278130e-01
  -3.82498785e-01 -3.70949891e-01 -3.60596285e-01 -3.51402802e-01
  -3.43334275e-01 -3.36355529e-01 -3.30431386e-01 -3.25526660e-01
  -3.21606150e-01 -3.18634644e-01 -3.16576906e-01 -3.15397671e-01
  -3.15061636e-01 -3.15533443e-01 -3.16777659e-01 -3.18758750e-01
  -3.21441046e-01 -3.24788686e-01 -3.28765549e-01 -3.33335164e-01
  -3.38460576e-01 -3.44104170e-01 -3.50227429e-01 -3.56790607e-01
  -3.63752273e-01 -3.71068700e-01 -3.78693023e-01 -3.86574093e-01
  -3.94654918e-01 -4.02870540e-01 -4.11145145e-01 -4.19388159e-01
  -4.27488953e-01 -4.35309732e-01 -4.42676012e-01 -4.49363985e-01
  -4.55083946e-01 -4.59458910e-01 -4.61997688e-01 -4.62062206e-01
  -4.58830093e-01 -4.51256044e-01 -4.38039858e-01 -4.17615991e-01
  -3.88188843e-01 -3.47847526e-01 -2.94797124e-01 -2.27728053e-01
  -1.46296803e-01 -5.16074332e-02  5.35040817e-02  1.64596739e-01
   2.76251896e-01  3.83050911e-01  4.80552781e-01  5.65921531e-01
   6.38053102e-01  6.97291004e-01  7.44944820e-01  7.82809469e-01
   8.12795835e-01  8.36699522e-01  8.56086071e-01  8.72255684e-01
   8.86253666e-01  8.98902388e-01  9.10839923e-01  9.22557462e-01
   9.34431990e-01  9.46753210e-01  9.59744931e-01  9.73581637e-01
   9.88401123e-01  1.00431402e+00  1.02141090e+00  1.03976757e+00
   3.02993300e-02  5.06392068e-02  7.09540203e-02  9.13285528e-02
   1.11863332e-01  1.32677365e-01  1.53911258e-01  1.75730751e-01
   1.98330664e-01  2.21939228e-01  2.46822735e-01  2.73290360e-01
   3.01698957e-01  3.32457453e-01  3.66030378e-01  4.02939798e-01
   4.43764758e-01  4.89137040e-01  5.39731836e-01  5.96251755e-01
   6.59402574e-01  7.29859406e-01  8.08222630e-01  8.94964109e-01
   9.90366041e-01  1.09445701e+00  1.20695232e+00  1.32720764e+00
   1.45419596e+00  1.58651663e+00  1.72244181e+00  1.86000000e+00
   1.99708944e+00  2.13160837e+00  2.26158529e+00  2.38529236e+00
   2.50132893e+00  2.60866799e+00  2.70666521e+00  2.79503589e+00
   2.87380862e+00  2.94326559e+00  3.00387868e+00  3.05624824e+00
   3.10104941e+00  3.13898796e+00  3.17076649e+00  3.19706020e+00
   3.21850087e+00  3.23566755e+00  3.24908229e+00  3.25920964e+00
   3.26645852e+00  3.27118577e+00  3.27370059e+00  3.27426925e+00
   3.27311999e+00  3.27044763e+00  3.26641792e+00  3.26117145e+00
   3.25482723e+00  3.24748579e+00  3.23923192e+00  3.23013702e+00
   3.22026115e+00  3.20965482e+00  3.19836042e+00  3.18641354e+00
   3.17384403e+00  3.16067692e+00  3.14693319e+00  3.13263040e+00
   3.11778328e+00  3.10240416e+00  3.08650336e+00  3.07008952e+00
   3.05316986e+00  3.03575045e+00  3.01783634e+00  2.99943178e+00]
 [-4.41350475e-01 -4.24668816e-01 -4.09323087e-01 -3.95278130e-01
  -3.82498785e-01 -3.70949891e-01 -3.60596285e-01 -3.51402802e-01
  -3.43334275e-01 -3.36355529e-01 -3.30431386e-01 -3.25526660e-01
  -3.21606150e-01 -3.18634644e-01 -3.16576906e-01 -3.15397671e-01
  -3.15061636e-01 -3.15533443e-01 -3.16777659e-01 -3.18758750e-01
  -3.21441046e-01 -3.24788686e-01 -3.28765549e-01 -3.33335164e-01
  -3.38460576e-01 -3.44104170e-01 -3.50227429e-01 -3.56790607e-01
  -3.63752273e-01 -3.71068700e-01 -3.78693023e-01 -3.86574093e-01
  -3.94654918e-01 -4.02870540e-01 -4.11145145e-01 -4.19388159e-01
  -4.27488953e-01 -4.35309732e-01 -4.42676012e-01 -4.49363985e-01
  -4.55083946e-01 -4.59458910e-01 -4.61997688e-01 -4.62062206e-01
  -4.58830093e-01 -4.51256044e-01 -4.38039858e-01 -4.17615991e-01
  -3.88188843e-01 -3.47847526e-01 -2.94797124e-01 -2.27728053e-01
  -1.46296803e-01 -5.16074332e-02  5.35040817e-02  1.64596739e-01
   2.76251896e-01  3.83050911e-01  4.80552781e-01  5.65921531e-01
   6.38053102e-01  6.97291004e-01  7.44944820e-01  7.82809469e-01
   8.12795835e-01  8.36699522e-01  8.56086071e-01  8.72255684e-01
   8.86253666e-01  8.98902388e-01  9.10839923e-01  9.22557462e-01
   9.34431990e-01  9.46753210e-01  9.59744931e-01  9.73581637e-01
   9.88401123e-01  1.00431402e+00  1.02141090e+00  1.03976757e+00
   3.02993300e-02  5.06392068e-02  7.09540203e-02  9.13285528e-02
   1.11863332e-01  1.32677365e-01  1.53911258e-01  1.75730751e-01
   1.98330664e-01  2.21939228e-01  2.46822735e-01  2.73290360e-01
   3.01698957e-01  3.32457453e-01  3.66030378e-01  4.02939798e-01
   4.43764758e-01  4.89137040e-01  5.39731836e-01  5.96251755e-01
   6.59402574e-01  7.29859406e-01  8.08222630e-01  8.94964109e-01
   9.90366041e-01  1.09445701e+00  1.20695232e+00  1.32720764e+00
   1.45419596e+00  1.58651663e+00  1.72244181e+00  1.86000000e+00
   1.99708944e+00  2.13160837e+00  2.26158529e+00  2.38529236e+00
   2.50132893e+00  2.60866799e+00  2.70666521e+00  2.79503589e+00
   2.87380862e+00  2.94326559e+00  3.00387868e+00  3.05624824e+00
   3.10104941e+00  3.13898796e+00  3.17076649e+00  3.19706020e+00
   3.21850087e+00  3.23566755e+00  3.24908229e+00  3.25920964e+00
   3.26645852e+00  3.27118577e+00  3.27370059e+00  3.27426925e+00
   3.27311999e+00  3.27044763e+00  3.26641792e+00  3.26117145e+00
   3.25482723e+00  3.24748579e+00  3.23923192e+00  3.23013702e+00
   3.22026115e+00  3.20965482e+00  3.19836042e+00  3.18641354e+00
   3.17384403e+00  3.16067692e+00  3.14693319e+00  3.13263040e+00
   3.11778328e+00  3.10240416e+00  3.08650336e+00  3.07008952e+00
   3.05316986e+00  3.03575045e+00  3.01783634e+00  2.99943178e+00]
 [-4.41350475e-01 -4.24668816e-01 -4.09323087e-01 -3.95278130e-01
  -3.82498785e-01 -3.70949891e-01 -3.60596285e-01 -3.51402802e-01
  -3.43334275e-01 -3.36355529e-01 -3.30431386e-01 -3.25526660e-01
  -3.21606150e-01 -3.18634644e-01 -3.16576906e-01 -3.15397671e-01
  -3.15061636e-01 -3.15533443e-01 -3.16777659e-01 -3.18758750e-01
  -3.21441046e-01 -3.24788686e-01 -3.28765549e-01 -3.33335164e-01
  -3.38460576e-01 -3.44104170e-01 -3.50227429e-01 -3.56790607e-01
  -3.63752273e-01 -3.71068700e-01 -3.78693023e-01 -3.86574093e-01
  -3.94654918e-01 -4.02870540e-01 -4.11145145e-01 -4.19388159e-01
  -4.27488953e-01 -4.35309732e-01 -4.42676012e-01 -4.49363985e-01
  -4.55083946e-01 -4.59458910e-01 -4.61997688e-01 -4.62062206e-01
  -4.58830093e-01 -4.51256044e-01 -4.38039858e-01 -4.17615991e-01
  -3.88188843e-01 -3.47847526e-01 -2.94797124e-01 -2.27728053e-01
  -1.46296803e-01 -5.16074332e-02  5.35040817e-02  1.64596739e-01
   2.76251896e-01  3.83050911e-01  4.80552781e-01  5.65921531e-01
   6.38053102e-01  6.97291004e-01  7.44944820e-01  7.82809469e-01
   8.12795835e-01  8.36699522e-01  8.56086071e-01  8.72255684e-01
   8.86253666e-01  8.98902388e-01  9.10839923e-01  9.22557462e-01
   9.34431990e-01  9.46753210e-01  9.59744931e-01  9.73581637e-01
   9.88401123e-01  1.00431402e+00  1.02141090e+00  1.03976757e+00
   3.02993300e-02  5.06392068e-02  7.09540203e-02  9.13285528e-02
   1.11863332e-01  1.32677365e-01  1.53911258e-01  1.75730751e-01
   1.98330664e-01  2.21939228e-01  2.46822735e-01  2.73290360e-01
   3.01698957e-01  3.32457453e-01  3.66030378e-01  4.02939798e-01
   4.43764758e-01  4.89137040e-01  5.39731836e-01  5.96251755e-01
   6.59402574e-01  7.29859406e-01  8.08222630e-01  8.94964109e-01
   9.90366041e-01  1.09445701e+00  1.20695232e+00  1.32720764e+00
   1.45419596e+00  1.58651663e+00  1.72244181e+00  1.86000000e+00
   1.99708944e+00  2.13160837e+00  2.26158529e+00  2.38529236e+00
   2.50132893e+00  2.60866799e+00  2.70666521e+00  2.79503589e+00
   2.87380862e+00  2.94326559e+00  3.00387868e+00  3.05624824e+00
   3.10104941e+00  3.13898796e+00  3.17076649e+00  3.19706020e+00
   3.21850087e+00  3.23566755e+00  3.24908229e+00  3.25920964e+00
   3.26645852e+00  3.27118577e+00  3.27370059e+00  3.27426925e+00
   3.27311999e+00  3.27044763e+00  3.26641792e+00  3.26117145e+00
   3.25482723e+00  3.24748579e+00  3.23923192e+00  3.23013702e+00
   3.22026115e+00  3.20965482e+00  3.19836042e+00  3.18641354e+00
   3.17384403e+00  3.16067692e+00  3.14693319e+00  3.13263040e+00
   3.11778328e+00  3.10240416e+00  3.08650336e+00  3.07008952e+00
   3.05316986e+00  3.03575045e+00  3.01783634e+00  2.99943178e+00]
 [-4.41350475e-01 -4.24668816e-01 -4.09323087e-01 -3.95278130e-01
  -3.82498785e-01 -3.70949891e-01 -3.60596285e-01 -3.51402802e-01
  -3.43334275e-01 -3.36355529e-01 -3.30431386e-01 -3.25526660e-01
  -3.21606150e-01 -3.18634644e-01 -3.16576906e-01 -3.15397671e-01
  -3.15061636e-01 -3.15533443e-01 -3.16777659e-01 -3.18758750e-01
  -3.21441046e-01 -3.24788686e-01 -3.28765549e-01 -3.33335164e-01
  -3.38460576e-01 -3.44104170e-01 -3.50227429e-01 -3.56790607e-01
  -3.63752273e-01 -3.71068700e-01 -3.78693023e-01 -3.86574093e-01
  -3.94654918e-01 -4.02870540e-01 -4.11145145e-01 -4.19388159e-01
  -4.27488953e-01 -4.35309732e-01 -4.42676012e-01 -4.49363985e-01
  -4.55083946e-01 -4.59458910e-01 -4.61997688e-01 -4.62062206e-01
  -4.58830093e-01 -4.51256044e-01 -4.38039858e-01 -4.17615991e-01
  -3.88188843e-01 -3.47847526e-01 -2.94797124e-01 -2.27728053e-01
  -1.46296803e-01 -5.16074332e-02  5.35040817e-02  1.64596739e-01
   2.76251896e-01  3.83050911e-01  4.80552781e-01  5.65921531e-01
   6.38053102e-01  6.97291004e-01  7.44944820e-01  7.82809469e-01
   8.12795835e-01  8.36699522e-01  8.56086071e-01  8.72255684e-01
   8.86253666e-01  8.98902388e-01  9.10839923e-01  9.22557462e-01
   9.34431990e-01  9.46753210e-01  9.59744931e-01  9.73581637e-01
   9.88401123e-01  1.00431402e+00  1.02141090e+00  1.03976757e+00
   3.02993300e-02  5.06392068e-02  7.09540203e-02  9.13285528e-02
   1.11863332e-01  1.32677365e-01  1.53911258e-01  1.75730751e-01
   1.98330664e-01  2.21939228e-01  2.46822735e-01  2.73290360e-01
   3.01698957e-01  3.32457453e-01  3.66030378e-01  4.02939798e-01
   4.43764758e-01  4.89137040e-01  5.39731836e-01  5.96251755e-01
   6.59402574e-01  7.29859406e-01  8.08222630e-01  8.94964109e-01
   9.90366041e-01  1.09445701e+00  1.20695232e+00  1.32720764e+00
   1.45419596e+00  1.58651663e+00  1.72244181e+00  1.86000000e+00
   1.99708944e+00  2.13160837e+00  2.26158529e+00  2.38529236e+00
   2.50132893e+00  2.60866799e+00  2.70666521e+00  2.79503589e+00
   2.87380862e+00  2.94326559e+00  3.00387868e+00  3.05624824e+00
   3.10104941e+00  3.13898796e+00  3.17076649e+00  3.19706020e+00
   3.21850087e+00  3.23566755e+00  3.24908229e+00  3.25920964e+00
   3.26645852e+00  3.27118577e+00  3.27370059e+00  3.27426925e+00
   3.27311999e+00  3.27044763e+00  3.26641792e+00  3.26117145e+00
   3.25482723e+00  3.24748579e+00  3.23923192e+00  3.23013702e+00
   3.22026115e+00  3.20965482e+00  3.19836042e+00  3.18641354e+00
   3.17384403e+00  3.16067692e+00  3.14693319e+00  3.13263040e+00
   3.11778328e+00  3.10240416e+00  3.08650336e+00  3.07008952e+00
   3.05316986e+00  3.03575045e+00  3.01783634e+00  2.99943178e+00]
 [-4.41350475e-01 -4.24668816e-01 -4.09323087e-01 -3.95278130e-01
  -3.82498785e-01 -3.70949891e-01 -3.60596285e-01 -3.51402802e-01
  -3.43334275e-01 -3.36355529e-01 -3.30431386e-01 -3.25526660e-01
  -3.21606150e-01 -3.18634644e-01 -3.16576906e-01 -3.15397671e-01
  -3.15061636e-01 -3.15533443e-01 -3.16777659e-01 -3.18758750e-01
  -3.21441046e-01 -3.24788686e-01 -3.28765549e-01 -3.33335164e-01
  -3.38460576e-01 -3.44104170e-01 -3.50227429e-01 -3.56790607e-01
  -3.63752273e-01 -3.71068700e-01 -3.78693023e-01 -3.86574093e-01
  -3.94654918e-01 -4.02870540e-01 -4.11145145e-01 -4.19388159e-01
  -4.27488953e-01 -4.35309732e-01 -4.42676012e-01 -4.49363985e-01
  -4.55083946e-01 -4.59458910e-01 -4.61997688e-01 -4.62062206e-01
  -4.58830093e-01 -4.51256044e-01 -4.38039858e-01 -4.17615991e-01
  -3.88188843e-01 -3.47847526e-01 -2.94797124e-01 -2.27728053e-01
  -1.46296803e-01 -5.16074332e-02  5.35040817e-02  1.64596739e-01
   2.76251896e-01  3.83050911e-01  4.80552781e-01  5.65921531e-01
   6.38053102e-01  6.97291004e-01  7.44944820e-01  7.82809469e-01
   8.12795835e-01  8.36699522e-01  8.56086071e-01  8.72255684e-01
   8.86253666e-01  8.98902388e-01  9.10839923e-01  9.22557462e-01
   9.34431990e-01  9.46753210e-01  9.59744931e-01  9.73581637e-01
   9.88401123e-01  1.00431402e+00  1.02141090e+00  1.03976757e+00
   3.02993300e-02  5.06392068e-02  7.09540203e-02  9.13285528e-02
   1.11863332e-01  1.32677365e-01  1.53911258e-01  1.75730751e-01
   1.98330664e-01  2.21939228e-01  2.46822735e-01  2.73290360e-01
   3.01698957e-01  3.32457453e-01  3.66030378e-01  4.02939798e-01
   4.43764758e-01  4.89137040e-01  5.39731836e-01  5.96251755e-01
   6.59402574e-01  7.29859406e-01  8.08222630e-01  8.94964109e-01
   9.90366041e-01  1.09445701e+00  1.20695232e+00  1.32720764e+00
   1.45419596e+00  1.58651663e+00  1.72244181e+00  1.86000000e+00
   1.99708944e+00  2.13160837e+00  2.26158529e+00  2.38529236e+00
   2.50132893e+00  2.60866799e+00  2.70666521e+00  2.79503589e+00
   2.87380862e+00  2.94326559e+00  3.00387868e+00  3.05624824e+00
   3.10104941e+00  3.13898796e+00  3.17076649e+00  3.19706020e+00
   3.21850087e+00  3.23566755e+00  3.24908229e+00  3.25920964e+00
   3.26645852e+00  3.27118577e+00  3.27370059e+00  3.27426925e+00
   3.27311999e+00  3.27044763e+00  3.26641792e+00  3.26117145e+00
   3.25482723e+00  3.24748579e+00  3.23923192e+00  3.23013702e+00
   3.22026115e+00  3.20965482e+00  3.19836042e+00  3.18641354e+00
   3.17384403e+00  3.16067692e+00  3.14693319e+00  3.13263040e+00
   3.11778328e+00  3.10240416e+00  3.08650336e+00  3.07008952e+00
   3.05316986e+00  3.03575045e+00  3.01783634e+00  2.99943178e+00]
 [-4.41350475e-01 -4.24668816e-01 -4.09323087e-01 -3.95278130e-01
  -3.82498785e-01 -3.70949891e-01 -3.60596285e-01 -3.51402802e-01
  -3.43334275e-01 -3.36355529e-01 -3.30431386e-01 -3.25526660e-01
  -3.21606150e-01 -3.18634644e-01 -3.16576906e-01 -3.15397671e-01
  -3.15061636e-01 -3.15533443e-01 -3.16777659e-01 -3.18758750e-01
  -3.21441046e-01 -3.24788686e-01 -3.28765549e-01 -3.33335164e-01
  -3.38460576e-01 -3.44104170e-01 -3.50227429e-01 -3.56790607e-01
  -3.63752273e-01 -3.71068700e-01 -3.78693023e-01 -3.86574093e-01
  -3.94654918e-01 -4.02870540e-01 -4.11145145e-01 -4.19388159e-01
  -4.27488953e-01 -4.35309732e-01 -4.42676012e-01 -4.49363985e-01
  -4.55083946e-01 -4.59458910e-01 -4.61997688e-01 -4.62062206e-01
  -4.58830093e-01 -4.51256044e-01 -4.38039858e-01 -4.17615991e-01
  -3.88188843e-01 -3.47847526e-01 -2.94797124e-01 -2.27728053e-01
  -1.46296803e-01 -5.16074332e-02  5.35040817e-02  1.64596739e-01
   2.76251896e-01  3.83050911e-01  4.80552781e-01  5.65921531e-01
   6.38053102e-01  6.97291004e-01  7.44944820e-01  7.82809469e-01
   8.12795835e-01  8.36699522e-01  8.56086071e-01  8.72255684e-01
   8.86253666e-01  8.98902388e-01  9.10839923e-01  9.22557462e-01
   9.34431990e-01  9.46753210e-01  9.59744931e-01  9.73581637e-01
   9.88401123e-01  1.00431402e+00  1.02141090e+00  1.03976757e+00
   3.02993300e-02  5.06392068e-02  7.09540203e-02  9.13285528e-02
   1.11863332e-01  1.32677365e-01  1.53911258e-01  1.75730751e-01
   1.98330664e-01  2.21939228e-01  2.46822735e-01  2.73290360e-01
   3.01698957e-01  3.32457453e-01  3.66030378e-01  4.02939798e-01
   4.43764758e-01  4.89137040e-01  5.39731836e-01  5.96251755e-01
   6.59402574e-01  7.29859406e-01  8.08222630e-01  8.94964109e-01
   9.90366041e-01  1.09445701e+00  1.20695232e+00  1.32720764e+00
   1.45419596e+00  1.58651663e+00  1.72244181e+00  1.86000000e+00
   1.99708944e+00  2.13160837e+00  2.26158529e+00  2.38529236e+00
   2.50132893e+00  2.60866799e+00  2.70666521e+00  2.79503589e+00
   2.87380862e+00  2.94326559e+00  3.00387868e+00  3.05624824e+00
   3.10104941e+00  3.13898796e+00  3.17076649e+00  3.19706020e+00
   3.21850087e+00  3.23566755e+00  3.24908229e+00  3.25920964e+00
   3.26645852e+00  3.27118577e+00  3.27370059e+00  3.27426925e+00
   3.27311999e+00  3.27044763e+00  3.26641792e+00  3.26117145e+00
   3.25482723e+00  3.24748579e+00  3.23923192e+00  3.23013702e+00
   3.22026115e+00  3.20965482e+00  3.19836042e+00  3.18641354e+00
   3.17384403e+00  3.16067692e+00  3.14693319e+00  3.13263040e+00
   3.11778328e+00  3.10240416e+00  3.08650336e+00  3.07008952e+00
   3.05316986e+00  3.03575045e+00  3.01783634e+00  2.99943178e+00]
 [-4.41350475e-01 -4.24668816e-01 -4.09323087e-01 -3.95278130e-01
  -3.82498785e-01 -3.70949891e-01 -3.60596285e-01 -3.51402802e-01
  -3.43334275e-01 -3.36355529e-01 -3.30431386e-01 -3.25526660e-01
  -3.21606150e-01 -3.18634644e-01 -3.16576906e-01 -3.15397671e-01
  -3.15061636e-01 -3.15533443e-01 -3.16777659e-01 -3.18758750e-01
  -3.21441046e-01 -3.24788686e-01 -3.28765549e-01 -3.33335164e-01
  -3.38460576e-01 -3.44104170e-01 -3.50227429e-01 -3.56790607e-01
  -3.63752273e-01 -3.71068700e-01 -3.78693023e-01 -3.86574093e-01
  -3.94654918e-01 -4.02870540e-01 -4.11145145e-01 -4.19388159e-01
  -4.27488953e-01 -4.35309732e-01 -4.42676012e-01 -4.49363985e-01
  -4.55083946e-01 -4.59458910e-01 -4.61997688e-01 -4.62062206e-01
  -4.58830093e-01 -4.51256044e-01 -4.38039858e-01 -4.17615991e-01
  -3.88188843e-01 -3.47847526e-01 -2.94797124e-01 -2.27728053e-01
  -1.46296803e-01 -5.16074332e-02  5.35040817e-02  1.64596739e-01
   2.76251896e-01  3.83050911e-01  4.80552781e-01  5.65921531e-01
   6.38053102e-01  6.97291004e-01  7.44944820e-01  7.82809469e-01
   8.12795835e-01  8.36699522e-01  8.56086071e-01  8.72255684e-01
   8.86253666e-01  8.98902388e-01  9.10839923e-01  9.22557462e-01
   9.34431990e-01  9.46753210e-01  9.59744931e-01  9.73581637e-01
   9.88401123e-01  1.00431402e+00  1.02141090e+00  1.03976757e+00
   3.02993300e-02  5.06392068e-02  7.09540203e-02  9.13285528e-02
   1.11863332e-01  1.32677365e-01  1.53911258e-01  1.75730751e-01
   1.98330664e-01  2.21939228e-01  2.46822735e-01  2.73290360e-01
   3.01698957e-01  3.32457453e-01  3.66030378e-01  4.02939798e-01
   4.43764758e-01  4.89137040e-01  5.39731836e-01  5.96251755e-01
   6.59402574e-01  7.29859406e-01  8.08222630e-01  8.94964109e-01
   9.90366041e-01  1.09445701e+00  1.20695232e+00  1.32720764e+00
   1.45419596e+00  1.58651663e+00  1.72244181e+00  1.86000000e+00
   1.99708944e+00  2.13160837e+00  2.26158529e+00  2.38529236e+00
   2.50132893e+00  2.60866799e+00  2.70666521e+00  2.79503589e+00
   2.87380862e+00  2.94326559e+00  3.00387868e+00  3.05624824e+00
   3.10104941e+00  3.13898796e+00  3.17076649e+00  3.19706020e+00
   3.21850087e+00  3.23566755e+00  3.24908229e+00  3.25920964e+00
   3.26645852e+00  3.27118577e+00  3.27370059e+00  3.27426925e+00
   3.27311999e+00  3.27044763e+00  3.26641792e+00  3.26117145e+00
   3.25482723e+00  3.24748579e+00  3.23923192e+00  3.23013702e+00
   3.22026115e+00  3.20965482e+00  3.19836042e+00  3.18641354e+00
   3.17384403e+00  3.16067692e+00  3.14693319e+00  3.13263040e+00
   3.11778328e+00  3.10240416e+00  3.08650336e+00  3.07008952e+00
   3.05316986e+00  3.03575045e+00  3.01783634e+00  2.99943178e+00]
 [-4.41350475e-01 -4.24668816e-01 -4.09323087e-01 -3.95278130e-01
  -3.82498785e-01 -3.70949891e-01 -3.60596285e-01 -3.51402802e-01
  -3.43334275e-01 -3.36355529e-01 -3.30431386e-01 -3.25526660e-01
  -3.21606150e-01 -3.18634644e-01 -3.16576906e-01 -3.15397671e-01
  -3.15061636e-01 -3.15533443e-01 -3.16777659e-01 -3.18758750e-01
  -3.21441046e-01 -3.24788686e-01 -3.28765549e-01 -3.33335164e-01
  -3.38460576e-01 -3.44104170e-01 -3.50227429e-01 -3.56790607e-01
  -3.63752273e-01 -3.71068700e-01 -3.78693023e-01 -3.86574093e-01
  -3.94654918e-01 -4.02870540e-01 -4.11145145e-01 -4.19388159e-01
  -4.27488953e-01 -4.35309732e-01 -4.42676012e-01 -4.49363985e-01
  -4.55083946e-01 -4.59458910e-01 -4.61997688e-01 -4.62062206e-01
  -4.58830093e-01 -4.51256044e-01 -4.38039858e-01 -4.17615991e-01
  -3.88188843e-01 -3.47847526e-01 -2.94797124e-01 -2.27728053e-01
  -1.46296803e-01 -5.16074332e-02  5.35040817e-02  1.64596739e-01
   2.76251896e-01  3.83050911e-01  4.80552781e-01  5.65921531e-01
   6.38053102e-01  6.97291004e-01  7.44944820e-01  7.82809469e-01
   8.12795835e-01  8.36699522e-01  8.56086071e-01  8.72255684e-01
   8.86253666e-01  8.98902388e-01  9.10839923e-01  9.22557462e-01
   9.34431990e-01  9.46753210e-01  9.59744931e-01  9.73581637e-01
   9.88401123e-01  1.00431402e+00  1.02141090e+00  1.03976757e+00
   3.02993300e-02  5.06392068e-02  7.09540203e-02  9.13285528e-02
   1.11863332e-01  1.32677365e-01  1.53911258e-01  1.75730751e-01
   1.98330664e-01  2.21939228e-01  2.46822735e-01  2.73290360e-01
   3.01698957e-01  3.32457453e-01  3.66030378e-01  4.02939798e-01
   4.43764758e-01  4.89137040e-01  5.39731836e-01  5.96251755e-01
   6.59402574e-01  7.29859406e-01  8.08222630e-01  8.94964109e-01
   9.90366041e-01  1.09445701e+00  1.20695232e+00  1.32720764e+00
   1.45419596e+00  1.58651663e+00  1.72244181e+00  1.86000000e+00
   1.99708944e+00  2.13160837e+00  2.26158529e+00  2.38529236e+00
   2.50132893e+00  2.60866799e+00  2.70666521e+00  2.79503589e+00
   2.87380862e+00  2.94326559e+00  3.00387868e+00  3.05624824e+00
   3.10104941e+00  3.13898796e+00  3.17076649e+00  3.19706020e+00
   3.21850087e+00  3.23566755e+00  3.24908229e+00  3.25920964e+00
   3.26645852e+00  3.27118577e+00  3.27370059e+00  3.27426925e+00
   3.27311999e+00  3.27044763e+00  3.26641792e+00  3.26117145e+00
   3.25482723e+00  3.24748579e+00  3.23923192e+00  3.23013702e+00
   3.22026115e+00  3.20965482e+00  3.19836042e+00  3.18641354e+00
   3.17384403e+00  3.16067692e+00  3.14693319e+00  3.13263040e+00
   3.11778328e+00  3.10240416e+00  3.08650336e+00  3.07008952e+00
   3.05316986e+00  3.03575045e+00  3.01783634e+00  2.99943178e+00]
 [-4.41350475e-01 -4.24668816e-01 -4.09323087e-01 -3.95278130e-01
  -3.82498785e-01 -3.70949891e-01 -3.60596285e-01 -3.51402802e-01
  -3.43334275e-01 -3.36355529e-01 -3.30431386e-01 -3.25526660e-01
  -3.21606150e-01 -3.18634644e-01 -3.16576906e-01 -3.15397671e-01
  -3.15061636e-01 -3.15533443e-01 -3.16777659e-01 -3.18758750e-01
  -3.21441046e-01 -3.24788686e-01 -3.28765549e-01 -3.33335164e-01
  -3.38460576e-01 -3.44104170e-01 -3.50227429e-01 -3.56790607e-01
  -3.63752273e-01 -3.71068700e-01 -3.78693023e-01 -3.86574093e-01
  -3.94654918e-01 -4.02870540e-01 -4.11145145e-01 -4.19388159e-01
  -4.27488953e-01 -4.35309732e-01 -4.42676012e-01 -4.49363985e-01
  -4.55083946e-01 -4.59458910e-01 -4.61997688e-01 -4.62062206e-01
  -4.58830093e-01 -4.51256044e-01 -4.38039858e-01 -4.17615991e-01
  -3.88188843e-01 -3.47847526e-01 -2.94797124e-01 -2.27728053e-01
  -1.46296803e-01 -5.16074332e-02  5.35040817e-02  1.64596739e-01
   2.76251896e-01  3.83050911e-01  4.80552781e-01  5.65921531e-01
   6.38053102e-01  6.97291004e-01  7.44944820e-01  7.82809469e-01
   8.12795835e-01  8.36699522e-01  8.56086071e-01  8.72255684e-01
   8.86253666e-01  8.98902388e-01  9.10839923e-01  9.22557462e-01
   9.34431990e-01  9.46753210e-01  9.59744931e-01  9.73581637e-01
   9.88401123e-01  1.00431402e+00  1.02141090e+00  1.03976757e+00
   3.02993300e-02  5.06392068e-02  7.09540203e-02  9.13285528e-02
   1.11863332e-01  1.32677365e-01  1.53911258e-01  1.75730751e-01
   1.98330664e-01  2.21939228e-01  2.46822735e-01  2.73290360e-01
   3.01698957e-01  3.32457453e-01  3.66030378e-01  4.02939798e-01
   4.43764758e-01  4.89137040e-01  5.39731836e-01  5.96251755e-01
   6.59402574e-01  7.29859406e-01  8.08222630e-01  8.94964109e-01
   9.90366041e-01  1.09445701e+00  1.20695232e+00  1.32720764e+00
   1.45419596e+00  1.58651663e+00  1.72244181e+00  1.86000000e+00
   1.99708944e+00  2.13160837e+00  2.26158529e+00  2.38529236e+00
   2.50132893e+00  2.60866799e+00  2.70666521e+00  2.79503589e+00
   2.87380862e+00  2.94326559e+00  3.00387868e+00  3.05624824e+00
   3.10104941e+00  3.13898796e+00  3.17076649e+00  3.19706020e+00
   3.21850087e+00  3.23566755e+00  3.24908229e+00  3.25920964e+00
   3.26645852e+00  3.27118577e+00  3.27370059e+00  3.27426925e+00
   3.27311999e+00  3.27044763e+00  3.26641792e+00  3.26117145e+00
   3.25482723e+00  3.24748579e+00  3.23923192e+00  3.23013702e+00
   3.22026115e+00  3.20965482e+00  3.19836042e+00  3.18641354e+00
   3.17384403e+00  3.16067692e+00  3.14693319e+00  3.13263040e+00
   3.11778328e+00  3.10240416e+00  3.08650336e+00  3.07008952e+00
   3.05316986e+00  3.03575045e+00  3.01783634e+00  2.99943178e+00]
 [-4.41350475e-01 -4.24668816e-01 -4.09323087e-01 -3.95278130e-01
  -3.82498785e-01 -3.70949891e-01 -3.60596285e-01 -3.51402802e-01
  -3.43334275e-01 -3.36355529e-01 -3.30431386e-01 -3.25526660e-01
  -3.21606150e-01 -3.18634644e-01 -3.16576906e-01 -3.15397671e-01
  -3.15061636e-01 -3.15533443e-01 -3.16777659e-01 -3.18758750e-01
  -3.21441046e-01 -3.24788686e-01 -3.28765549e-01 -3.33335164e-01
  -3.38460576e-01 -3.44104170e-01 -3.50227429e-01 -3.56790607e-01
  -3.63752273e-01 -3.71068700e-01 -3.78693023e-01 -3.86574093e-01
  -3.94654918e-01 -4.02870540e-01 -4.11145145e-01 -4.19388159e-01
  -4.27488953e-01 -4.35309732e-01 -4.42676012e-01 -4.49363985e-01
  -4.55083946e-01 -4.59458910e-01 -4.61997688e-01 -4.62062206e-01
  -4.58830093e-01 -4.51256044e-01 -4.38039858e-01 -4.17615991e-01
  -3.88188843e-01 -3.47847526e-01 -2.94797124e-01 -2.27728053e-01
  -1.46296803e-01 -5.16074332e-02  5.35040817e-02  1.64596739e-01
   2.76251896e-01  3.83050911e-01  4.80552781e-01  5.65921531e-01
   6.38053102e-01  6.97291004e-01  7.44944820e-01  7.82809469e-01
   8.12795835e-01  8.36699522e-01  8.56086071e-01  8.72255684e-01
   8.86253666e-01  8.98902388e-01  9.10839923e-01  9.22557462e-01
   9.34431990e-01  9.46753210e-01  9.59744931e-01  9.73581637e-01
   9.88401123e-01  1.00431402e+00  1.02141090e+00  1.03976757e+00
   3.02993300e-02  5.06392068e-02  7.09540203e-02  9.13285528e-02
   1.11863332e-01  1.32677365e-01  1.53911258e-01  1.75730751e-01
   1.98330664e-01  2.21939228e-01  2.46822735e-01  2.73290360e-01
   3.01698957e-01  3.32457453e-01  3.66030378e-01  4.02939798e-01
   4.43764758e-01  4.89137040e-01  5.39731836e-01  5.96251755e-01
   6.59402574e-01  7.29859406e-01  8.08222630e-01  8.94964109e-01
   9.90366041e-01  1.09445701e+00  1.20695232e+00  1.32720764e+00
   1.45419596e+00  1.58651663e+00  1.72244181e+00  1.86000000e+00
   1.99708944e+00  2.13160837e+00  2.26158529e+00  2.38529236e+00
   2.50132893e+00  2.60866799e+00  2.70666521e+00  2.79503589e+00
   2.87380862e+00  2.94326559e+00  3.00387868e+00  3.05624824e+00
   3.10104941e+00  3.13898796e+00  3.17076649e+00  3.19706020e+00
   3.21850087e+00  3.23566755e+00  3.24908229e+00  3.25920964e+00
   3.26645852e+00  3.27118577e+00  3.27370059e+00  3.27426925e+00
   3.27311999e+00  3.27044763e+00  3.26641792e+00  3.26117145e+00
   3.25482723e+00  3.24748579e+00  3.23923192e+00  3.23013702e+00
   3.22026115e+00  3.20965482e+00  3.19836042e+00  3.18641354e+00
   3.17384403e+00  3.16067692e+00  3.14693319e+00  3.13263040e+00
   3.11778328e+00  3.10240416e+00  3.08650336e+00  3.07008952e+00
   3.05316986e+00  3.03575045e+00  3.01783634e+00  2.99943178e+00]
 [-4.41350475e-01 -4.24668816e-01 -4.09323087e-01 -3.95278130e-01
  -3.82498785e-01 -3.70949891e-01 -3.60596285e-01 -3.51402802e-01
  -3.43334275e-01 -3.36355529e-01 -3.30431386e-01 -3.25526660e-01
  -3.21606150e-01 -3.18634644e-01 -3.16576906e-01 -3.15397671e-01
  -3.15061636e-01 -3.15533443e-01 -3.16777659e-01 -3.18758750e-01
  -3.21441046e-01 -3.24788686e-01 -3.28765549e-01 -3.33335164e-01
  -3.38460576e-01 -3.44104170e-01 -3.50227429e-01 -3.56790607e-01
  -3.63752273e-01 -3.71068700e-01 -3.78693023e-01 -3.86574093e-01
  -3.94654918e-01 -4.02870540e-01 -4.11145145e-01 -4.19388159e-01
  -4.27488953e-01 -4.35309732e-01 -4.42676012e-01 -4.49363985e-01
  -4.55083946e-01 -4.59458910e-01 -4.61997688e-01 -4.62062206e-01
  -4.58830093e-01 -4.51256044e-01 -4.38039858e-01 -4.17615991e-01
  -3.88188843e-01 -3.47847526e-01 -2.94797124e-01 -2.27728053e-01
  -1.46296803e-01 -5.16074332e-02  5.35040817e-02  1.64596739e-01
   2.76251896e-01  3.83050911e-01  4.80552781e-01  5.65921531e-01
   6.38053102e-01  6.97291004e-01  7.44944820e-01  7.82809469e-01
   8.12795835e-01  8.36699522e-01  8.56086071e-01  8.72255684e-01
   8.86253666e-01  8.98902388e-01  9.10839923e-01  9.22557462e-01
   9.34431990e-01  9.46753210e-01  9.59744931e-01  9.73581637e-01
   9.88401123e-01  1.00431402e+00  1.02141090e+00  1.03976757e+00
   3.02993300e-02  5.06392068e-02  7.09540203e-02  9.13285528e-02
   1.11863332e-01  1.32677365e-01  1.53911258e-01  1.75730751e-01
   1.98330664e-01  2.21939228e-01  2.46822735e-01  2.73290360e-01
   3.01698957e-01  3.32457453e-01  3.66030378e-01  4.02939798e-01
   4.43764758e-01  4.89137040e-01  5.39731836e-01  5.96251755e-01
   6.59402574e-01  7.29859406e-01  8.08222630e-01  8.94964109e-01
   9.90366041e-01  1.09445701e+00  1.20695232e+00  1.32720764e+00
   1.45419596e+00  1.58651663e+00  1.72244181e+00  1.86000000e+00
   1.99708944e+00  2.13160837e+00  2.26158529e+00  2.38529236e+00
   2.50132893e+00  2.60866799e+00  2.70666521e+00  2.79503589e+00
   2.87380862e+00  2.94326559e+00  3.00387868e+00  3.05624824e+00
   3.10104941e+00  3.13898796e+00  3.17076649e+00  3.19706020e+00
   3.21850087e+00  3.23566755e+00  3.24908229e+00  3.25920964e+00
   3.26645852e+00  3.27118577e+00  3.27370059e+00  3.27426925e+00
   3.27311999e+00  3.27044763e+00  3.26641792e+00  3.26117145e+00
   3.25482723e+00  3.24748579e+00  3.23923192e+00  3.23013702e+00
   3.22026115e+00  3.20965482e+00  3.19836042e+00  3.18641354e+00
   3.17384403e+00  3.16067692e+00  3.14693319e+00  3.13263040e+00
   3.11778328e+00  3.10240416e+00  3.08650336e+00  3.07008952e+00
   3.05316986e+00  3.03575045e+00  3.01783634e+00  2.99943178e+00]
 [-4.41350475e-01 -4.24668816e-01 -4.09323087e-01 -3.95278130e-01
  -3.82498785e-01 -3.70949891e-01 -3.60596285e-01 -3.51402802e-01
  -3.43334275e-01 -3.36355529e-01 -3.30431386e-01 -3.25526660e-01
  -3.21606150e-01 -3.18634644e-01 -3.16576906e-01 -3.15397671e-01
  -3.15061636e-01 -3.15533443e-01 -3.16777659e-01 -3.18758750e-01
  -3.21441046e-01 -3.24788686e-01 -3.28765549e-01 -3.33335164e-01
  -3.38460576e-01 -3.44104170e-01 -3.50227429e-01 -3.56790607e-01
  -3.63752273e-01 -3.71068700e-01 -3.78693023e-01 -3.86574093e-01
  -3.94654918e-01 -4.02870540e-01 -4.11145145e-01 -4.19388159e-01
  -4.27488953e-01 -4.35309732e-01 -4.42676012e-01 -4.49363985e-01
  -4.55083946e-01 -4.59458910e-01 -4.61997688e-01 -4.62062206e-01
  -4.58830093e-01 -4.51256044e-01 -4.38039858e-01 -4.17615991e-01
  -3.88188843e-01 -3.47847526e-01 -2.94797124e-01 -2.27728053e-01
  -1.46296803e-01 -5.16074332e-02  5.35040817e-02  1.64596739e-01
   2.76251896e-01  3.83050911e-01  4.80552781e-01  5.65921531e-01
   6.38053102e-01  6.97291004e-01  7.44944820e-01  7.82809469e-01
   8.12795835e-01  8.36699522e-01  8.56086071e-01  8.72255684e-01
   8.86253666e-01  8.98902388e-01  9.10839923e-01  9.22557462e-01
   9.34431990e-01  9.46753210e-01  9.59744931e-01  9.73581637e-01
   9.88401123e-01  1.00431402e+00  1.02141090e+00  1.03976757e+00
   3.02993300e-02  5.06392068e-02  7.09540203e-02  9.13285528e-02
   1.11863332e-01  1.32677365e-01  1.53911258e-01  1.75730751e-01
   1.98330664e-01  2.21939228e-01  2.46822735e-01  2.73290360e-01
   3.01698957e-01  3.32457453e-01  3.66030378e-01  4.02939798e-01
   4.43764758e-01  4.89137040e-01  5.39731836e-01  5.96251755e-01
   6.59402574e-01  7.29859406e-01  8.08222630e-01  8.94964109e-01
   9.90366041e-01  1.09445701e+00  1.20695232e+00  1.32720764e+00
   1.45419596e+00  1.58651663e+00  1.72244181e+00  1.86000000e+00
   1.99708944e+00  2.13160837e+00  2.26158529e+00  2.38529236e+00
   2.50132893e+00  2.60866799e+00  2.70666521e+00  2.79503589e+00
   2.87380862e+00  2.94326559e+00  3.00387868e+00  3.05624824e+00
   3.10104941e+00  3.13898796e+00  3.17076649e+00  3.19706020e+00
   3.21850087e+00  3.23566755e+00  3.24908229e+00  3.25920964e+00
   3.26645852e+00  3.27118577e+00  3.27370059e+00  3.27426925e+00
   3.27311999e+00  3.27044763e+00  3.26641792e+00  3.26117145e+00
   3.25482723e+00  3.24748579e+00  3.23923192e+00  3.23013702e+00
   3.22026115e+00  3.20965482e+00  3.19836042e+00  3.18641354e+00
   3.17384403e+00  3.16067692e+00  3.14693319e+00  3.13263040e+00
   3.11778328e+00  3.10240416e+00  3.08650336e+00  3.07008952e+00
   3.05316986e+00  3.03575045e+00  3.01783634e+00  2.99943178e+00]
 [-4.41350475e-01 -4.24668816e-01 -4.09323087e-01 -3.95278130e-01
  -3.82498785e-01 -3.70949891e-01 -3.60596285e-01 -3.51402802e-01
  -3.43334275e-01 -3.36355529e-01 -3.30431386e-01 -3.25526660e-01
  -3.21606150e-01 -3.18634644e-01 -3.16576906e-01 -3.15397671e-01
  -3.15061636e-01 -3.15533443e-01 -3.16777659e-01 -3.18758750e-01
  -3.21441046e-01 -3.24788686e-01 -3.28765549e-01 -3.33335164e-01
  -3.38460576e-01 -3.44104170e-01 -3.50227429e-01 -3.56790607e-01
  -3.63752273e-01 -3.71068700e-01 -3.78693023e-01 -3.86574093e-01
  -3.94654918e-01 -4.02870540e-01 -4.11145145e-01 -4.19388159e-01
  -4.27488953e-01 -4.35309732e-01 -4.42676012e-01 -4.49363985e-01
  -4.55083946e-01 -4.59458910e-01 -4.61997688e-01 -4.62062206e-01
  -4.58830093e-01 -4.51256044e-01 -4.38039858e-01 -4.17615991e-01
  -3.88188843e-01 -3.47847526e-01 -2.94797124e-01 -2.27728053e-01
  -1.46296803e-01 -5.16074332e-02  5.35040817e-02  1.64596739e-01
   2.76251896e-01  3.83050911e-01  4.80552781e-01  5.65921531e-01
   6.38053102e-01  6.97291004e-01  7.44944820e-01  7.82809469e-01
   8.12795835e-01  8.36699522e-01  8.56086071e-01  8.72255684e-01
   8.86253666e-01  8.98902388e-01  9.10839923e-01  9.22557462e-01
   9.34431990e-01  9.46753210e-01  9.59744931e-01  9.73581637e-01
   9.88401123e-01  1.00431402e+00  1.02141090e+00  1.03976757e+00
   3.02993300e-02  5.06392068e-02  7.09540203e-02  9.13285528e-02
   1.11863332e-01  1.32677365e-01  1.53911258e-01  1.75730751e-01
   1.98330664e-01  2.21939228e-01  2.46822735e-01  2.73290360e-01
   3.01698957e-01  3.32457453e-01  3.66030378e-01  4.02939798e-01
   4.43764758e-01  4.89137040e-01  5.39731836e-01  5.96251755e-01
   6.59402574e-01  7.29859406e-01  8.08222630e-01  8.94964109e-01
   9.90366041e-01  1.09445701e+00  1.20695232e+00  1.32720764e+00
   1.45419596e+00  1.58651663e+00  1.72244181e+00  1.86000000e+00
   1.99708944e+00  2.13160837e+00  2.26158529e+00  2.38529236e+00
   2.50132893e+00  2.60866799e+00  2.70666521e+00  2.79503589e+00
   2.87380862e+00  2.94326559e+00  3.00387868e+00  3.05624824e+00
   3.10104941e+00  3.13898796e+00  3.17076649e+00  3.19706020e+00
   3.21850087e+00  3.23566755e+00  3.24908229e+00  3.25920964e+00
   3.26645852e+00  3.27118577e+00  3.27370059e+00  3.27426925e+00
   3.27311999e+00  3.27044763e+00  3.26641792e+00  3.26117145e+00
   3.25482723e+00  3.24748579e+00  3.23923192e+00  3.23013702e+00
   3.22026115e+00  3.20965482e+00  3.19836042e+00  3.18641354e+00
   3.17384403e+00  3.16067692e+00  3.14693319e+00  3.13263040e+00
   3.11778328e+00  3.10240416e+00  3.08650336e+00  3.07008952e+00
   3.05316986e+00  3.03575045e+00  3.01783634e+00  2.99943178e+00]
 [-4.41350475e-01 -4.24668816e-01 -4.09323087e-01 -3.95278130e-01
  -3.82498785e-01 -3.70949891e-01 -3.60596285e-01 -3.51402802e-01
  -3.43334275e-01 -3.36355529e-01 -3.30431386e-01 -3.25526660e-01
  -3.21606150e-01 -3.18634644e-01 -3.16576906e-01 -3.15397671e-01
  -3.15061636e-01 -3.15533443e-01 -3.16777659e-01 -3.18758750e-01
  -3.21441046e-01 -3.24788686e-01 -3.28765549e-01 -3.33335164e-01
  -3.38460576e-01 -3.44104170e-01 -3.50227429e-01 -3.56790607e-01
  -3.63752273e-01 -3.71068700e-01 -3.78693023e-01 -3.86574093e-01
  -3.94654918e-01 -4.02870540e-01 -4.11145145e-01 -4.19388159e-01
  -4.27488953e-01 -4.35309732e-01 -4.42676012e-01 -4.49363985e-01
  -4.55083946e-01 -4.59458910e-01 -4.61997688e-01 -4.62062206e-01
  -4.58830093e-01 -4.51256044e-01 -4.38039858e-01 -4.17615991e-01
  -3.88188843e-01 -3.47847526e-01 -2.94797124e-01 -2.27728053e-01
  -1.46296803e-01 -5.16074332e-02  5.35040817e-02  1.64596739e-01
   2.76251896e-01  3.83050911e-01  4.80552781e-01  5.65921531e-01
   6.38053102e-01  6.97291004e-01  7.44944820e-01  7.82809469e-01
   8.12795835e-01  8.36699522e-01  8.56086071e-01  8.72255684e-01
   8.86253666e-01  8.98902388e-01  9.10839923e-01  9.22557462e-01
   9.34431990e-01  9.46753210e-01  9.59744931e-01  9.73581637e-01
   9.88401123e-01  1.00431402e+00  1.02141090e+00  1.03976757e+00
   3.02993300e-02  5.06392068e-02  7.09540203e-02  9.13285528e-02
   1.11863332e-01  1.32677365e-01  1.53911258e-01  1.75730751e-01
   1.98330664e-01  2.21939228e-01  2.46822735e-01  2.73290360e-01
   3.01698957e-01  3.32457453e-01  3.66030378e-01  4.02939798e-01
   4.43764758e-01  4.89137040e-01  5.39731836e-01  5.96251755e-01
   6.59402574e-01  7.29859406e-01  8.08222630e-01  8.94964109e-01
   9.90366041e-01  1.09445701e+00  1.20695232e+00  1.32720764e+00
   1.45419596e+00  1.58651663e+00  1.72244181e+00  1.86000000e+00
   1.99708944e+00  2.13160837e+00  2.26158529e+00  2.38529236e+00
   2.50132893e+00  2.60866799e+00  2.70666521e+00  2.79503589e+00
   2.87380862e+00  2.94326559e+00  3.00387868e+00  3.05624824e+00
   3.10104941e+00  3.13898796e+00  3.17076649e+00  3.19706020e+00
   3.21850087e+00  3.23566755e+00  3.24908229e+00  3.25920964e+00
   3.26645852e+00  3.27118577e+00  3.27370059e+00  3.27426925e+00
   3.27311999e+00  3.27044763e+00  3.26641792e+00  3.26117145e+00
   3.25482723e+00  3.24748579e+00  3.23923192e+00  3.23013702e+00
   3.22026115e+00  3.20965482e+00  3.19836042e+00  3.18641354e+00
   3.17384403e+00  3.16067692e+00  3.14693319e+00  3.13263040e+00
   3.11778328e+00  3.10240416e+00  3.08650336e+00  3.07008952e+00
   3.05316986e+00  3.03575045e+00  3.01783634e+00  2.99943178e+00]
 [-4.41350475e-01 -4.24668816e-01 -4.09323087e-01 -3.95278130e-01
  -3.82498785e-01 -3.70949891e-01 -3.60596285e-01 -3.51402802e-01
  -3.43334275e-01 -3.36355529e-01 -3.30431386e-01 -3.25526660e-01
  -3.21606150e-01 -3.18634644e-01 -3.16576906e-01 -3.15397671e-01
  -3.15061636e-01 -3.15533443e-01 -3.16777659e-01 -3.18758750e-01
  -3.21441046e-01 -3.24788686e-01 -3.28765549e-01 -3.33335164e-01
  -3.38460576e-01 -3.44104170e-01 -3.50227429e-01 -3.56790607e-01
  -3.63752273e-01 -3.71068700e-01 -3.78693023e-01 -3.86574093e-01
  -3.94654918e-01 -4.02870540e-01 -4.11145145e-01 -4.19388159e-01
  -4.27488953e-01 -4.35309732e-01 -4.42676012e-01 -4.49363985e-01
  -4.55083946e-01 -4.59458910e-01 -4.61997688e-01 -4.62062206e-01
  -4.58830093e-01 -4.51256044e-01 -4.38039858e-01 -4.17615991e-01
  -3.88188843e-01 -3.47847526e-01 -2.94797124e-01 -2.27728053e-01
  -1.46296803e-01 -5.16074332e-02  5.35040817e-02  1.64596739e-01
   2.76251896e-01  3.83050911e-01  4.80552781e-01  5.65921531e-01
   6.38053102e-01  6.97291004e-01  7.44944820e-01  7.82809469e-01
   8.12795835e-01  8.36699522e-01  8.56086071e-01  8.72255684e-01
   8.86253666e-01  8.98902388e-01  9.10839923e-01  9.22557462e-01
   9.34431990e-01  9.46753210e-01  9.59744931e-01  9.73581637e-01
   9.88401123e-01  1.00431402e+00  1.02141090e+00  1.03976757e+00
   3.02993300e-02  5.06392068e-02  7.09540203e-02  9.13285528e-02
   1.11863332e-01  1.32677365e-01  1.53911258e-01  1.75730751e-01
   1.98330664e-01  2.21939228e-01  2.46822735e-01  2.73290360e-01
   3.01698957e-01  3.32457453e-01  3.66030378e-01  4.02939798e-01
   4.43764758e-01  4.89137040e-01  5.39731836e-01  5.96251755e-01
   6.59402574e-01  7.29859406e-01  8.08222630e-01  8.94964109e-01
   9.90366041e-01  1.09445701e+00  1.20695232e+00  1.32720764e+00
   1.45419596e+00  1.58651663e+00  1.72244181e+00  1.86000000e+00
   1.99708944e+00  2.13160837e+00  2.26158529e+00  2.38529236e+00
   2.50132893e+00  2.60866799e+00  2.70666521e+00  2.79503589e+00
   2.87380862e+00  2.94326559e+00  3.00387868e+00  3.05624824e+00
   3.10104941e+00  3.13898796e+00  3.17076649e+00  3.19706020e+00
   3.21850087e+00  3.23566755e+00  3.24908229e+00  3.25920964e+00
   3.26645852e+00  3.27118577e+00  3.27370059e+00  3.27426925e+00
   3.27311999e+00  3.27044763e+00  3.26641792e+00  3.26117145e+00
   3.25482723e+00  3.24748579e+00  3.23923192e+00  3.23013702e+00
   3.22026115e+00  3.20965482e+00  3.19836042e+00  3.18641354e+00
   3.17384403e+00  3.16067692e+00  3.14693319e+00  3.13263040e+00
   3.11778328e+00  3.10240416e+00  3.08650336e+00  3.07008952e+00
   3.05316986e+00  3.03575045e+00  3.01783634e+00  2.99943178e+00]
 [-4.41350475e-01 -4.24668816e-01 -4.09323087e-01 -3.95278130e-01
  -3.82498785e-01 -3.70949891e-01 -3.60596285e-01 -3.51402802e-01
  -3.43334275e-01 -3.36355529e-01 -3.30431386e-01 -3.25526660e-01
  -3.21606150e-01 -3.18634644e-01 -3.16576906e-01 -3.15397671e-01
  -3.15061636e-01 -3.15533443e-01 -3.16777659e-01 -3.18758750e-01
  -3.21441046e-01 -3.24788686e-01 -3.28765549e-01 -3.33335164e-01
  -3.38460576e-01 -3.44104170e-01 -3.50227429e-01 -3.56790607e-01
  -3.63752273e-01 -3.71068700e-01 -3.78693023e-01 -3.86574093e-01
  -3.94654918e-01 -4.02870540e-01 -4.11145145e-01 -4.19388159e-01
  -4.27488953e-01 -4.35309732e-01 -4.42676012e-01 -4.49363985e-01
  -4.55083946e-01 -4.59458910e-01 -4.61997688e-01 -4.62062206e-01
  -4.58830093e-01 -4.51256044e-01 -4.38039858e-01 -4.17615991e-01
  -3.88188843e-01 -3.47847526e-01 -2.94797124e-01 -2.27728053e-01
  -1.46296803e-01 -5.16074332e-02  5.35040817e-02  1.64596739e-01
   2.76251896e-01  3.83050911e-01  4.80552781e-01  5.65921531e-01
   6.38053102e-01  6.97291004e-01  7.44944820e-01  7.82809469e-01
   8.12795835e-01  8.36699522e-01  8.56086071e-01  8.72255684e-01
   8.86253666e-01  8.98902388e-01  9.10839923e-01  9.22557462e-01
   9.34431990e-01  9.46753210e-01  9.59744931e-01  9.73581637e-01
   9.88401123e-01  1.00431402e+00  1.02141090e+00  1.03976757e+00
   3.02993300e-02  5.06392068e-02  7.09540203e-02  9.13285528e-02
   1.11863332e-01  1.32677365e-01  1.53911258e-01  1.75730751e-01
   1.98330664e-01  2.21939228e-01  2.46822735e-01  2.73290360e-01
   3.01698957e-01  3.32457453e-01  3.66030378e-01  4.02939798e-01
   4.43764758e-01  4.89137040e-01  5.39731836e-01  5.96251755e-01
   6.59402574e-01  7.29859406e-01  8.08222630e-01  8.94964109e-01
   9.90366041e-01  1.09445701e+00  1.20695232e+00  1.32720764e+00
   1.45419596e+00  1.58651663e+00  1.72244181e+00  1.86000000e+00
   1.99708944e+00  2.13160837e+00  2.26158529e+00  2.38529236e+00
   2.50132893e+00  2.60866799e+00  2.70666521e+00  2.79503589e+00
   2.87380862e+00  2.94326559e+00  3.00387868e+00  3.05624824e+00
   3.10104941e+00  3.13898796e+00  3.17076649e+00  3.19706020e+00
   3.21850087e+00  3.23566755e+00  3.24908229e+00  3.25920964e+00
   3.26645852e+00  3.27118577e+00  3.27370059e+00  3.27426925e+00
   3.27311999e+00  3.27044763e+00  3.26641792e+00  3.26117145e+00
   3.25482723e+00  3.24748579e+00  3.23923192e+00  3.23013702e+00
   3.22026115e+00  3.20965482e+00  3.19836042e+00  3.18641354e+00
   3.17384403e+00  3.16067692e+00  3.14693319e+00  3.13263040e+00
   3.11778328e+00  3.10240416e+00  3.08650336e+00  3.07008952e+00
   3.05316986e+00  3.03575045e+00  3.01783634e+00  2.99943178e+00]
 [-4.41350475e-01 -4.24668816e-01 -4.09323087e-01 -3.95278130e-01
  -3.82498785e-01 -3.70949891e-01 -3.60596285e-01 -3.51402802e-01
  -3.43334275e-01 -3.36355529e-01 -3.30431386e-01 -3.25526660e-01
  -3.21606150e-01 -3.18634644e-01 -3.16576906e-01 -3.15397671e-01
  -3.15061636e-01 -3.15533443e-01 -3.16777659e-01 -3.18758750e-01
  -3.21441046e-01 -3.24788686e-01 -3.28765549e-01 -3.33335164e-01
  -3.38460576e-01 -3.44104170e-01 -3.50227429e-01 -3.56790607e-01
  -3.63752273e-01 -3.71068700e-01 -3.78693023e-01 -3.86574093e-01
  -3.94654918e-01 -4.02870540e-01 -4.11145145e-01 -4.19388159e-01
  -4.27488953e-01 -4.35309732e-01 -4.42676012e-01 -4.49363985e-01
  -4.55083946e-01 -4.59458910e-01 -4.61997688e-01 -4.62062206e-01
  -4.58830093e-01 -4.51256044e-01 -4.38039858e-01 -4.17615991e-01
  -3.88188843e-01 -3.47847526e-01 -2.94797124e-01 -2.27728053e-01
  -1.46296803e-01 -5.16074332e-02  5.35040817e-02  1.64596739e-01
   2.76251896e-01  3.83050911e-01  4.80552781e-01  5.65921531e-01
   6.38053102e-01  6.97291004e-01  7.44944820e-01  7.82809469e-01
   8.12795835e-01  8.36699522e-01  8.56086071e-01  8.72255684e-01
   8.86253666e-01  8.98902388e-01  9.10839923e-01  9.22557462e-01
   9.34431990e-01  9.46753210e-01  9.59744931e-01  9.73581637e-01
   9.88401123e-01  1.00431402e+00  1.02141090e+00  1.03976757e+00
   3.02993300e-02  5.06392068e-02  7.09540203e-02  9.13285528e-02
   1.11863332e-01  1.32677365e-01  1.53911258e-01  1.75730751e-01
   1.98330664e-01  2.21939228e-01  2.46822735e-01  2.73290360e-01
   3.01698957e-01  3.32457453e-01  3.66030378e-01  4.02939798e-01
   4.43764758e-01  4.89137040e-01  5.39731836e-01  5.96251755e-01
   6.59402574e-01  7.29859406e-01  8.08222630e-01  8.94964109e-01
   9.90366041e-01  1.09445701e+00  1.20695232e+00  1.32720764e+00
   1.45419596e+00  1.58651663e+00  1.72244181e+00  1.86000000e+00
   1.99708944e+00  2.13160837e+00  2.26158529e+00  2.38529236e+00
   2.50132893e+00  2.60866799e+00  2.70666521e+00  2.79503589e+00
   2.87380862e+00  2.94326559e+00  3.00387868e+00  3.05624824e+00
   3.10104941e+00  3.13898796e+00  3.17076649e+00  3.19706020e+00
   3.21850087e+00  3.23566755e+00  3.24908229e+00  3.25920964e+00
   3.26645852e+00  3.27118577e+00  3.27370059e+00  3.27426925e+00
   3.27311999e+00  3.27044763e+00  3.26641792e+00  3.26117145e+00
   3.25482723e+00  3.24748579e+00  3.23923192e+00  3.23013702e+00
   3.22026115e+00  3.20965482e+00  3.19836042e+00  3.18641354e+00
   3.17384403e+00  3.16067692e+00  3.14693319e+00  3.13263040e+00
   3.11778328e+00  3.10240416e+00  3.08650336e+00  3.07008952e+00
   3.05316986e+00  3.03575045e+00  3.01783634e+00  2.99943178e+00]
 [-4.41350475e-01 -4.24668816e-01 -4.09323087e-01 -3.95278130e-01
  -3.82498785e-01 -3.70949891e-01 -3.60596285e-01 -3.51402802e-01
  -3.43334275e-01 -3.36355529e-01 -3.30431386e-01 -3.25526660e-01
  -3.21606150e-01 -3.18634644e-01 -3.16576906e-01 -3.15397671e-01
  -3.15061636e-01 -3.15533443e-01 -3.16777659e-01 -3.18758750e-01
  -3.21441046e-01 -3.24788686e-01 -3.28765549e-01 -3.33335164e-01
  -3.38460576e-01 -3.44104170e-01 -3.50227429e-01 -3.56790607e-01
  -3.63752273e-01 -3.71068700e-01 -3.78693023e-01 -3.86574093e-01
  -3.94654918e-01 -4.02870540e-01 -4.11145145e-01 -4.19388159e-01
  -4.27488953e-01 -4.35309732e-01 -4.42676012e-01 -4.49363985e-01
  -4.55083946e-01 -4.59458910e-01 -4.61997688e-01 -4.62062206e-01
  -4.58830093e-01 -4.51256044e-01 -4.38039858e-01 -4.17615991e-01
  -3.88188843e-01 -3.47847526e-01 -2.94797124e-01 -2.27728053e-01
  -1.46296803e-01 -5.16074332e-02  5.35040817e-02  1.64596739e-01
   2.76251896e-01  3.83050911e-01  4.80552781e-01  5.65921531e-01
   6.38053102e-01  6.97291004e-01  7.44944820e-01  7.82809469e-01
   8.12795835e-01  8.36699522e-01  8.56086071e-01  8.72255684e-01
   8.86253666e-01  8.98902388e-01  9.10839923e-01  9.22557462e-01
   9.34431990e-01  9.46753210e-01  9.59744931e-01  9.73581637e-01
   9.88401123e-01  1.00431402e+00  1.02141090e+00  1.03976757e+00
   3.02993300e-02  5.06392068e-02  7.09540203e-02  9.13285528e-02
   1.11863332e-01  1.32677365e-01  1.53911258e-01  1.75730751e-01
   1.98330664e-01  2.21939228e-01  2.46822735e-01  2.73290360e-01
   3.01698957e-01  3.32457453e-01  3.66030378e-01  4.02939798e-01
   4.43764758e-01  4.89137040e-01  5.39731836e-01  5.96251755e-01
   6.59402574e-01  7.29859406e-01  8.08222630e-01  8.94964109e-01
   9.90366041e-01  1.09445701e+00  1.20695232e+00  1.32720764e+00
   1.45419596e+00  1.58651663e+00  1.72244181e+00  1.86000000e+00
   1.99708944e+00  2.13160837e+00  2.26158529e+00  2.38529236e+00
   2.50132893e+00  2.60866799e+00  2.70666521e+00  2.79503589e+00
   2.87380862e+00  2.94326559e+00  3.00387868e+00  3.05624824e+00
   3.10104941e+00  3.13898796e+00  3.17076649e+00  3.19706020e+00
   3.21850087e+00  3.23566755e+00  3.24908229e+00  3.25920964e+00
   3.26645852e+00  3.27118577e+00  3.27370059e+00  3.27426925e+00
   3.27311999e+00  3.27044763e+00  3.26641792e+00  3.26117145e+00
   3.25482723e+00  3.24748579e+00  3.23923192e+00  3.23013702e+00
   3.22026115e+00  3.20965482e+00  3.19836042e+00  3.18641354e+00
   3.17384403e+00  3.16067692e+00  3.14693319e+00  3.13263040e+00
   3.11778328e+00  3.10240416e+00  3.08650336e+00  3.07008952e+00
   3.05316986e+00  3.03575045e+00  3.01783634e+00  2.99943178e+00]
 [-4.41350475e-01 -4.24668816e-01 -4.09323087e-01 -3.95278130e-01
  -3.82498785e-01 -3.70949891e-01 -3.60596285e-01 -3.51402802e-01
  -3.43334275e-01 -3.36355529e-01 -3.30431386e-01 -3.25526660e-01
  -3.21606150e-01 -3.18634644e-01 -3.16576906e-01 -3.15397671e-01
  -3.15061636e-01 -3.15533443e-01 -3.16777659e-01 -3.18758750e-01
  -3.21441046e-01 -3.24788686e-01 -3.28765549e-01 -3.33335164e-01
  -3.38460576e-01 -3.44104170e-01 -3.50227429e-01 -3.56790607e-01
  -3.63752273e-01 -3.71068700e-01 -3.78693023e-01 -3.86574093e-01
  -3.94654918e-01 -4.02870540e-01 -4.11145145e-01 -4.19388159e-01
  -4.27488953e-01 -4.35309732e-01 -4.42676012e-01 -4.49363985e-01
  -4.55083946e-01 -4.59458910e-01 -4.61997688e-01 -4.62062206e-01
  -4.58830093e-01 -4.51256044e-01 -4.38039858e-01 -4.17615991e-01
  -3.88188843e-01 -3.47847526e-01 -2.94797124e-01 -2.27728053e-01
  -1.46296803e-01 -5.16074332e-02  5.35040817e-02  1.64596739e-01
   2.76251896e-01  3.83050911e-01  4.80552781e-01  5.65921531e-01
   6.38053102e-01  6.97291004e-01  7.44944820e-01  7.82809469e-01
   8.12795835e-01  8.36699522e-01  8.56086071e-01  8.72255684e-01
   8.86253666e-01  8.98902388e-01  9.10839923e-01  9.22557462e-01
   9.34431990e-01  9.46753210e-01  9.59744931e-01  9.73581637e-01
   9.88401123e-01  1.00431402e+00  1.02141090e+00  1.03976757e+00
   3.02993300e-02  5.06392068e-02  7.09540203e-02  9.13285528e-02
   1.11863332e-01  1.32677365e-01  1.53911258e-01  1.75730751e-01
   1.98330664e-01  2.21939228e-01  2.46822735e-01  2.73290360e-01
   3.01698957e-01  3.32457453e-01  3.66030378e-01  4.02939798e-01
   4.43764758e-01  4.89137040e-01  5.39731836e-01  5.96251755e-01
   6.59402574e-01  7.29859406e-01  8.08222630e-01  8.94964109e-01
   9.90366041e-01  1.09445701e+00  1.20695232e+00  1.32720764e+00
   1.45419596e+00  1.58651663e+00  1.72244181e+00  1.86000000e+00
   1.99708944e+00  2.13160837e+00  2.26158529e+00  2.38529236e+00
   2.50132893e+00  2.60866799e+00  2.70666521e+00  2.79503589e+00
   2.87380862e+00  2.94326559e+00  3.00387868e+00  3.05624824e+00
   3.10104941e+00  3.13898796e+00  3.17076649e+00  3.19706020e+00
   3.21850087e+00  3.23566755e+00  3.24908229e+00  3.25920964e+00
   3.26645852e+00  3.27118577e+00  3.27370059e+00  3.27426925e+00
   3.27311999e+00  3.27044763e+00  3.26641792e+00  3.26117145e+00
   3.25482723e+00  3.24748579e+00  3.23923192e+00  3.23013702e+00
   3.22026115e+00  3.20965482e+00  3.19836042e+00  3.18641354e+00
   3.17384403e+00  3.16067692e+00  3.14693319e+00  3.13263040e+00
   3.11778328e+00  3.10240416e+00  3.08650336e+00  3.07008952e+00
   3.05316986e+00  3.03575045e+00  3.01783634e+00  2.99943178e+00]
 [-4.41350475e-01 -4.24668816e-01 -4.09323087e-01 -3.95278130e-01
  -3.82498785e-01 -3.70949891e-01 -3.60596285e-01 -3.51402802e-01
  -3.43334275e-01 -3.36355529e-01 -3.30431386e-01 -3.25526660e-01
  -3.21606150e-01 -3.18634644e-01 -3.16576906e-01 -3.15397671e-01
  -3.15061636e-01 -3.15533443e-01 -3.16777659e-01 -3.18758750e-01
  -3.21441046e-01 -3.24788686e-01 -3.28765549e-01 -3.33335164e-01
  -3.38460576e-01 -3.44104170e-01 -3.50227429e-01 -3.56790607e-01
  -3.63752273e-01 -3.71068700e-01 -3.78693023e-01 -3.86574093e-01
  -3.94654918e-01 -4.02870540e-01 -4.11145145e-01 -4.19388159e-01
  -4.27488953e-01 -4.35309732e-01 -4.42676012e-01 -4.49363985e-01
  -4.55083946e-01 -4.59458910e-01 -4.61997688e-01 -4.62062206e-01
  -4.58830093e-01 -4.51256044e-01 -4.38039858e-01 -4.17615991e-01
  -3.88188843e-01 -3.47847526e-01 -2.94797124e-01 -2.27728053e-01
  -1.46296803e-01 -5.16074332e-02  5.35040817e-02  1.64596739e-01
   2.76251896e-01  3.83050911e-01  4.80552781e-01  5.65921531e-01
   6.38053102e-01  6.97291004e-01  7.44944820e-01  7.82809469e-01
   8.12795835e-01  8.36699522e-01  8.56086071e-01  8.72255684e-01
   8.86253666e-01  8.98902388e-01  9.10839923e-01  9.22557462e-01
   9.34431990e-01  9.46753210e-01  9.59744931e-01  9.73581637e-01
   9.88401123e-01  1.00431402e+00  1.02141090e+00  1.03976757e+00
   3.02993300e-02  5.06392068e-02  7.09540203e-02  9.13285528e-02
   1.11863332e-01  1.32677365e-01  1.53911258e-01  1.75730751e-01
   1.98330664e-01  2.21939228e-01  2.46822735e-01  2.73290360e-01
   3.01698957e-01  3.32457453e-01  3.66030378e-01  4.02939798e-01
   4.43764758e-01  4.89137040e-01  5.39731836e-01  5.96251755e-01
   6.59402574e-01  7.29859406e-01  8.08222630e-01  8.94964109e-01
   9.90366041e-01  1.09445701e+00  1.20695232e+00  1.32720764e+00
   1.45419596e+00  1.58651663e+00  1.72244181e+00  1.86000000e+00
   1.99708944e+00  2.13160837e+00  2.26158529e+00  2.38529236e+00
   2.50132893e+00  2.60866799e+00  2.70666521e+00  2.79503589e+00
   2.87380862e+00  2.94326559e+00  3.00387868e+00  3.05624824e+00
   3.10104941e+00  3.13898796e+00  3.17076649e+00  3.19706020e+00
   3.21850087e+00  3.23566755e+00  3.24908229e+00  3.25920964e+00
   3.26645852e+00  3.27118577e+00  3.27370059e+00  3.27426925e+00
   3.27311999e+00  3.27044763e+00  3.26641792e+00  3.26117145e+00
   3.25482723e+00  3.24748579e+00  3.23923192e+00  3.23013702e+00
   3.22026115e+00  3.20965482e+00  3.19836042e+00  3.18641354e+00
   3.17384403e+00  3.16067692e+00  3.14693319e+00  3.13263040e+00
   3.11778328e+00  3.10240416e+00  3.08650336e+00  3.07008952e+00
   3.05316986e+00  3.03575045e+00  3.01783634e+00  2.99943178e+00]
 [-4.41350475e-01 -4.24668816e-01 -4.09323087e-01 -3.95278130e-01
  -3.82498785e-01 -3.70949891e-01 -3.60596285e-01 -3.51402802e-01
  -3.43334275e-01 -3.36355529e-01 -3.30431386e-01 -3.25526660e-01
  -3.21606150e-01 -3.18634644e-01 -3.16576906e-01 -3.15397671e-01
  -3.15061636e-01 -3.15533443e-01 -3.16777659e-01 -3.18758750e-01
  -3.21441046e-01 -3.24788686e-01 -3.28765549e-01 -3.33335164e-01
  -3.38460576e-01 -3.44104170e-01 -3.50227429e-01 -3.56790607e-01
  -3.63752273e-01 -3.71068700e-01 -3.78693023e-01 -3.86574093e-01
  -3.94654918e-01 -4.02870540e-01 -4.11145145e-01 -4.19388159e-01
  -4.27488953e-01 -4.35309732e-01 -4.42676012e-01 -4.49363985e-01
  -4.55083946e-01 -4.59458910e-01 -4.61997688e-01 -4.62062206e-01
  -4.58830093e-01 -4.51256044e-01 -4.38039858e-01 -4.17615991e-01
  -3.88188843e-01 -3.47847526e-01 -2.94797124e-01 -2.27728053e-01
  -1.46296803e-01 -5.16074332e-02  5.35040817e-02  1.64596739e-01
   2.76251896e-01  3.83050911e-01  4.80552781e-01  5.65921531e-01
   6.38053102e-01  6.97291004e-01  7.44944820e-01  7.82809469e-01
   8.12795835e-01  8.36699522e-01  8.56086071e-01  8.72255684e-01
   8.86253666e-01  8.98902388e-01  9.10839923e-01  9.22557462e-01
   9.34431990e-01  9.46753210e-01  9.59744931e-01  9.73581637e-01
   9.88401123e-01  1.00431402e+00  1.02141090e+00  1.03976757e+00
   3.02993300e-02  5.06392068e-02  7.09540203e-02  9.13285528e-02
   1.11863332e-01  1.32677365e-01  1.53911258e-01  1.75730751e-01
   1.98330664e-01  2.21939228e-01  2.46822735e-01  2.73290360e-01
   3.01698957e-01  3.32457453e-01  3.66030378e-01  4.02939798e-01
   4.43764758e-01  4.89137040e-01  5.39731836e-01  5.96251755e-01
   6.59402574e-01  7.29859406e-01  8.08222630e-01  8.94964109e-01
   9.90366041e-01  1.09445701e+00  1.20695232e+00  1.32720764e+00
   1.45419596e+00  1.58651663e+00  1.72244181e+00  1.86000000e+00
   1.99708944e+00  2.13160837e+00  2.26158529e+00  2.38529236e+00
   2.50132893e+00  2.60866799e+00  2.70666521e+00  2.79503589e+00
   2.87380862e+00  2.94326559e+00  3.00387868e+00  3.05624824e+00
   3.10104941e+00  3.13898796e+00  3.17076649e+00  3.19706020e+00
   3.21850087e+00  3.23566755e+00  3.24908229e+00  3.25920964e+00
   3.26645852e+00  3.27118577e+00  3.27370059e+00  3.27426925e+00
   3.27311999e+00  3.27044763e+00  3.26641792e+00  3.26117145e+00
   3.25482723e+00  3.24748579e+00  3.23923192e+00  3.23013702e+00
   3.22026115e+00  3.20965482e+00  3.19836042e+00  3.18641354e+00
   3.17384403e+00  3.16067692e+00  3.14693319e+00  3.13263040e+00
   3.11778328e+00  3.10240416e+00  3.08650336e+00  3.07008952e+00
   3.05316986e+00  3.03575045e+00  3.01783634e+00  2.99943178e+00]
 [-4.41350475e-01 -4.24668816e-01 -4.09323087e-01 -3.95278130e-01
  -3.82498785e-01 -3.70949891e-01 -3.60596285e-01 -3.51402802e-01
  -3.43334275e-01 -3.36355529e-01 -3.30431386e-01 -3.25526660e-01
  -3.21606150e-01 -3.18634644e-01 -3.16576906e-01 -3.15397671e-01
  -3.15061636e-01 -3.15533443e-01 -3.16777659e-01 -3.18758750e-01
  -3.21441046e-01 -3.24788686e-01 -3.28765549e-01 -3.33335164e-01
  -3.38460576e-01 -3.44104170e-01 -3.50227429e-01 -3.56790607e-01
  -3.63752273e-01 -3.71068700e-01 -3.78693023e-01 -3.86574093e-01
  -3.94654918e-01 -4.02870540e-01 -4.11145145e-01 -4.19388159e-01
  -4.27488953e-01 -4.35309732e-01 -4.42676012e-01 -4.49363985e-01
  -4.55083946e-01 -4.59458910e-01 -4.61997688e-01 -4.62062206e-01
  -4.58830093e-01 -4.51256044e-01 -4.38039858e-01 -4.17615991e-01
  -3.88188843e-01 -3.47847526e-01 -2.94797124e-01 -2.27728053e-01
  -1.46296803e-01 -5.16074332e-02  5.35040817e-02  1.64596739e-01
   2.76251896e-01  3.83050911e-01  4.80552781e-01  5.65921531e-01
   6.38053102e-01  6.97291004e-01  7.44944820e-01  7.82809469e-01
   8.12795835e-01  8.36699522e-01  8.56086071e-01  8.72255684e-01
   8.86253666e-01  8.98902388e-01  9.10839923e-01  9.22557462e-01
   9.34431990e-01  9.46753210e-01  9.59744931e-01  9.73581637e-01
   9.88401123e-01  1.00431402e+00  1.02141090e+00  1.03976757e+00
   3.02993300e-02  5.06392068e-02  7.09540203e-02  9.13285528e-02
   1.11863332e-01  1.32677365e-01  1.53911258e-01  1.75730751e-01
   1.98330664e-01  2.21939228e-01  2.46822735e-01  2.73290360e-01
   3.01698957e-01  3.32457453e-01  3.66030378e-01  4.02939798e-01
   4.43764758e-01  4.89137040e-01  5.39731836e-01  5.96251755e-01
   6.59402574e-01  7.29859406e-01  8.08222630e-01  8.94964109e-01
   9.90366041e-01  1.09445701e+00  1.20695232e+00  1.32720764e+00
   1.45419596e+00  1.58651663e+00  1.72244181e+00  1.86000000e+00
   1.99708944e+00  2.13160837e+00  2.26158529e+00  2.38529236e+00
   2.50132893e+00  2.60866799e+00  2.70666521e+00  2.79503589e+00
   2.87380862e+00  2.94326559e+00  3.00387868e+00  3.05624824e+00
   3.10104941e+00  3.13898796e+00  3.17076649e+00  3.19706020e+00
   3.21850087e+00  3.23566755e+00  3.24908229e+00  3.25920964e+00
   3.26645852e+00  3.27118577e+00  3.27370059e+00  3.27426925e+00
   3.27311999e+00  3.27044763e+00  3.26641792e+00  3.26117145e+00
   3.25482723e+00  3.24748579e+00  3.23923192e+00  3.23013702e+00
   3.22026115e+00  3.20965482e+00  3.19836042e+00  3.18641354e+00
   3.17384403e+00  3.16067692e+00  3.14693319e+00  3.13263040e+00
   3.11778328e+00  3.10240416e+00  3.08650336e+00  3.07008952e+00
   3.05316986e+00  3.03575045e+00  3.01783634e+00  2.99943178e+00]
 [-4.41350475e-01 -4.24668816e-01 -4.09323087e-01 -3.95278130e-01
  -3.82498785e-01 -3.70949891e-01 -3.60596285e-01 -3.51402802e-01
  -3.43334275e-01 -3.36355529e-01 -3.30431386e-01 -3.25526660e-01
  -3.21606150e-01 -3.18634644e-01 -3.16576906e-01 -3.15397671e-01
  -3.15061636e-01 -3.15533443e-01 -3.16777659e-01 -3.18758750e-01
  -3.21441046e-01 -3.24788686e-01 -3.28765549e-01 -3.33335164e-01
  -3.38460576e-01 -3.44104170e-01 -3.50227429e-01 -3.56790607e-01
  -3.63752273e-01 -3.71068700e-01 -3.78693023e-01 -3.86574093e-01
  -3.94654918e-01 -4.02870540e-01 -4.11145145e-01 -4.19388159e-01
  -4.27488953e-01 -4.35309732e-01 -4.42676012e-01 -4.49363985e-01
  -4.55083946e-01 -4.59458910e-01 -4.61997688e-01 -4.62062206e-01
  -4.58830093e-01 -4.51256044e-01 -4.38039858e-01 -4.17615991e-01
  -3.88188843e-01 -3.47847526e-01 -2.94797124e-01 -2.27728053e-01
  -1.46296803e-01 -5.16074332e-02  5.35040817e-02  1.64596739e-01
   2.76251896e-01  3.83050911e-01  4.80552781e-01  5.65921531e-01
   6.38053102e-01  6.97291004e-01  7.44944820e-01  7.82809469e-01
   8.12795835e-01  8.36699522e-01  8.56086071e-01  8.72255684e-01
   8.86253666e-01  8.98902388e-01  9.10839923e-01  9.22557462e-01
   9.34431990e-01  9.46753210e-01  9.59744931e-01  9.73581637e-01
   9.88401123e-01  1.00431402e+00  1.02141090e+00  1.03976757e+00
   3.02993300e-02  5.06392068e-02  7.09540203e-02  9.13285528e-02
   1.11863332e-01  1.32677365e-01  1.53911258e-01  1.75730751e-01
   1.98330664e-01  2.21939228e-01  2.46822735e-01  2.73290360e-01
   3.01698957e-01  3.32457453e-01  3.66030378e-01  4.02939798e-01
   4.43764758e-01  4.89137040e-01  5.39731836e-01  5.96251755e-01
   6.59402574e-01  7.29859406e-01  8.08222630e-01  8.94964109e-01
   9.90366041e-01  1.09445701e+00  1.20695232e+00  1.32720764e+00
   1.45419596e+00  1.58651663e+00  1.72244181e+00  1.86000000e+00
   1.99708944e+00  2.13160837e+00  2.26158529e+00  2.38529236e+00
   2.50132893e+00  2.60866799e+00  2.70666521e+00  2.79503589e+00
   2.87380862e+00  2.94326559e+00  3.00387868e+00  3.05624824e+00
   3.10104941e+00  3.13898796e+00  3.17076649e+00  3.19706020e+00
   3.21850087e+00  3.23566755e+00  3.24908229e+00  3.25920964e+00
   3.26645852e+00  3.27118577e+00  3.27370059e+00  3.27426925e+00
   3.27311999e+00  3.27044763e+00  3.26641792e+00  3.26117145e+00
   3.25482723e+00  3.24748579e+00  3.23923192e+00  3.23013702e+00
   3.22026115e+00  3.20965482e+00  3.19836042e+00  3.18641354e+00
   3.17384403e+00  3.16067692e+00  3.14693319e+00  3.13263040e+00
   3.11778328e+00  3.10240416e+00  3.08650336e+00  3.07008952e+00
   3.05316986e+00  3.03575045e+00  3.01783634e+00  2.99943178e+00]
 [-4.41350475e-01 -4.24668816e-01 -4.09323087e-01 -3.95278130e-01
  -3.82498785e-01 -3.70949891e-01 -3.60596285e-01 -3.51402802e-01
  -3.43334275e-01 -3.36355529e-01 -3.30431386e-01 -3.25526660e-01
  -3.21606150e-01 -3.18634644e-01 -3.16576906e-01 -3.15397671e-01
  -3.15061636e-01 -3.15533443e-01 -3.16777659e-01 -3.18758750e-01
  -3.21441046e-01 -3.24788686e-01 -3.28765549e-01 -3.33335164e-01
  -3.38460576e-01 -3.44104170e-01 -3.50227429e-01 -3.56790607e-01
  -3.63752273e-01 -3.71068700e-01 -3.78693023e-01 -3.86574093e-01
  -3.94654918e-01 -4.02870540e-01 -4.11145145e-01 -4.19388159e-01
  -4.27488953e-01 -4.35309732e-01 -4.42676012e-01 -4.49363985e-01
  -4.55083946e-01 -4.59458910e-01 -4.61997688e-01 -4.62062206e-01
  -4.58830093e-01 -4.51256044e-01 -4.38039858e-01 -4.17615991e-01
  -3.88188843e-01 -3.47847526e-01 -2.94797124e-01 -2.27728053e-01
  -1.46296803e-01 -5.16074332e-02  5.35040817e-02  1.64596739e-01
   2.76251896e-01  3.83050911e-01  4.80552781e-01  5.65921531e-01
   6.38053102e-01  6.97291004e-01  7.44944820e-01  7.82809469e-01
   8.12795835e-01  8.36699522e-01  8.56086071e-01  8.72255684e-01
   8.86253666e-01  8.98902388e-01  9.10839923e-01  9.22557462e-01
   9.34431990e-01  9.46753210e-01  9.59744931e-01  9.73581637e-01
   9.88401123e-01  1.00431402e+00  1.02141090e+00  1.03976757e+00
   3.02993300e-02  5.06392068e-02  7.09540203e-02  9.13285528e-02
   1.11863332e-01  1.32677365e-01  1.53911258e-01  1.75730751e-01
   1.98330664e-01  2.21939228e-01  2.46822735e-01  2.73290360e-01
   3.01698957e-01  3.32457453e-01  3.66030378e-01  4.02939798e-01
   4.43764758e-01  4.89137040e-01  5.39731836e-01  5.96251755e-01
   6.59402574e-01  7.29859406e-01  8.08222630e-01  8.94964109e-01
   9.90366041e-01  1.09445701e+00  1.20695232e+00  1.32720764e+00
   1.45419596e+00  1.58651663e+00  1.72244181e+00  1.86000000e+00
   1.99708944e+00  2.13160837e+00  2.26158529e+00  2.38529236e+00
   2.50132893e+00  2.60866799e+00  2.70666521e+00  2.79503589e+00
   2.87380862e+00  2.94326559e+00  3.00387868e+00  3.05624824e+00
   3.10104941e+00  3.13898796e+00  3.17076649e+00  3.19706020e+00
   3.21850087e+00  3.23566755e+00  3.24908229e+00  3.25920964e+00
   3.26645852e+00  3.27118577e+00  3.27370059e+00  3.27426925e+00
   3.27311999e+00  3.27044763e+00  3.26641792e+00  3.26117145e+00
   3.25482723e+00  3.24748579e+00  3.23923192e+00  3.23013702e+00
   3.22026115e+00  3.20965482e+00  3.19836042e+00  3.18641354e+00
   3.17384403e+00  3.16067692e+00  3.14693319e+00  3.13263040e+00
   3.11778328e+00  3.10240416e+00  3.08650336e+00  3.07008952e+00
   3.05316986e+00  3.03575045e+00  3.01783634e+00  2.99943178e+00]]