The X is given by
[[ 1.000000e+00  1.093183e+01  1.627612e+00]
 [ 1.000000e+00  1.017185e+00  1.694914e+00]
 [ 1.000000e+00 -4.700040e+00  1.721925e+00]
 [ 1.000000e+00  1.107253e+00  1.695423e+00]
 [ 1.000000e+00  1.792058e+00  1.633983e+00]
 [ 1.000000e+00  6.943386e+00  1.561298e+00]
 [ 1.000000e+00  2.089644e+01  1.504696e+00]
 [ 1.000000e+00 -1.592290e+01  1.474189e+00]
 [ 1.000000e+00  1.021156e+01  1.480290e+00]
 [ 1.000000e+00  8.107010e+00  1.510517e+00]
 [ 1.000000e+00 -1.497590e+01  1.544538e+00]
 [ 1.000000e+00 -1.994290e+01  1.566399e+00]
 [ 1.000000e+00  3.995090e-01  1.576632e+00]
 [ 1.000000e+00 -4.134390e+00  1.570259e+00]
 [ 1.000000e+00 -1.410470e+01  1.551619e+00]
 [ 1.000000e+00  1.104078e+01  1.529798e+00]
 [ 1.000000e+00  1.293592e+01  1.509199e+00]
 [ 1.000000e+00 -3.519730e+00  1.486178e+00]
 [ 1.000000e+00 -2.160160e+01  1.461315e+00]
 [ 1.000000e+00 -1.685010e+01  1.434566e+00]
 [ 1.000000e+00  2.994168e+01  1.408255e+00]
 [ 1.000000e+00  3.264347e+01  1.379945e+00]
 [ 1.000000e+00  1.362314e+01  1.345136e+00]
 [ 1.000000e+00  1.367227e+01  1.302492e+00]
 [ 1.000000e+00 -1.308410e+01  1.255748e+00]
 [ 1.000000e+00  8.883308e+00  1.206778e+00]
 [ 1.000000e+00  1.766286e+01  1.162864e+00]
 [ 1.000000e+00  6.543968e+00  1.131106e+00]
 [ 1.000000e+00 -1.260990e+01  1.115336e+00]
 [ 1.000000e+00 -6.804260e+00  1.110875e+00]
 [ 1.000000e+00 -1.566110e+01  1.111142e+00]
 [ 1.000000e+00 -3.644760e+01  1.108971e+00]
 [ 1.000000e+00  3.816618e+01  1.102415e+00]
 [ 1.000000e+00  3.442520e+01  1.088608e+00]
 [ 1.000000e+00  1.479633e+01  1.070434e+00]
 [ 1.000000e+00  6.866507e+00  1.050528e+00]
 [ 1.000000e+00  2.033006e+01  1.034433e+00]
 [ 1.000000e+00  6.683445e+00  1.025900e+00]
 [ 1.000000e+00 -2.307150e+01  1.027377e+00]
 [ 1.000000e+00  3.254212e+01  1.035037e+00]
 [ 1.000000e+00  1.609274e+01  1.044860e+00]
 [ 1.000000e+00 -1.118510e+01  1.050376e+00]
 [ 1.000000e+00  4.669026e+00  1.047277e+00]
 [ 1.000000e+00 -6.223530e+00  1.032709e+00]
 [ 1.000000e+00  4.556709e+00  1.009855e+00]
 [ 1.000000e+00 -3.530110e+00  9.847420e-01]
 [ 1.000000e+00  3.244202e+00  3.380294e+00]
 [ 1.000000e+00  2.785863e+00  1.838146e+00]
 [ 1.000000e+00  3.037754e+00  1.528817e+00]
 [ 1.000000e+00  4.319730e+00  2.531220e+00]
 [ 1.000000e+00 -8.816300e-01  1.231186e+00]
 [ 1.000000e+00 -1.734870e+00  1.002658e+00]
 [ 1.000000e+00  7.349642e+00  1.126673e+00]
 [ 1.000000e+00 -1.890460e+00  1.162885e+00]
 [ 1.000000e+00  1.596006e+01  1.080642e+00]
 [ 1.000000e+00  1.525546e+00  1.218943e+00]
 [ 1.000000e+00  1.117603e+01  1.586853e+00]
 [ 1.000000e+00  9.179581e+00  1.667536e+00]
 [ 1.000000e+00 -1.524800e+01  1.250548e+00]
 [ 1.000000e+00  1.196557e+01  1.132222e+00]
 [ 1.000000e+00  9.548579e+00  1.367346e+00]
 [ 1.000000e+00  4.922789e+00  1.638989e+00]
 [ 1.000000e+00 -3.112340e+00  1.520987e+00]
 [ 1.000000e+00  1.127962e+01  1.636207e+00]
 [ 1.000000e+00  1.221260e+01  1.692567e+00]
 [ 1.000000e+00  2.999076e+00  1.479978e+00]
 [ 1.000000e+00 -1.442520e+01  1.274578e+00]
 [ 1.000000e+00 -5.747600e+00  1.213391e+00]
 [ 1.000000e+00  1.026240e+01  9.783370e-01]
 [ 1.000000e+00  6.320401e+00  1.058509e+00]
 [ 1.000000e+00  1.254085e+01  1.208020e+00]
 [ 1.000000e+00  2.204064e+00  1.313819e+00]
 [ 1.000000e+00  7.579298e+00  1.118726e+00]
 [ 1.000000e+00  7.812199e+00  1.042236e+00]
 [ 1.000000e+00  6.531222e+00  1.142505e+00]
 [ 1.000000e+00  5.467899e+00  1.192272e+00]
 [ 1.000000e+00 -7.792330e+00  1.348358e+00]
 [ 1.000000e+00  8.151731e+00  1.220564e+00]
 [ 1.000000e+00  1.119985e+01  1.233997e+00]
 [ 1.000000e+00  1.202257e+01  1.159352e+00]
 [ 1.000000e+00  6.836592e+00  1.319790e+00]
 [ 1.000000e+00  5.206737e+00  1.475228e+00]
 [ 1.000000e+00  6.883300e+00  6.246780e-01]
 [ 1.000000e+00  1.013958e+01  2.004022e+00]
 [ 1.000000e+00 -7.110600e-01  2.061045e+00]
 [ 1.000000e+00  3.339813e+00  1.555490e+00]
 [ 1.000000e+00  5.533532e+00  1.389527e+00]
 [ 1.000000e+00  1.082074e+01  1.785445e+00]
 [ 1.000000e+00  1.729198e+00  1.758338e+00]
 [ 1.000000e+00 -2.148690e+00  1.535879e+00]
 [ 1.000000e+00 -2.891970e+00  1.464060e+00]
 [ 1.000000e+00 -4.181320e+00  1.498210e+00]
 [ 1.000000e+00  2.799896e+00  8.521770e-01]
 [ 1.000000e+00  5.255347e+00  9.082170e-01]
 [ 1.000000e+00  8.912283e+00  9.060850e-01]
 [ 1.000000e+00  3.105133e+00  8.221010e-01]
 [ 1.000000e+00 -1.473330e+01  6.846250e-01]
 [ 1.000000e+00  9.265193e+00  5.311310e-01]
 [ 1.000000e+00  1.059891e+00  4.079730e-01]
 [ 1.000000e+00  5.729570e-01  3.345350e-01]
 [ 1.000000e+00  5.557784e+00  3.317980e-01]
 [ 1.000000e+00  3.052473e+00  3.805300e-01]
 [ 1.000000e+00 -7.589680e+00  4.418100e-01]
 [ 1.000000e+00  3.424775e+00  4.897570e-01]
 [ 1.000000e+00 -6.149960e+00  5.312820e-01]
 [ 1.000000e+00 -3.535900e-01  5.584550e-01]
 [ 1.000000e+00  2.556742e+00  5.737230e-01]
 [ 1.000000e+00  6.958981e+00  5.916100e-01]
 [ 1.000000e+00  5.078723e+00  6.105660e-01]
 [ 1.000000e+00  9.771685e+00  6.137690e-01]
 [ 1.000000e+00  8.478326e+00  5.968270e-01]
 [ 1.000000e+00  4.270490e+00  5.657580e-01]
 [ 1.000000e+00 -2.984120e+00  7.944300e-02]
 [ 1.000000e+00 -2.600540e+00  4.972410e-01]
 [ 1.000000e+00 -9.791890e+00  4.332920e-01]
 [ 1.000000e+00  6.890210e+00  3.722320e-01]
 [ 1.000000e+00  3.732899e+00  3.612500e-01]
 [ 1.000000e+00 -3.172240e+00  3.540820e-01]
 [ 1.000000e+00  2.501318e+00  3.537500e-01]
 [ 1.000000e+00  1.038318e+01  3.685980e-01]
 [ 1.000000e+00  7.192058e+00  5.144560e-01]
 [ 1.000000e+00  8.550116e+00  6.849290e-01]
 [ 1.000000e+00  7.433340e-01  7.277860e-01]
 [ 1.000000e+00 -1.962510e+00  7.272320e-01]
 [ 1.000000e+00  3.504810e-01  7.087790e-01]
 [ 1.000000e+00  6.603121e+00  7.363140e-01]
 [ 1.000000e+00  2.840943e+00  7.538010e-01]
 [ 1.000000e+00  3.837254e+00  6.972070e-01]
 [ 1.000000e+00  6.119345e+00  6.187010e-01]
 [ 1.000000e+00 -1.463900e-01  5.588590e-01]
 [ 1.000000e+00 -1.349820e+01  5.144880e-01]
 [ 1.000000e+00  3.362469e+00  4.940300e-01]
 [ 1.000000e+00  6.983914e+00  4.836510e-01]
 [ 1.000000e+00 -2.501100e+00  4.839820e-01]
 [ 1.000000e+00  2.517750e-01  5.147740e-01]
 [ 1.000000e+00  3.238431e+00  4.798140e-01]
 [ 1.000000e+00  2.406417e+00  4.172380e-01]
 [ 1.000000e+00  1.949342e+00  3.992450e-01]
 [ 1.000000e+00  3.715810e-01  1.834750e-01]
 [ 1.000000e+00  1.954688e+00  4.784810e-01]
 [ 1.000000e+00  2.469136e+00  3.149420e-01]
 [ 1.000000e+00 -9.596030e+00  3.896900e-02]
 [ 1.000000e+00 -6.553780e+00 -3.728500e-01]
 [ 1.000000e+00  9.395973e+00 -4.287700e-01]
 [ 1.000000e+00  1.671781e+00 -2.263800e-01]
 [ 1.000000e+00  3.409260e+00 -8.703000e-02]
 [ 1.000000e+00  1.129103e+01  4.420700e-02]
 [ 1.000000e+00 -3.001710e+00  2.074300e-01]
 [ 1.000000e+00 -1.205410e+01  1.523080e-01]
 [ 1.000000e+00 -4.087280e+00 -9.511000e-02]
 [ 1.000000e+00  8.586989e+00 -2.621500e-01]
 [ 1.000000e+00  1.637654e+00 -3.456700e-01]
 [ 1.000000e+00 -2.177400e-01 -2.234900e-01]
 [ 1.000000e+00  5.702644e+00  4.576800e-02]
 [ 1.000000e+00  1.128545e+00  1.536180e-01]
 [ 1.000000e+00  8.179099e+00  3.906790e-01]
 [ 1.000000e+00  8.378411e+00  7.733370e-01]
 [ 1.000000e+00  8.647708e+00  8.619690e-01]
 [ 1.000000e+00  6.837607e+00  7.286060e-01]
 [ 1.000000e+00 -2.347200e-01  7.603470e-01]
 [ 1.000000e+00 -6.382980e+00  6.573910e-01]
 [ 1.000000e+00  3.387238e+00  3.468570e-01]
 [ 1.000000e+00  1.183683e+00  2.939040e-01]
 [ 1.000000e+00 -3.081260e+00  2.894750e-01]
 [ 1.000000e+00  1.885979e+00  1.463130e-01]
 [ 1.000000e+00  5.204148e+00  1.514400e-02]
 [ 1.000000e+00  4.866277e+00  6.463500e-02]
 [ 1.000000e+00  2.636625e+00  1.354320e-01]
 [ 1.000000e+00 -3.400280e+00  1.682250e-01]
 [ 1.000000e+00 -8.490470e+00  1.681280e-01]
 [ 1.000000e+00  5.072380e-01  5.536300e-02]
 [ 1.000000e+00 -2.786250e+00 -2.171000e-02]
 [ 1.000000e+00 -1.189700e+00 -5.678000e-02]
 [ 1.000000e+00  8.811295e+00 -1.128000e-01]
 [ 1.000000e+00  7.142139e+00 -1.337200e-01]
 [ 1.000000e+00  6.759930e-01 -1.901400e-01]
 [ 1.000000e+00 -1.746710e+01 -2.533800e-01]
 [ 1.000000e+00  1.299435e+01 -1.532000e-01]
 [ 1.000000e+00  9.290001e+00 -1.853710e+00]
 [ 1.000000e+00 -8.244120e+00  1.877280e-01]
 [ 1.000000e+00  1.495813e+00  2.729000e-01]
 [ 1.000000e+00  2.112399e+00  4.168770e-01]
 [ 1.000000e+00  2.309240e-01  8.657030e-01]
 [ 1.000000e+00  2.140732e+00  8.072190e-01]
 [ 1.000000e+00  8.361329e+00  2.258760e+00]
 [ 1.000000e+00 -4.580990e+00  2.302176e+00]
 [ 1.000000e+00  1.944049e+01  2.328081e+00]
 [ 1.000000e+00 -5.147040e+00  2.331782e+00]
 [ 1.000000e+00 -1.006790e+01  2.320525e+00]
 [ 1.000000e+00  1.827993e+01  2.302276e+00]
 [ 1.000000e+00  1.663006e+01  2.287869e+00]
 [ 1.000000e+00  1.899826e+01  2.282379e+00]
 [ 1.000000e+00 -1.163260e+01  2.289659e+00]
 [ 1.000000e+00  8.564710e+00  2.303611e+00]
 [ 1.000000e+00 -5.480820e+00  2.317218e+00]
 [ 1.000000e+00  3.012560e+00  2.321676e+00]
 [ 1.000000e+00  6.774626e+00  2.313329e+00]
 [ 1.000000e+00  5.036120e+00  2.289168e+00]
 [ 1.000000e+00  7.968948e+00  2.253972e+00]
 [ 1.000000e+00  3.587318e+00  2.215960e+00]
 [ 1.000000e+00  1.317228e+01  2.179738e+00]
 [ 1.000000e+00  1.230310e+01  2.143457e+00]
 [ 1.000000e+00  8.129178e+00  2.108347e+00]
 [ 1.000000e+00  1.868929e+01  2.074321e+00]
 [ 1.000000e+00 -1.651590e+01  2.038691e+00]
 [ 1.000000e+00  1.292446e+01  2.002906e+00]
 [ 1.000000e+00  2.303242e+00  1.971204e+00]
 [ 1.000000e+00  1.947690e+01  1.944743e+00]
 [ 1.000000e+00  7.780467e+00  1.921399e+00]
 [ 1.000000e+00  9.090820e-01  1.898649e+00]
 [ 1.000000e+00  1.488020e+01  1.873466e+00]
 [ 1.000000e+00  3.779184e+00  1.844585e+00]
 [ 1.000000e+00  1.763488e+01  1.810832e+00]
 [ 1.000000e+00 -5.525720e+00  1.773546e+00]
 [ 1.000000e+00  4.566380e+00  1.734729e+00]
 [ 1.000000e+00  7.560400e+00  1.696185e+00]
 [ 1.000000e+00  1.570448e+01  1.658100e+00]
 [ 1.000000e+00  2.977299e+01  1.621038e+00]
 [ 1.000000e+00  1.624811e+01  1.584252e+00]
 [ 1.000000e+00  1.337517e+01  1.548886e+00]
 [ 1.000000e+00  1.814952e+01  1.512078e+00]
 [ 1.000000e+00 -5.224140e+00  1.469688e+00]
 [ 1.000000e+00  1.725295e+01  1.420203e+00]
 [ 1.000000e+00  1.407918e+01  1.366798e+00]
 [ 1.000000e+00  3.940115e+00  1.311876e+00]
 [ 1.000000e+00  4.294069e+00  1.261206e+00]
 [ 1.000000e+00 -3.706650e+00  1.219419e+00]
 [ 1.000000e+00  7.693622e+00  1.189328e+00]
 [ 1.000000e+00  3.348337e+00  1.167527e+00]
 [ 1.000000e+00  4.702647e+00  1.148215e+00]
 [ 1.000000e+00  2.176971e+01  2.652897e+00]
 [ 1.000000e+00  1.903084e+01  2.625890e+00]
 [ 1.000000e+00  1.705428e+01  2.595141e+00]
 [ 1.000000e+00  1.920541e+01  2.560995e+00]
 [ 1.000000e+00  1.458376e+01  2.524548e+00]
 [ 1.000000e+00  5.999517e+00  2.483046e+00]
 [ 1.000000e+00  1.595235e+01  2.440982e+00]
 [ 1.000000e+00  1.503915e+01  2.405787e+00]
 [ 1.000000e+00  2.478744e+01  2.379762e+00]
 [ 1.000000e+00  2.436956e+01  2.357797e+00]
 [ 1.000000e+00  1.239810e+01  2.337684e+00]
 [ 1.000000e+00  5.647824e+00  2.309495e+00]
 [ 1.000000e+00  6.274996e+02  2.264100e+00]
 [ 1.000000e+00  5.256895e+01  2.197361e+00]
 [ 1.000000e+00  4.648689e+01  2.117014e+00]
 [ 1.000000e+00 -3.995640e+00  2.033474e+00]
 [ 1.000000e+00 -1.889680e+01  1.956304e+00]
 [ 1.000000e+00 -7.162140e+01  1.887404e+00]
 [ 1.000000e+00  2.295206e+01  1.830173e+00]
 [ 1.000000e+00  1.032687e+02  1.781457e+00]
 [ 1.000000e+00 -3.320210e+01  1.737038e+00]
 [ 1.000000e+00  1.374440e+01  1.691909e+00]
 [ 1.000000e+00  3.845076e+01  1.644549e+00]
 [ 1.000000e+00  3.640006e+01  1.593356e+00]
 [ 1.000000e+00  7.800788e+00  1.541373e+00]
 [ 1.000000e+00 -5.208010e+01  1.490169e+00]
 [ 1.000000e+00 -2.577270e+01  1.445933e+00]
 [ 1.000000e+00 -1.645090e+02  1.414360e+00]
 [ 1.000000e+00  8.572667e+01  1.398437e+00]
 [ 1.000000e+00  4.933298e+01  1.393740e+00]
 [ 1.000000e+00  2.910546e+01  1.392392e+00]
 [ 1.000000e+00 -7.935430e+01  1.389585e+00]
 [ 1.000000e+00  4.356160e+02  1.386682e+00]
 [ 1.000000e+00 -5.371680e+01  1.382153e+00]
 [ 1.000000e+00  4.122652e+01  1.375946e+00]
 [ 1.000000e+00 -1.765650e+01  1.369188e+00]
 [ 1.000000e+00 -1.376350e+02  1.361626e+00]
 [ 1.000000e+00 -1.793960e+01  1.351463e+00]
 [ 1.000000e+00  6.738937e+01  1.338066e+00]
 [ 1.000000e+00 -6.063090e+00  1.321405e+00]
 [ 1.000000e+00  7.870459e+00  1.304067e+00]
 [ 1.000000e+00  1.098123e+01  1.284199e+00]
 [ 1.000000e+00  2.846751e+00  1.257327e+00]
 [ 1.000000e+00  5.657952e+00  1.222049e+00]
 [ 1.000000e+00  3.002346e+00  1.181014e+00]
 [ 1.000000e+00  4.985870e+00  1.137494e+00]
 [ 1.000000e+00 -6.951950e+00  4.664530e-01]
 [ 1.000000e+00  4.249078e+00  5.677120e-01]
 [ 1.000000e+00  1.614127e+01  6.781880e-01]
 [ 1.000000e+00  9.450398e+00  6.543890e-01]
 [ 1.000000e+00 -2.178860e+01  5.972470e-01]
 [ 1.000000e+00  1.701108e+01  4.988510e-01]
 [ 1.000000e+00 -6.101100e+00  4.247220e-01]
 [ 1.000000e+00 -5.042600e-01  3.563130e-01]
 [ 1.000000e+00  9.922691e+00  2.891470e-01]
 [ 1.000000e+00  1.113838e+01  2.060000e-01]
 [ 1.000000e+00 -8.615840e+00  1.200540e-01]
 [ 1.000000e+00 -1.697870e+00  7.408200e-02]
 [ 1.000000e+00 -4.002240e+00  3.629500e-02]
 [ 1.000000e+00  9.985901e+00  2.235100e-02]
 [ 1.000000e+00  3.273305e+00  2.890000e-02]
 [ 1.000000e+00  3.631444e+00  5.449000e-03]
 [ 1.000000e+00  7.240420e+00  1.020500e-02]
 [ 1.000000e+00  5.319448e+00  4.832100e-02]
 [ 1.000000e+00  4.387856e+00  7.500900e-02]
 [ 1.000000e+00  4.636936e+00  8.370900e-02]
 [ 1.000000e+00  1.561821e+00  6.923100e-02]
 [ 1.000000e+00 -1.785330e+00  6.792400e-02]
 [ 1.000000e+00 -1.130250e+01  6.113600e-02]
 [ 1.000000e+00  5.337000e+00  2.037200e-02]
 [ 1.000000e+00  8.337734e+00  1.589000e-03]
 [ 1.000000e+00 -4.269500e-01  2.810400e-02]
 [ 1.000000e+00  2.790875e+00  5.290700e-02]
 [ 1.000000e+00  3.349996e+00  2.877400e-02]
 [ 1.000000e+00  4.734461e+00  1.682100e-02]
 [ 1.000000e+00  5.912799e+00  4.530400e-02]
 [ 1.000000e+00  2.333064e+00  5.616800e-02]
 [ 1.000000e+00  4.403347e+00  1.489160e-01]
 [ 1.000000e+00  3.611200e-01  4.445070e-01]
 [ 1.000000e+00  2.105001e+00  6.471830e-01]
 [ 1.000000e+00 -1.753000e-01  4.913890e-01]
 [ 1.000000e+00  5.316370e+00  3.005600e-01]
 [ 1.000000e+00  2.505981e+00  5.049340e-01]
 [ 1.000000e+00 -3.423950e+00  6.624690e-01]
 [ 1.000000e+00 -1.530700e+01  4.556130e-01]
 [ 1.000000e+00  5.463497e+00  3.075910e-01]
 [ 1.000000e+00 -1.014230e+00  1.719780e-01]
 [ 1.000000e+00 -1.490140e+01  2.695410e-01]
 [ 1.000000e+00 -5.635280e+00  1.159251e+00]
 [ 1.000000e+00  1.013289e+00  9.175040e-01]
 [ 1.000000e+00  2.467599e+00 -9.638000e-02]
 [ 1.000000e+00  6.591490e-01 -1.698800e-01]
 [ 1.000000e+00  8.647230e-01  1.287379e+00]
 [ 1.000000e+00  9.844278e+00  1.400779e+00]
 [ 1.000000e+00  1.187107e+01  8.278140e-01]
 [ 1.000000e+00 -6.450900e+00  1.908957e+00]
 [ 1.000000e+00 -5.199160e+00  1.601100e+00]
 [ 1.000000e+00  3.672168e+00  7.396200e-01]
 [ 1.000000e+00  3.039244e+00  9.636760e-01]
 [ 1.000000e+00  7.502114e+00  9.048810e-01]
 [ 1.000000e+00  6.403360e+00  8.424090e-01]
 [ 1.000000e+00 -9.318100e-01  7.840080e-01]
 [ 1.000000e+00  2.068703e+00  7.388170e-01]
 [ 1.000000e+00 -7.863500e-01  6.785370e-01]
 [ 1.000000e+00 -3.814120e+00  6.815110e-01]
 [ 1.000000e+00  3.024408e+00  6.344130e-01]
 [ 1.000000e+00  8.796621e+00  6.113690e-01]
 [ 1.000000e+00  4.734791e+00  6.093000e-01]
 [ 1.000000e+00  6.445161e+00  4.918250e-01]
 [ 1.000000e+00  1.490088e+01  4.266390e-01]
 [ 1.000000e+00  8.572826e+00  4.093950e-01]
 [ 1.000000e+00  7.334573e+00  3.413710e-01]
 [ 1.000000e+00  2.660975e+00  3.103560e-01]
 [ 1.000000e+00 -3.637860e+00  2.482370e-01]
 [ 1.000000e+00 -3.315520e+00  2.468190e-01]
 [ 1.000000e+00 -2.147740e+00  3.406860e-01]
 [ 1.000000e+00  4.613349e+00  3.817900e-01]
 [ 1.000000e+00  6.859148e+00  2.531890e-01]
 [ 1.000000e+00 -1.723770e+00  2.382710e-01]
 [ 1.000000e+00 -4.618970e+00  2.717300e-01]
 [ 1.000000e+00 -4.625890e+00  1.825860e-01]
 [ 1.000000e+00  2.894267e+00  1.672760e-01]
 [ 1.000000e+00 -1.440630e+00  2.409530e-01]
 [ 1.000000e+00 -6.507060e+00  2.325270e-01]
 [ 1.000000e+00  4.265880e-01  2.139810e-01]
 [ 1.000000e+00  1.666574e+00  3.366200e-02]
 [ 1.000000e+00  2.343911e+00  9.392000e-03]
 [ 1.000000e+00 -9.757000e-02  6.337400e-02]
 [ 1.000000e+00 -5.509300e-01  1.149090e-01]
 [ 1.000000e+00 -2.766480e+00  4.842500e-02]
 [ 1.000000e+00 -1.612970e+01 -1.249000e-02]
 [ 1.000000e+00  2.935648e+00  1.796100e-02]
 [ 1.000000e+00  2.606703e+00 -1.852300e-01]
 [ 1.000000e+00  3.728909e+00 -1.597100e-01]
 [ 1.000000e+00  3.193055e+00 -1.442700e-01]
 [ 1.000000e+00  3.446829e+00 -1.326900e-01]
 [ 1.000000e+00  2.912201e+00 -1.061200e-01]
 [ 1.000000e+00  2.767530e-01 -1.152800e-01]
 [ 1.000000e+00  1.517287e+01  1.971324e+00]
 [ 1.000000e+00 -1.305670e+01  1.875999e+00]
 [ 1.000000e+00  3.209828e+01  1.768293e+00]
 [ 1.000000e+00  3.149308e+01  1.712705e+00]
 [ 1.000000e+00 -1.493720e+00  1.682000e+00]
 [ 1.000000e+00  2.300608e+01  1.596559e+00]
 [ 1.000000e+00  3.148645e+01  1.559039e+00]
 [ 1.000000e+00  3.087305e+01  1.519197e+00]
 [ 1.000000e+00  1.809976e+01  1.516875e+00]
 [ 1.000000e+00 -1.610870e+01  1.558463e+00]
 [ 1.000000e+00  2.582206e+00  1.560204e+00]
 [ 1.000000e+00  1.022469e+01  1.545469e+00]
 [ 1.000000e+00  1.495720e+01  1.474219e+00]
 [ 1.000000e+00  9.357928e+00  1.234018e+00]
 [ 1.000000e+00  7.566111e+00  9.845660e-01]
 [ 1.000000e+00  1.519843e+01  9.947240e-01]
 [ 1.000000e+00  1.594887e+01  9.851330e-01]
 [ 1.000000e+00  1.740218e+01  9.791890e-01]
 [ 1.000000e+00  1.699451e+01  9.890930e-01]
 [ 1.000000e+00  1.559653e+01  9.851300e-01]
 [ 1.000000e+00  1.791204e+01  9.897860e-01]
 [ 1.000000e+00  1.061360e-01  1.039161e+00]
 [ 1.000000e+00  6.037814e+00  1.015821e+00]
 [ 1.000000e+00  1.512583e+01  1.006157e+00]
 [ 1.000000e+00  1.072266e+01  1.006201e+00]
 [ 1.000000e+00  1.007993e+01  9.527790e-01]
 [ 1.000000e+00 -1.939810e+00  9.377140e-01]
 [ 1.000000e+00 -2.940330e+01  7.218650e-01]
 [ 1.000000e+00  2.435429e+01  7.107950e-01]
 [ 1.000000e+00  1.452785e+01  8.361810e-01]
 [ 1.000000e+00  1.204959e+00  7.672420e-01]
 [ 1.000000e+00  7.297822e+00  5.779570e-01]
 [ 1.000000e+00  5.210021e+00  5.183210e-01]
 [ 1.000000e+00  3.840631e+00  3.963310e-01]
 [ 1.000000e+00  2.417118e+00  2.119980e-01]
 [ 1.000000e+00  4.999345e+00  5.252000e-01]
 [ 1.000000e+00  4.531682e+00  5.052340e-01]
 [ 1.000000e+00 -9.671800e-01  7.593170e-01]
 [ 1.000000e+00 -1.014320e+01  5.146830e-01]
 [ 1.000000e+00  1.784195e+01  4.982250e-01]
 [ 1.000000e+00  3.478558e+00  7.689720e-01]
 [ 1.000000e+00 -2.299830e+00  5.257140e-01]
 [ 1.000000e+00 -1.186700e-01  4.552190e-01]
 [ 1.000000e+00  5.262495e+00  6.281500e-01]
 [ 1.000000e+00  7.297390e+00  5.272880e-01]
 [ 1.000000e+00  5.610214e+00  4.513180e-01]
 [ 1.000000e+00 -3.188850e+00  3.194381e+00]
 [ 1.000000e+00  1.144979e+01  3.222765e+00]
 [ 1.000000e+00  1.427767e+01  3.197250e+00]
 [ 1.000000e+00  1.718680e+01  3.106935e+00]
 [ 1.000000e+00  2.299875e+00  2.974873e+00]
 [ 1.000000e+00  2.727900e-01  2.836495e+00]
 [ 1.000000e+00 -5.746010e+00  2.712816e+00]
 [ 1.000000e+00  1.404526e+01  2.597990e+00]
 [ 1.000000e+00  1.561680e+01  2.497642e+00]
 [ 1.000000e+00  1.274573e+01  2.409360e+00]
 [ 1.000000e+00  1.482384e+01  2.324705e+00]
 [ 1.000000e+00 -2.453360e+01  2.242987e+00]
 [ 1.000000e+00 -2.752800e+01  2.171782e+00]
 [ 1.000000e+00  6.060403e+00  2.112476e+00]
 [ 1.000000e+00  1.148114e+01  2.063660e+00]
 [ 1.000000e+00 -1.944080e+01  2.013465e+00]
 [ 1.000000e+00  5.708718e+00  1.968145e+00]
 [ 1.000000e+00  1.172239e+01  1.944703e+00]
 [ 1.000000e+00  1.575164e+00  1.947165e+00]
 [ 1.000000e+00  1.155103e+01  1.963892e+00]
 [ 1.000000e+00  9.944232e+00  1.987706e+00]
 [ 1.000000e+00  1.331502e+01  1.997565e+00]
 [ 1.000000e+00 -1.205500e+01  1.975381e+00]
 [ 1.000000e+00  1.444530e+01  1.911726e+00]
 [ 1.000000e+00 -3.126270e+01  1.820308e+00]
 [ 1.000000e+00  1.575684e+01  1.730762e+00]
 [ 1.000000e+00  1.409299e+01  1.652412e+00]
 [ 1.000000e+00  1.028411e+01  1.570345e+00]
 [ 1.000000e+00  2.897147e+00  1.485672e+00]
 [ 1.000000e+00  9.701930e+00  1.404926e+00]
 [ 1.000000e+00 -1.235970e+01  1.315920e+00]
 [ 1.000000e+00 -6.167700e-01  1.242445e+00]
 [ 1.000000e+00  1.785833e+00  1.223700e+00]
 [ 1.000000e+00  5.067368e+00  1.274618e+00]
 [ 1.000000e+00  7.862662e+00  1.370662e+00]
 [ 1.000000e+00  8.758111e+00  1.482564e+00]
 [ 1.000000e+00  5.047861e+00  1.571679e+00]
 [ 1.000000e+00  5.146073e+00  1.619085e+00]
 [ 1.000000e+00 -1.187000e+01  1.608834e+00]
 [ 1.000000e+00  6.786364e+00  1.558042e+00]
 [ 1.000000e+00  6.457553e+00  1.498344e+00]
 [ 1.000000e+00  5.340276e+00  1.449093e+00]
 [ 1.000000e+00 -2.112640e+00  1.403402e+00]
 [ 1.000000e+00  1.745065e+00  1.366246e+00]
 [ 1.000000e+00  4.261175e+00  1.334898e+00]
 [ 1.000000e+00  1.525259e+00  1.301731e+00]
 [ 1.000000e+00 -1.760690e+00  1.189134e+00]
 [ 1.000000e+00 -5.915230e+00  1.011173e+00]
 [ 1.000000e+00  7.832145e+00  8.273310e-01]
 [ 1.000000e+00  2.567880e-01  7.836720e-01]
 [ 1.000000e+00 -8.663600e+00  8.913900e-01]
 [ 1.000000e+00  4.372093e+00  7.849930e-01]
 [ 1.000000e+00  5.071410e+00  5.946260e-01]
 [ 1.000000e+00  9.386090e-01  6.152650e-01]
 [ 1.000000e+00 -3.191460e+00  6.902820e-01]
 [ 1.000000e+00  2.806358e+00  7.913320e-01]
 [ 1.000000e+00 -1.315620e+01  6.860470e-01]
 [ 1.000000e+00 -4.536620e+00  4.585600e-01]
 [ 1.000000e+00  6.895534e+00  3.792230e-01]
 [ 1.000000e+00  7.447390e+00  3.969330e-01]
 [ 1.000000e+00  5.644023e+00  4.663270e-01]
 [ 1.000000e+00  7.767363e+00  5.549580e-01]
 [ 1.000000e+00 -1.381250e+00  6.345270e-01]
 [ 1.000000e+00  9.020252e+00  6.460960e-01]
 [ 1.000000e+00  7.951306e+00  5.999070e-01]
 [ 1.000000e+00  2.381988e+00  6.886040e-01]
 [ 1.000000e+00  4.392030e-01  7.880310e-01]
 [ 1.000000e+00  2.595391e+00  7.560570e-01]
 [ 1.000000e+00 -7.349780e+00  6.969910e-01]
 [ 1.000000e+00  5.845276e+00  6.029380e-01]
 [ 1.000000e+00  5.576534e+00  4.939270e-01]
 [ 1.000000e+00  7.952627e+00  4.613960e-01]
 [ 1.000000e+00  7.782638e+00  5.147670e-01]
 [ 1.000000e+00  6.192511e+00  6.166410e-01]
 [ 1.000000e+00  7.682696e+00  6.654930e-01]
 [ 1.000000e+00  9.472150e-01  7.147700e-01]
 [ 1.000000e+00  1.856928e+00  7.548400e-01]
 [ 1.000000e+00 -6.524920e+00  6.382920e-01]
 [ 1.000000e+00 -1.398180e+00  4.718140e-01]
 [ 1.000000e+00  1.310648e+00  3.474750e-01]
 [ 1.000000e+00  3.762250e+00  2.336630e-01]
 [ 1.000000e+00  6.812484e+00  1.606140e-01]
 [ 1.000000e+00  7.246272e+00  2.175220e-01]
 [ 1.000000e+00  2.590028e+00  3.892920e-01]
 [ 1.000000e+00 -1.078620e+01  5.142850e-01]
 [ 1.000000e+00 -1.591030e+00  5.129230e-01]
 [ 1.000000e+00  3.461619e+00  4.664290e-01]
 [ 1.000000e+00 -6.195800e+00  3.700550e-01]
 [ 1.000000e+00 -3.917890e+00  2.948210e-01]
 [ 1.000000e+00  3.200114e+00  3.598280e-01]
 [ 1.000000e+00  1.123433e+01  4.432200e-01]
 [ 1.000000e+00  3.096016e+00  5.321790e-01]
 [ 1.000000e+00 -2.251280e+00  1.205085e+00]
 [ 1.000000e+00  1.445862e+01  1.104137e+00]
 [ 1.000000e+00  1.203779e+01  1.104938e+00]
 [ 1.000000e+00  9.995942e+00  1.092608e+00]
 [ 1.000000e+00 -4.563590e+00  1.081294e+00]
 [ 1.000000e+00 -1.003610e+00  1.056852e+00]
 [ 1.000000e+00 -3.729740e+00  1.029132e+00]
 [ 1.000000e+00 -5.484620e+00  9.628770e-01]
 [ 1.000000e+00 -2.183830e+00  8.815850e-01]
 [ 1.000000e+00  2.614432e+00  8.029640e-01]
 [ 1.000000e+00 -8.600480e+00  7.108780e-01]
 [ 1.000000e+00  1.461694e+00  6.003900e-01]
 [ 1.000000e+00 -2.208060e+00  4.871830e-01]
 [ 1.000000e+00 -1.727160e+00  4.152560e-01]
 [ 1.000000e+00  5.140637e+00  3.623660e-01]
 [ 1.000000e+00  1.206897e+01  2.987820e-01]
 [ 1.000000e+00  1.289918e+01  2.593290e-01]
 [ 1.000000e+00  1.483814e+01  2.120650e-01]
 [ 1.000000e+00  1.154178e+01  1.567760e-01]
 [ 1.000000e+00  6.243854e+00  1.018290e-01]
 [ 1.000000e+00  1.447320e+00  2.545270e-01]
 [ 1.000000e+00 -3.655970e+00  4.897580e-01]
 [ 1.000000e+00 -1.155030e+01  5.185440e-01]
 [ 1.000000e+00  3.469090e+00  4.761010e-01]
 [ 1.000000e+00  7.593836e+00  4.413660e-01]
 [ 1.000000e+00  2.132792e+00  4.165160e-01]
 [ 1.000000e+00  5.031916e+00  4.191200e-01]
 [ 1.000000e+00  1.149122e+01  4.138470e-01]
 [ 1.000000e+00  1.058439e+01  4.053230e-01]
 [ 1.000000e+00  6.895238e+00  4.471370e-01]
 [ 1.000000e+00  4.503918e+00  6.940680e-01]
 [ 1.000000e+00  4.357558e+00  1.412595e+00]
 [ 1.000000e+00  6.524252e+00  1.808454e+00]
 [ 1.000000e+00  5.341535e+00  1.725466e+00]
 [ 1.000000e+00  7.070850e+00  1.689349e+00]
 [ 1.000000e+00  7.756912e+00  1.690353e+00]
 [ 1.000000e+00  4.508823e+00  1.851081e+00]
 [ 1.000000e+00 -3.582110e+00  1.595330e+00]
 [ 1.000000e+00 -1.717310e+01  8.857360e-01]
 [ 1.000000e+00 -3.761100e+00  4.604080e-01]
 [ 1.000000e+00 -7.214330e+00  3.553380e-01]
 [ 1.000000e+00 -9.549720e+00  6.492600e-02]
 [ 1.000000e+00 -4.621540e+00 -3.276700e-01]
 [ 1.000000e+00  5.782869e+00 -2.989500e-01]
 [ 1.000000e+00  8.675420e+00 -7.759000e-02]
 [ 1.000000e+00  3.055426e+00  8.443000e-02]
 [ 1.000000e+00 -5.797500e-01  4.176670e-01]
 [ 1.000000e+00 -1.224830e+00  3.390580e-01]
 [ 1.000000e+00  1.952534e+01  1.931980e-01]
 [ 1.000000e+00 -7.426440e+00  6.305900e-02]
 [ 1.000000e+00 -1.262040e+01 -7.420000e-03]
 [ 1.000000e+00  1.159329e+01 -2.460000e-02]
 [ 1.000000e+00  1.632957e+00 -3.287000e-02]
 [ 1.000000e+00  1.425258e+00  5.360000e-03]
 [ 1.000000e+00  3.254778e+00  8.972900e-02]
 [ 1.000000e+00 -1.516190e+01  1.195170e-01]
 [ 1.000000e+00 -8.962970e+00  3.482200e-02]
 [ 1.000000e+00  1.046822e+01 -3.584000e-02]
 [ 1.000000e+00  1.040875e+01  3.410100e-02]
 [ 1.000000e+00  8.295624e+00  1.582620e-01]
 [ 1.000000e+00  3.559588e+00  2.269510e-01]
 [ 1.000000e+00  2.395496e+00  2.316100e-01]
 [ 1.000000e+00  9.683375e+00  2.126370e-01]
 [ 1.000000e+00  1.800355e+01  2.220640e-01]
 [ 1.000000e+00  3.820523e+00  2.603110e-01]
 [ 1.000000e+00 -6.086440e+00  2.989310e-01]
 [ 1.000000e+00 -8.861200e+00  3.092480e-01]
 [ 1.000000e+00  4.074141e+00  2.704310e-01]
 [ 1.000000e+00  3.765106e+00  2.397450e-01]
 [ 1.000000e+00  1.037013e+01  2.545860e-01]
 [ 1.000000e+00  5.105782e+00  2.645470e-01]
 [ 1.000000e+00  2.798504e+00  2.546260e-01]
 [ 1.000000e+00  5.714687e+00  2.575530e-01]
 [ 1.000000e+00  8.329396e+00  2.914060e-01]
 [ 1.000000e+00  2.878303e+00  3.334060e-01]
 [ 1.000000e+00  7.256110e-01  3.573010e-01]
 [ 1.000000e+00  1.330714e+00  3.849760e-01]
 [ 1.000000e+00  9.843880e-01  4.233370e-01]
 [ 1.000000e+00  1.832181e+00  4.656410e-01]
 [ 1.000000e+00  2.310030e-01  5.689430e-01]
 [ 1.000000e+00  2.285817e+00  6.866110e-01]
 [ 1.000000e+00  4.602036e+00  7.350490e-01]
 [ 1.000000e+00  2.706128e+00  7.786660e-01]
 [ 1.000000e+00 -6.194920e+00  7.870330e-01]
 [ 1.000000e+00 -1.744640e+01  7.563910e-01]
 [ 1.000000e+00  1.409269e+01  7.838890e-01]
 [ 1.000000e+00  2.481461e+00  7.816770e-01]
 [ 1.000000e+00  6.214401e+00  6.953160e-01]
 [ 1.000000e+00  1.031131e+01  6.695340e-01]
 [ 1.000000e+00  1.090958e+01  7.533490e-01]
 [ 1.000000e+00  4.079910e+00  7.949680e-01]
 [ 1.000000e+00  9.268070e-01  7.140300e-01]
 [ 1.000000e+00  5.449897e+00  1.264334e+00]
 [ 1.000000e+00  7.823670e+00  1.070523e+00]
 [ 1.000000e+00  8.953993e+00  9.544770e-01]
 [ 1.000000e+00 -4.799450e+00  9.136600e-01]
 [ 1.000000e+00 -1.246580e+01  9.859860e-01]
 [ 1.000000e+00  1.490610e+01  9.502200e-01]
 [ 1.000000e+00  1.099372e+01  1.005772e+00]
 [ 1.000000e+00  1.069483e+01  1.059573e+00]
 [ 1.000000e+00  3.847354e+00  1.103577e+00]
 [ 1.000000e+00 -7.695980e+00  9.595900e-01]
 [ 1.000000e+00  6.751795e+00  9.814150e-01]
 [ 1.000000e+00 -1.057340e+01  9.533180e-01]
 [ 1.000000e+00  8.728169e+00  9.143790e-01]
 [ 1.000000e+00  2.377791e+01  8.658170e-01]
 [ 1.000000e+00  2.404038e+00  8.861290e-01]
 [ 1.000000e+00  1.775355e+00  9.241640e-01]
 [ 1.000000e+00  3.518501e+00  8.938290e-01]
 [ 1.000000e+00  1.733789e+00  9.079990e-01]
 [ 1.000000e+00  3.628530e+00  9.444060e-01]
 [ 1.000000e+00 -1.022440e+00  1.129651e+00]
 [ 1.000000e+00 -5.270630e+00  1.336261e+00]
 [ 1.000000e+00  5.549072e+00  1.386886e+00]
 [ 1.000000e+00  5.392264e+00  1.318680e+00]
 [ 1.000000e+00  9.039731e+00  1.226296e+00]
 [ 1.000000e+00  2.886112e+00  1.190787e+00]
 [ 1.000000e+00  7.619639e+00  1.163412e+00]
 [ 1.000000e+00  9.695145e+00  1.203960e+00]
 [ 1.000000e+00  8.379575e+00  1.165715e+00]
 [ 1.000000e+00  8.006281e+00  1.148340e+00]
 [ 1.000000e+00  5.929378e+00  1.112769e+00]
 [ 1.000000e+00 -4.338540e+00  9.897410e-01]
 [ 1.000000e+00  6.234370e-01  9.277970e-01]
 [ 1.000000e+00  3.976134e+00  8.594820e-01]
 [ 1.000000e+00  7.464885e+00  9.254840e-01]
 [ 1.000000e+00  5.287453e+00  9.217130e-01]
 [ 1.000000e+00  2.320674e+00  9.642540e-01]
 [ 1.000000e+00 -2.214750e+00  9.510550e-01]
 [ 1.000000e+00 -6.986300e+00  9.458650e-01]
 [ 1.000000e+00 -1.689170e+01  8.766510e-01]
 [ 1.000000e+00  9.549633e+00  8.332630e-01]
 [ 1.000000e+00  2.873054e+00  7.426520e-01]
 [ 1.000000e+00  6.927847e+00  7.509150e-01]
 [ 1.000000e+00  3.955713e+00  7.112480e-01]
 [ 1.000000e+00  4.306034e+00  7.523050e-01]
 [ 1.000000e+00  4.597220e+00  7.558130e-01]
 [ 1.000000e+00 -1.384280e+00  7.343070e-01]
 [ 1.000000e+00 -1.860470e+00  2.779393e+00]
 [ 1.000000e+00  1.706162e+01  2.749168e+00]
 [ 1.000000e+00  2.429149e+01  2.741122e+00]
 [ 1.000000e+00  3.778501e+01  2.762508e+00]
 [ 1.000000e+00  8.510646e+00  2.803819e+00]
 [ 1.000000e+00  3.267974e+00  2.838830e+00]
 [ 1.000000e+00  1.751055e+01  2.866819e+00]
 [ 1.000000e+00  2.010772e+01  2.908871e+00]
 [ 1.000000e+00 -7.174890e+00  2.966889e+00]
 [ 1.000000e+00  2.254429e+00  3.028983e+00]
 [ 1.000000e+00  7.977950e+00  3.085416e+00]
 [ 1.000000e+00  1.638520e+00  3.119932e+00]
 [ 1.000000e+00  4.303566e+00  3.122386e+00]
 [ 1.000000e+00  3.258121e+00  3.087123e+00]
 [ 1.000000e+00  4.967193e+00  3.023423e+00]
 [ 1.000000e+00 -1.373340e+01  2.948952e+00]
 [ 1.000000e+00 -2.000070e+01  2.869734e+00]
 [ 1.000000e+00  7.986955e+00  2.777352e+00]
 [ 1.000000e+00  5.305595e+00  2.672942e+00]
 [ 1.000000e+00 -4.468180e+00  2.559039e+00]
 [ 1.000000e+00 -9.211380e+00  2.447244e+00]
 [ 1.000000e+00 -8.294320e+00  2.332887e+00]
 [ 1.000000e+00 -6.066370e+00  2.201996e+00]
 [ 1.000000e+00  4.404804e+00  2.051752e+00]
 [ 1.000000e+00  8.367040e-01  1.893116e+00]
 [ 1.000000e+00 -3.607830e+00  1.739256e+00]
 [ 1.000000e+00 -3.873490e+00  1.603535e+00]
 [ 1.000000e+00  2.087487e+01  1.490808e+00]
 [ 1.000000e+00 -2.059150e+00  1.407131e+00]
 [ 1.000000e+00  9.511416e+00  1.349663e+00]
 [ 1.000000e+00  1.274640e+01  1.301453e+00]
 [ 1.000000e+00  2.092204e+01  1.267231e+00]
 [ 1.000000e+00  1.107014e+01  1.268580e+00]
 [ 1.000000e+00  1.062322e+01  1.310924e+00]
 [ 1.000000e+00  1.138515e+01  1.383398e+00]
 [ 1.000000e+00 -1.793460e+00  1.459709e+00]
 [ 1.000000e+00  1.121846e+01  1.534038e+00]
 [ 1.000000e+00  6.562183e+00  1.621298e+00]
 [ 1.000000e+00  9.566697e+00  1.720717e+00]
 [ 1.000000e+00  2.889066e+00  1.821358e+00]
 [ 1.000000e+00 -7.794600e+00  1.924787e+00]
 [ 1.000000e+00  1.429234e+01  2.006614e+00]
 [ 1.000000e+00  1.043532e+01  2.036092e+00]
 [ 1.000000e+00  9.537409e+00  2.000666e+00]
 [ 1.000000e+00  8.685274e+00  1.919959e+00]
 [ 1.000000e+00  4.252303e+00  1.825463e+00]
 [ 1.000000e+00  3.036728e+00  4.462460e-01]
 [ 1.000000e+00  9.797870e+00  5.811900e-01]
 [ 1.000000e+00  9.370005e+00  5.540410e-01]
 [ 1.000000e+00  1.093585e+00  1.702060e-01]
 [ 1.000000e+00 -1.226320e+01 -2.653200e-01]
 [ 1.000000e+00  1.240341e+01 -1.766700e-01]
 [ 1.000000e+00  1.061338e+01  3.839000e-02]
 [ 1.000000e+00 -9.831960e+00 -8.096000e-02]
 [ 1.000000e+00  1.634020e+01 -1.704600e-01]
 [ 1.000000e+00 -1.151510e+00  1.060000e-04]
 [ 1.000000e+00 -6.031450e+00  2.550180e-01]
 [ 1.000000e+00 -6.950720e+00  7.171700e-02]
 [ 1.000000e+00 -3.143690e+00 -1.616000e-01]
 [ 1.000000e+00  5.211647e+00 -6.290000e-03]
 [ 1.000000e+00  6.419537e+00  4.695100e-02]
 [ 1.000000e+00  1.453520e-01  6.354900e-02]
 [ 1.000000e+00  3.345484e+00  6.328400e-02]
 [ 1.000000e+00  1.036166e+01  1.415710e-01]
 [ 1.000000e+00  6.847927e+00  4.505140e-01]
 [ 1.000000e+00  5.632027e+00  7.620020e-01]
 [ 1.000000e+00  4.800128e+00  9.984180e-01]
 [ 1.000000e+00 -8.187300e-01  1.100552e+00]
 [ 1.000000e+00 -2.788220e+00  8.246280e-01]
 [ 1.000000e+00  5.978138e+00  3.848700e-01]
 [ 1.000000e+00  6.424695e+00  1.531060e-01]
 [ 1.000000e+00  7.635910e-01  1.350200e-01]
 [ 1.000000e+00  1.766078e+00  1.133170e-01]
 [ 1.000000e+00  2.839243e+00  1.097280e-01]
 [ 1.000000e+00  3.418195e+00  1.945630e-01]
 [ 1.000000e+00  2.505190e+00  2.404670e-01]
 [ 1.000000e+00 -8.527800e-01  3.827990e-01]
 [ 1.000000e+00 -3.829450e+00  4.919800e-01]
 [ 1.000000e+00  4.648191e+00  4.871340e-01]
 [ 1.000000e+00  1.664446e+00  6.204130e-01]
 [ 1.000000e+00  1.564551e+00  6.812670e-01]
 [ 1.000000e+00  2.225551e+00  4.947980e-01]
 [ 1.000000e+00  7.459450e+00  3.241470e-01]
 [ 1.000000e+00 -5.404100e-01  3.130410e-01]
 [ 1.000000e+00 -1.035670e+01  2.619530e-01]
 [ 1.000000e+00 -1.782000e-01  2.403940e-01]
 [ 1.000000e+00  8.805657e+00  3.370810e-01]
 [ 1.000000e+00 -7.023400e-01  4.559370e-01]
 [ 1.000000e+00 -7.346900e-01  5.893870e-01]
 [ 1.000000e+00  3.912230e-01  7.815420e-01]
 [ 1.000000e+00  1.954378e+00  1.120993e+00]
 [ 1.000000e+00  3.479545e+00  1.081396e+00]
 [ 1.000000e+00 -2.408470e+01  2.094771e+00]
 [ 1.000000e+00 -5.564300e+01  1.750092e+00]
 [ 1.000000e+00  9.648085e+01  1.605032e+00]
 [ 1.000000e+00  1.473316e+02  1.722186e+00]
 [ 1.000000e+00 -2.208890e+01  2.013666e+00]
 [ 1.000000e+00  1.825109e+01  2.346821e+00]
 [ 1.000000e+00  2.622434e+01  2.605197e+00]
 [ 1.000000e+00  2.581065e+01  2.774531e+00]
 [ 1.000000e+00  1.137852e+01  2.819565e+00]
 [ 1.000000e+00  1.744724e+01  2.780488e+00]
 [ 1.000000e+00  2.285634e+01  2.724763e+00]
 [ 1.000000e+00  8.590093e+00  2.693949e+00]
 [ 1.000000e+00  4.512159e+00  2.674057e+00]
 [ 1.000000e+00  9.956036e+00  2.674099e+00]
 [ 1.000000e+00  5.923777e+00  2.683218e+00]
 [ 1.000000e+00  5.613790e+00  2.691530e+00]
 [ 1.000000e+00  1.029012e+01  2.680802e+00]
 [ 1.000000e+00  1.531964e+00  2.640655e+00]
 [ 1.000000e+00  4.925615e+00  2.565378e+00]
 [ 1.000000e+00  5.515410e+00  2.468724e+00]
 [ 1.000000e+00  2.459203e+00  2.362697e+00]
 [ 1.000000e+00  4.007493e+00  2.268352e+00]
 [ 1.000000e+00  1.116400e+01  2.199300e+00]
 [ 1.000000e+00  9.237543e+00  2.163958e+00]
 [ 1.000000e+00  9.608163e+00  2.149696e+00]
 [ 1.000000e+00  1.195168e+01  2.135935e+00]
 [ 1.000000e+00  6.459445e+00  2.109208e+00]
 [ 1.000000e+00  9.113164e+00  2.072226e+00]
 [ 1.000000e+00  8.586602e+00  2.021166e+00]
 [ 1.000000e+00  7.117690e+00  1.958194e+00]
 [ 1.000000e+00  7.934722e+00  1.901470e+00]
 [ 1.000000e+00  7.420113e+00  1.842265e+00]
 [ 1.000000e+00  7.657354e+00  1.754879e+00]
 [ 1.000000e+00  8.208580e+00  1.632767e+00]
 [ 1.000000e+00  9.763640e+00  1.491650e+00]
 [ 1.000000e+00  9.887953e+00  1.341370e+00]
 [ 1.000000e+00  7.146867e+00  1.211053e+00]
 [ 1.000000e+00  9.815106e+00  1.126318e+00]
 [ 1.000000e+00  7.388145e+00  1.101990e+00]
 [ 1.000000e+00  8.564622e+00  1.119888e+00]
 [ 1.000000e+00  9.560947e+00  1.151949e+00]
 [ 1.000000e+00  1.056773e+01  1.172435e+00]
 [ 1.000000e+00  5.364642e+00  1.177319e+00]
 [ 1.000000e+00  9.855051e+00  1.157188e+00]
 [ 1.000000e+00  7.118801e+00  1.120144e+00]
 [ 1.000000e+00  8.909372e+00  1.080165e+00]
 [ 1.000000e+00 -2.046880e+00  1.822470e-01]
 [ 1.000000e+00 -8.039000e-02  3.915860e-01]
 [ 1.000000e+00  1.183558e+01  3.146590e-01]
 [ 1.000000e+00  1.028880e+01  3.146340e-01]
 [ 1.000000e+00 -1.334450e+01  2.889780e-01]
 [ 1.000000e+00  8.288173e+00  1.786740e-01]
 [ 1.000000e+00  7.553740e-01  1.234800e-01]
 [ 1.000000e+00  2.285936e+00  9.330000e-02]
 [ 1.000000e+00  3.213340e-01  8.988300e-02]
 [ 1.000000e+00  1.518254e+01  1.102110e-01]
 [ 1.000000e+00 -1.830570e+01 -2.640000e-03]
 [ 1.000000e+00 -7.527350e+00 -2.718000e-02]
 [ 1.000000e+00 -1.110870e+01 -7.940000e-03]
 [ 1.000000e+00  1.268474e+01 -1.500000e-03]
 [ 1.000000e+00 -3.155680e+00  2.978600e-02]
 [ 1.000000e+00  5.566779e+00  3.564900e-02]
 [ 1.000000e+00  9.238784e+00  8.525200e-02]
 [ 1.000000e+00  1.886780e+01  3.179260e-01]
 [ 1.000000e+00  1.086215e+01  3.632480e-01]
 [ 1.000000e+00  7.670909e+00  2.982360e-01]
 [ 1.000000e+00 -3.626220e+00  3.715930e-01]
 [ 1.000000e+00  1.829138e+00  4.057130e-01]
 [ 1.000000e+00 -2.956530e+00  3.906390e-01]
 [ 1.000000e+00  3.764435e+00  3.081970e-01]
 [ 1.000000e+00  4.113741e+00  2.094370e-01]
 [ 1.000000e+00  8.954500e-01  1.953930e-01]
 [ 1.000000e+00  7.606658e+00  2.419920e-01]
 [ 1.000000e+00  1.898814e+00  2.135280e-01]
 [ 1.000000e+00  4.010375e+00  2.291890e-01]
 [ 1.000000e+00  6.383080e+00  2.425180e-01]
 [ 1.000000e+00 -2.742010e+00  3.439510e-01]
 [ 1.000000e+00 -4.300140e+00  4.482690e-01]
 [ 1.000000e+00  3.006730e-01  4.186420e-01]
 [ 1.000000e+00  1.054163e+01  4.327880e-01]
 [ 1.000000e+00  8.247881e+00  5.500560e-01]
 [ 1.000000e+00  3.754987e+00  6.595580e-01]
 [ 1.000000e+00  8.345783e+00  7.343310e-01]
 [ 1.000000e+00  2.493243e+00  7.899770e-01]
 [ 1.000000e+00 -9.574850e+00  8.046000e-01]
 [ 1.000000e+00  1.830563e+00  9.136390e-01]
 [ 1.000000e+00  7.274726e+00  1.386849e+00]
 [ 1.000000e+00 -2.505930e+00  7.260320e-01]
 [ 1.000000e+00 -3.081180e+00  4.891840e-01]
 [ 1.000000e+00  7.135177e+00  2.343710e-01]
 [ 1.000000e+00  3.620055e+00  5.794460e-01]
 [ 1.000000e+00  4.648879e+00  5.063000e-01]
 [ 1.000000e+00 -3.014150e+00  2.181542e+00]
 [ 1.000000e+00  4.485301e+01  2.225788e+00]
 [ 1.000000e+00  1.288667e+00  2.277352e+00]
 [ 1.000000e+00  4.649164e+01  2.340560e+00]
 [ 1.000000e+00  7.897300e-02  2.410100e+00]
 [ 1.000000e+00  1.893395e+00  2.480581e+00]
 [ 1.000000e+00 -7.974290e+00  2.544627e+00]
 [ 1.000000e+00 -5.580450e+00  2.601673e+00]
 [ 1.000000e+00  4.315414e+01  2.648765e+00]
 [ 1.000000e+00  3.668025e+01  2.689452e+00]
 [ 1.000000e+00  1.379804e+01  2.732265e+00]
 [ 1.000000e+00  4.309503e+01  2.777365e+00]
 [ 1.000000e+00 -4.143610e+01  2.817449e+00]
 [ 1.000000e+00 -2.618130e+01  2.851805e+00]
 [ 1.000000e+00 -2.733560e+01  2.885260e+00]
 [ 1.000000e+00  4.809524e+01  2.902539e+00]
 [ 1.000000e+00 -7.234720e+00  2.925497e+00]
 [ 1.000000e+00  5.199306e+00  2.988652e+00]
 [ 1.000000e+00 -2.330070e+01  3.100766e+00]
 [ 1.000000e+00  4.621353e+01  3.235059e+00]
 [ 1.000000e+00  9.364272e+00  3.377159e+00]
 [ 1.000000e+00 -2.427700e+00  3.479003e+00]
 [ 1.000000e+00  5.800032e+00  3.500774e+00]
 [ 1.000000e+00  7.320180e-01  3.426061e+00]
 [ 1.000000e+00  3.813271e+01  3.293614e+00]
 [ 1.000000e+00 -1.827800e+01  3.145324e+00]
 [ 1.000000e+00  1.671198e+01  3.028375e+00]
 [ 1.000000e+00 -6.146440e+00  2.958613e+00]
 [ 1.000000e+00  1.755382e+01  2.951754e+00]
 [ 1.000000e+00 -5.963390e+00  2.983995e+00]
 [ 1.000000e+00  2.137267e+01  3.023780e+00]
 [ 1.000000e+00 -1.099540e+01  3.043083e+00]
 [ 1.000000e+00  6.427643e+00  3.039675e+00]
 [ 1.000000e+00  5.271426e+00  3.005342e+00]
 [ 1.000000e+00 -2.084230e+01  2.952384e+00]
 [ 1.000000e+00  1.007541e+01  2.897533e+00]
 [ 1.000000e+00  3.111323e+01  2.854074e+00]
 [ 1.000000e+00 -7.489110e+00  2.823522e+00]
 [ 1.000000e+00  1.129589e+01  2.809337e+00]
 [ 1.000000e+00  8.330984e+00  2.806109e+00]
 [ 1.000000e+00  3.669486e+00  2.803422e+00]
 [ 1.000000e+00  5.849128e+00  2.797040e+00]
 [ 1.000000e+00  3.985533e+01  2.790253e+00]
 [ 1.000000e+00  1.055622e+01  2.782287e+00]
 [ 1.000000e+00 -3.773300e+00  2.772978e+00]
 [ 1.000000e+00  1.674450e-01  2.763534e+00]
 [ 1.000000e+00  1.413053e+01  2.082420e+00]
 [ 1.000000e+00  3.764412e+01  2.096978e+00]
 [ 1.000000e+00 -1.610760e+01  2.115069e+00]
 [ 1.000000e+00 -1.598070e+01  2.137231e+00]
 [ 1.000000e+00  5.839603e+01  2.161004e+00]
 [ 1.000000e+00 -1.923370e+01  2.183422e+00]
 [ 1.000000e+00  6.832545e+00  2.199227e+00]
 [ 1.000000e+00  3.168441e+01  2.204266e+00]
 [ 1.000000e+00 -1.550190e+01  2.196153e+00]
 [ 1.000000e+00 -2.983790e+01  2.178498e+00]
 [ 1.000000e+00 -7.814400e-01  2.159576e+00]
 [ 1.000000e+00 -2.351100e+01  2.140644e+00]
 [ 1.000000e+00 -1.113960e+01  2.115831e+00]
 [ 1.000000e+00  3.929433e+01  2.084447e+00]
 [ 1.000000e+00  2.682308e+01  2.050223e+00]
 [ 1.000000e+00 -3.049980e+01  2.013592e+00]
 [ 1.000000e+00  1.751540e+01  1.981518e+00]
 [ 1.000000e+00  3.830938e+00  1.961462e+00]
 [ 1.000000e+00 -1.512010e+01  1.956515e+00]
 [ 1.000000e+00  1.768422e+01  1.961844e+00]
 [ 1.000000e+00  2.928703e+01  1.968138e+00]
 [ 1.000000e+00  5.322720e+00  1.970947e+00]
 [ 1.000000e+00 -6.910000e-02  1.973167e+00]
 [ 1.000000e+00 -1.060230e+01  1.974325e+00]
 [ 1.000000e+00  1.230877e+01  1.973335e+00]
 [ 1.000000e+00  1.878766e+01  1.972420e+00]
 [ 1.000000e+00  3.023354e+01  1.968361e+00]
 [ 1.000000e+00  2.851006e+01  1.955122e+00]
 [ 1.000000e+00 -1.876210e+01  1.930572e+00]
 [ 1.000000e+00 -7.377370e+00  1.898107e+00]
 [ 1.000000e+00 -1.746910e+01  1.863490e+00]
 [ 1.000000e+00  1.786123e+01  1.830635e+00]
 [ 1.000000e+00 -1.282780e+01  1.798916e+00]
 [ 1.000000e+00 -1.184490e+01  1.769869e+00]
 [ 1.000000e+00  2.686562e+01  1.742892e+00]
 [ 1.000000e+00 -5.090100e+00  1.715803e+00]
 [ 1.000000e+00  1.105647e+01  1.688819e+00]
 [ 1.000000e+00  2.931337e+01  1.663906e+00]
 [ 1.000000e+00  3.878754e+00  1.641612e+00]
 [ 1.000000e+00  7.147012e+00  1.621157e+00]
 [ 1.000000e+00  2.585165e+01  1.601318e+00]
 [ 1.000000e+00 -6.609920e+00  1.581549e+00]
 [ 1.000000e+00  1.604454e+01  1.562684e+00]
 [ 1.000000e+00  1.251005e+01  1.544652e+00]
 [ 1.000000e+00  8.158700e-01  1.527225e+00]
 [ 1.000000e+00  9.862039e+00  1.510047e+00]
 [ 1.000000e+00  4.095996e+01  1.740988e+00]
 [ 1.000000e+00  2.753561e+01  1.762898e+00]
 [ 1.000000e+00  1.704674e+01  1.791696e+00]
 [ 1.000000e+00  1.067787e+01  1.830514e+00]
 [ 1.000000e+00 -8.767700e-01  1.878003e+00]
 [ 1.000000e+00  8.845230e-01  1.922917e+00]
 [ 1.000000e+00 -8.770940e+00  1.971156e+00]
 [ 1.000000e+00  3.364731e+00  2.040079e+00]
 [ 1.000000e+00 -1.681210e+01  2.133575e+00]
 [ 1.000000e+00  2.045746e+00  2.240814e+00]
 [ 1.000000e+00 -2.021600e-01  2.351165e+00]
 [ 1.000000e+00  3.076117e+01  2.447834e+00]
 [ 1.000000e+00 -7.759670e+00  2.519590e+00]
 [ 1.000000e+00  1.632171e+00  2.559784e+00]
 [ 1.000000e+00  7.687249e+01  2.577809e+00]
 [ 1.000000e+00 -1.190190e+01  2.590248e+00]
 [ 1.000000e+00 -4.934570e+00  2.605860e+00]
 [ 1.000000e+00  7.347444e+00  2.621720e+00]
 [ 1.000000e+00  5.259723e+00  2.639694e+00]
 [ 1.000000e+00  1.112982e+00  2.659152e+00]
 [ 1.000000e+00  1.418091e+01  2.676924e+00]
 [ 1.000000e+00 -1.028520e+01  2.692988e+00]
 [ 1.000000e+00  9.332350e-01  2.709647e+00]
 [ 1.000000e+00  2.497112e+01  2.727322e+00]
 [ 1.000000e+00 -7.862440e+00  2.745914e+00]
 [ 1.000000e+00  1.304477e+01  2.764895e+00]
 [ 1.000000e+00  1.740841e+01  2.783685e+00]
 [ 1.000000e+00 -3.457200e+00  2.802940e+00]
 [ 1.000000e+00 -1.408780e+01  2.822272e+00]
 [ 1.000000e+00  9.128800e+00  2.841885e+00]
 [ 1.000000e+00  6.511995e+00  2.858869e+00]
 [ 1.000000e+00  1.973035e+01  2.875992e+00]
 [ 1.000000e+00  1.398888e+01  2.898432e+00]
 [ 1.000000e+00  1.146065e+01  2.927561e+00]
 [ 1.000000e+00  1.542949e+01  2.959188e+00]
 [ 1.000000e+00  2.581278e+00  2.989070e+00]
 [ 1.000000e+00  1.102606e+01  3.011809e+00]
 [ 1.000000e+00  7.724713e+00  3.024962e+00]
 [ 1.000000e+00  1.812274e+01  3.026450e+00]
 [ 1.000000e+00  4.148811e+00  3.019245e+00]
 [ 1.000000e+00  1.935082e+01  3.008938e+00]
 [ 1.000000e+00  2.488437e+01  2.997255e+00]
 [ 1.000000e+00  7.910463e+00  2.981483e+00]
 [ 1.000000e+00 -1.508420e+01  2.961978e+00]
 [ 1.000000e+00  9.198936e+00  2.939690e+00]
 [ 1.000000e+00 -1.135490e+00  2.915614e+00]
 [ 1.000000e+00  2.222234e+01  2.572620e+00]
 [ 1.000000e+00  7.142322e+00  2.615390e+00]
 [ 1.000000e+00  6.753710e+00  2.660565e+00]
 [ 1.000000e+00 -8.272760e+00  2.708710e+00]
 [ 1.000000e+00  1.688783e+01  2.758418e+00]
 [ 1.000000e+00 -7.261850e+00  2.804252e+00]
 [ 1.000000e+00  3.727598e+01  2.847469e+00]
 [ 1.000000e+00  4.784854e+01  2.892262e+00]
 [ 1.000000e+00 -4.222550e+00  2.939505e+00]
 [ 1.000000e+00  1.105478e+01  2.985751e+00]
 [ 1.000000e+00  4.579250e+01  3.024702e+00]
 [ 1.000000e+00 -4.011470e+00  3.054848e+00]
 [ 1.000000e+00  8.892789e+00  3.079620e+00]
 [ 1.000000e+00  8.593930e+00  3.098761e+00]
 [ 1.000000e+00  1.167524e+01  3.110149e+00]
 [ 1.000000e+00 -1.629270e+00  3.117815e+00]
 [ 1.000000e+00 -1.336000e+01  3.114238e+00]
 [ 1.000000e+00 -2.769140e+01  3.088810e+00]
 [ 1.000000e+00 -2.197020e+01  3.038471e+00]
 [ 1.000000e+00  1.544851e+00  2.972042e+00]
 [ 1.000000e+00 -6.191680e+00  2.906596e+00]
 [ 1.000000e+00 -1.571000e+01  2.846182e+00]
 [ 1.000000e+00 -8.028670e+00  2.781112e+00]
 [ 1.000000e+00  9.767564e+00  2.712178e+00]
 [ 1.000000e+00 -1.103230e+01  2.644681e+00]
 [ 1.000000e+00  1.370887e+01  2.577578e+00]
 [ 1.000000e+00  8.434219e+00  2.523204e+00]
 [ 1.000000e+00  3.992558e+00  2.496885e+00]
 [ 1.000000e+00  2.965920e+00  2.504399e+00]
 [ 1.000000e+00  1.351271e+01  2.535052e+00]
 [ 1.000000e+00  1.659273e+01  2.570367e+00]
 [ 1.000000e+00  1.464174e+01  2.600905e+00]
 [ 1.000000e+00 -8.862220e+00  2.631765e+00]
 [ 1.000000e+00  1.169204e+01  2.660572e+00]
 [ 1.000000e+00 -2.034040e+00  2.686117e+00]
 [ 1.000000e+00  6.651050e-01  2.711164e+00]
 [ 1.000000e+00  1.787504e+00  2.732379e+00]
 [ 1.000000e+00  2.039576e+01  2.743261e+00]
 [ 1.000000e+00  2.343491e+00  2.741638e+00]
 [ 1.000000e+00  2.708483e+00  2.730690e+00]
 [ 1.000000e+00  1.212778e+01  2.716587e+00]
 [ 1.000000e+00  2.724930e+00  2.701596e+00]
 [ 1.000000e+00  6.811978e+00  2.683163e+00]
 [ 1.000000e+00  1.202352e+01  2.661876e+00]
 [ 1.000000e+00 -2.860100e-01  2.638536e+00]
 [ 1.000000e+00  7.365448e+00  2.613585e+00]
 [ 1.000000e+00  8.508412e+00  1.496600e+00]
 [ 1.000000e+00  5.990003e+00  1.595371e+00]
 [ 1.000000e+00  1.244338e+01  1.694140e+00]
 [ 1.000000e+00  1.103081e+01  1.792904e+00]
 [ 1.000000e+00 -1.920800e-01  1.891678e+00]
 [ 1.000000e+00  6.672725e+00  1.322595e+00]
 [ 1.000000e+00  3.548130e-01  1.175141e+00]
 [ 1.000000e+00  4.244690e-01  1.003521e+00]
 [ 1.000000e+00  1.377325e+01  9.976690e-01]
 [ 1.000000e+00 -3.344430e+00  1.293245e+00]
 [ 1.000000e+00  8.638637e+00  1.240595e+00]
 [ 1.000000e+00 -2.211410e+01  1.205555e+00]
 [ 1.000000e+00  8.684484e+00  1.002812e+00]
 [ 1.000000e+00  1.164290e+01  9.617340e-01]
 [ 1.000000e+00  8.690930e+00  9.294470e-01]
 [ 1.000000e+00  2.640088e+00  1.004879e+00]
 [ 1.000000e+00  8.263469e+00  1.311768e+00]
 [ 1.000000e+00  1.123317e+01  1.291065e+00]
 [ 1.000000e+00  5.129710e+00  1.783590e+00]
 [ 1.000000e+00 -7.983290e+00  1.493593e+00]
 [ 1.000000e+00 -7.431930e+00  1.360506e+00]
 [ 1.000000e+00 -3.431220e+00  1.227418e+00]
 [ 1.000000e+00  3.642459e+00  1.094332e+00]
 [ 1.000000e+00  8.957616e+00  9.612450e-01]
 [ 1.000000e+00  3.115311e+00  8.281590e-01]
 [ 1.000000e+00  5.844990e-01  1.077165e+00]
 [ 1.000000e+00  1.596380e+01  1.057015e+00]
 [ 1.000000e+00  1.605471e+00  8.656140e-01]
 [ 1.000000e+00  5.398327e+00  8.273690e-01]
 [ 1.000000e+00  8.327329e+00  8.829990e-01]
 [ 1.000000e+00 -3.183940e+00  1.009522e+00]
 [ 1.000000e+00  2.290151e+00  8.971310e-01]
 [ 1.000000e+00  9.473347e+00  9.962330e-01]
 [ 1.000000e+00  8.699578e+00  1.002034e+00]
 [ 1.000000e+00  1.114795e+01  9.859040e-01]
 [ 1.000000e+00  5.698854e+00  7.968450e-01]
 [ 1.000000e+00  2.958116e+00  9.698540e-01]
 [ 1.000000e+00  1.720906e+00  1.082197e+00]
 [ 1.000000e+00 -1.382990e+01  1.144840e+00]
 [ 1.000000e+00  1.233856e+01  1.113960e+00]
 [ 1.000000e+00  7.973732e+00  9.876180e-01]
 [ 1.000000e+00  3.532724e+00  1.180345e+00]
 [ 1.000000e+00  3.438916e+00  1.149679e+00]
 [ 1.000000e+00  8.631630e-01  1.083588e+00]
 [ 1.000000e+00 -5.820760e+00  8.327750e-01]
 [ 1.000000e+00 -3.853810e+00  1.198650e+00]
 [ 1.000000e+00  4.783143e+00  2.465903e+00]
 [ 1.000000e+00 -2.076630e+00  2.337655e+00]
 [ 1.000000e+00  8.654911e+00  2.254202e+00]
 [ 1.000000e+00  1.134334e+01  2.228534e+00]
 [ 1.000000e+00 -7.399700e+00  2.242316e+00]
 [ 1.000000e+00  9.457240e+00  2.262192e+00]
 [ 1.000000e+00  4.158828e+00  2.271180e+00]
 [ 1.000000e+00  8.734442e+00  2.278556e+00]
 [ 1.000000e+00  2.863076e+00  2.280574e+00]
 [ 1.000000e+00  1.258045e+01  2.276751e+00]
 [ 1.000000e+00  7.859611e+00  2.274369e+00]
 [ 1.000000e+00  3.570727e+00  2.268861e+00]
 [ 1.000000e+00  3.250440e-01  2.248039e+00]
 [ 1.000000e+00 -3.723200e-01  2.208695e+00]
 [ 1.000000e+00 -6.266530e+00  2.156481e+00]
 [ 1.000000e+00  6.873620e+00  2.099862e+00]
 [ 1.000000e+00  2.671196e+00  2.045726e+00]
 [ 1.000000e+00  1.020492e+01  1.994588e+00]
 [ 1.000000e+00 -5.714330e+00  1.948738e+00]
 [ 1.000000e+00 -2.902040e+00  1.906270e+00]
 [ 1.000000e+00 -6.678290e+00  1.865111e+00]
 [ 1.000000e+00  1.902584e+01  1.821723e+00]
 [ 1.000000e+00  3.221897e+01  1.774128e+00]
 [ 1.000000e+00  2.700876e+01  1.721160e+00]
 [ 1.000000e+00  6.065898e+00  1.665522e+00]
 [ 1.000000e+00 -1.201990e+01  1.608335e+00]
 [ 1.000000e+00 -6.448300e-01  1.555223e+00]
 [ 1.000000e+00 -6.308140e+00  1.511726e+00]
 [ 1.000000e+00 -3.866590e+01  1.480589e+00]
 [ 1.000000e+00  1.349578e+01  1.457656e+00]
 [ 1.000000e+00  8.820641e+00  1.437377e+00]
 [ 1.000000e+00  9.423151e+00  1.413716e+00]
 [ 1.000000e+00  1.221549e+01  1.384704e+00]
 [ 1.000000e+00  1.218101e+01  1.347892e+00]
 [ 1.000000e+00  1.265006e+01  1.305616e+00]
 [ 1.000000e+00  1.918788e+01  1.262825e+00]
 [ 1.000000e+00  1.284566e+01  1.221755e+00]
 [ 1.000000e+00  9.010723e+00  1.180558e+00]
 [ 1.000000e+00 -3.928680e+00  1.139627e+00]
 [ 1.000000e+00  7.700803e+00  1.099086e+00]
 [ 1.000000e+00  1.846723e+01  1.058337e+00]
 [ 1.000000e+00  4.704046e+00  1.017993e+00]
 [ 1.000000e+00  6.144539e+00  9.795960e-01]
 [ 1.000000e+00  1.160316e+01  9.437830e-01]
 [ 1.000000e+00  1.213101e+00  9.097820e-01]
 [ 1.000000e+00 -3.404300e+00  8.767870e-01]
 [ 1.000000e+00  1.724143e+01  3.018932e+00]
 [ 1.000000e+00  1.705883e+01  3.071472e+00]
 [ 1.000000e+00  1.708530e+01  3.090556e+00]
 [ 1.000000e+00  1.695272e+01  3.070135e+00]
 [ 1.000000e+00  1.798199e+01  3.023090e+00]
 [ 1.000000e+00 -2.332840e+01  2.968142e+00]
 [ 1.000000e+00 -1.947250e+01  2.922964e+00]
 [ 1.000000e+00 -2.065490e+01  2.897104e+00]
 [ 1.000000e+00  7.301672e+00  2.896978e+00]
 [ 1.000000e+00  4.911218e+01  2.911982e+00]
 [ 1.000000e+00  8.095265e+01  2.931760e+00]
 [ 1.000000e+00  3.684187e+01  2.939416e+00]
 [ 1.000000e+00 -1.547720e+01  2.927721e+00]
 [ 1.000000e+00 -1.107440e+01  2.892657e+00]
 [ 1.000000e+00 -5.018590e+00  2.842870e+00]
 [ 1.000000e+00 -3.548600e+01  2.793443e+00]
 [ 1.000000e+00 -3.114260e+01  2.754168e+00]
 [ 1.000000e+00 -1.468430e+01  2.728032e+00]
 [ 1.000000e+00 -1.858860e+01  2.716990e+00]
 [ 1.000000e+00  1.474005e+01  2.718451e+00]
 [ 1.000000e+00  2.556048e+01  2.720939e+00]
 [ 1.000000e+00  1.887000e-01  2.724480e+00]
 [ 1.000000e+00  3.207755e+01  2.735657e+00]
 [ 1.000000e+00  7.519052e+01  2.755339e+00]
 [ 1.000000e+00 -3.140050e+01  2.780384e+00]
 [ 1.000000e+00 -3.304900e+00  2.816681e+00]
 [ 1.000000e+00 -3.669050e+01  2.850326e+00]
 [ 1.000000e+00 -3.577400e-01  2.861087e+00]
 [ 1.000000e+00  2.242250e+01  2.842354e+00]
 [ 1.000000e+00  1.901602e+01  2.810056e+00]
 [ 1.000000e+00 -1.345280e+00  2.754238e+00]
 [ 1.000000e+00  1.220422e+00  2.718424e+00]
 [ 1.000000e+00  1.348385e+01  2.759745e+00]
 [ 1.000000e+00  5.113370e-01  2.896111e+00]
 [ 1.000000e+00  4.661518e+00  3.080771e+00]
 [ 1.000000e+00  2.485480e+01  3.283682e+00]
 [ 1.000000e+00 -3.047100e-01  3.425010e+00]
 [ 1.000000e+00  2.371533e+00  3.440638e+00]
 [ 1.000000e+00  1.681623e+01  3.304747e+00]
 [ 1.000000e+00  2.222001e+00  3.078363e+00]
 [ 1.000000e+00  3.657821e+01  2.832665e+00]
 [ 1.000000e+00  4.000158e+00  2.638066e+00]
 [ 1.000000e+00  1.654562e+01  2.515488e+00]
 [ 1.000000e+00  2.207156e+01  2.488215e+00]
 [ 1.000000e+00 -1.992520e+00  2.524714e+00]
 [ 1.000000e+00  3.289705e+01  2.572357e+00]
 [ 1.000000e+00 -8.922000e-02  6.948960e-01]
 [ 1.000000e+00  7.071717e+00  5.719910e-01]
 [ 1.000000e+00  8.871443e+00  6.044880e-01]
 [ 1.000000e+00 -6.724240e+00  4.655940e-01]
 [ 1.000000e+00 -1.624440e+01  2.882690e-01]
 [ 1.000000e+00  2.150846e+01  2.513510e-01]
 [ 1.000000e+00 -1.344420e+00  3.114460e-01]
 [ 1.000000e+00 -1.481070e+00  3.105960e-01]
 [ 1.000000e+00  4.346719e+00  2.456300e-01]
 [ 1.000000e+00 -1.500860e+01  1.216040e-01]
 [ 1.000000e+00 -1.642700e+01 -2.841000e-02]
 [ 1.000000e+00  1.159935e+01 -7.348000e-02]
 [ 1.000000e+00  3.484435e+00 -6.867000e-02]
 [ 1.000000e+00  1.847934e+01 -5.238000e-02]
 [ 1.000000e+00  1.131700e+01  4.052700e-02]
 [ 1.000000e+00  1.585006e+01  1.337280e-01]
 [ 1.000000e+00 -3.517830e+00  1.266640e-01]
 [ 1.000000e+00 -3.153490e+00  4.859300e-02]
 [ 1.000000e+00  3.632106e+00  5.998800e-02]
 [ 1.000000e+00 -5.367100e-01  1.624560e-01]
 [ 1.000000e+00 -3.907330e+00  2.595180e-01]
 [ 1.000000e+00  1.908268e+00  3.306710e-01]
 [ 1.000000e+00 -7.748610e+00  3.331660e-01]
 [ 1.000000e+00  1.350050e+01  3.377070e-01]
 [ 1.000000e+00  1.467815e+01  5.209620e-01]
 [ 1.000000e+00  1.053851e+00  5.659260e-01]
 [ 1.000000e+00  1.440812e+01  4.155650e-01]
 [ 1.000000e+00  5.878702e+00  3.631630e-01]
 [ 1.000000e+00 -4.878220e+00  3.308860e-01]
 [ 1.000000e+00  1.174405e+01  3.342340e-01]
 [ 1.000000e+00 -1.473700e+00  3.583160e-01]
 [ 1.000000e+00 -1.201610e+00  3.194870e-01]
 [ 1.000000e+00 -6.801100e-01  2.720100e-01]
 [ 1.000000e+00  6.760583e+00  2.584320e-01]
 [ 1.000000e+00  5.531903e+00  2.754820e-01]
 [ 1.000000e+00  1.276599e+01  3.286450e-01]
 [ 1.000000e+00  2.672185e+00  4.434660e-01]
 [ 1.000000e+00 -4.796930e+00  5.875480e-01]
 [ 1.000000e+00 -2.123130e+01  5.350790e-01]
 [ 1.000000e+00 -5.870400e-01  4.441970e-01]
 [ 1.000000e+00  5.454201e+00  4.117380e-01]
 [ 1.000000e+00  2.294915e+00  3.762720e-01]
 [ 1.000000e+00  3.390632e+00  4.169010e-01]
 [ 1.000000e+00  4.289866e+00  5.070530e-01]
 [ 1.000000e+00  9.478540e-01  7.064240e-01]
 [ 1.000000e+00  5.996399e+00  7.803930e-01]
 [ 1.000000e+00  1.715879e+01  2.802829e+00]
 [ 1.000000e+00  1.247590e+01  2.743636e+00]
 [ 1.000000e+00  2.687636e+01  2.684316e+00]
 [ 1.000000e+00  1.697757e+01  2.624799e+00]
 [ 1.000000e+00  1.006101e+01  2.565915e+00]
 [ 1.000000e+00 -5.794930e+00  2.507893e+00]
 [ 1.000000e+00  7.317121e+00  2.453075e+00]
 [ 1.000000e+00  2.686589e+00  2.403537e+00]
 [ 1.000000e+00  8.199581e+00  2.360547e+00]
 [ 1.000000e+00  3.350508e+00  2.322014e+00]
 [ 1.000000e+00 -1.354300e+01  2.285875e+00]
 [ 1.000000e+00 -1.221940e+01  2.249710e+00]
 [ 1.000000e+00  1.113828e+01  2.213212e+00]
 [ 1.000000e+00 -1.157900e+01  2.175963e+00]
 [ 1.000000e+00 -4.845890e+00  2.138390e+00]
 [ 1.000000e+00  2.648409e+01  2.099686e+00]
 [ 1.000000e+00  2.769886e+01  2.062358e+00]
 [ 1.000000e+00 -5.442310e+00  2.029520e+00]
 [ 1.000000e+00  1.372074e+01  2.002339e+00]
 [ 1.000000e+00 -8.563100e+00  1.978192e+00]
 [ 1.000000e+00 -8.288650e+00  1.957087e+00]
 [ 1.000000e+00  2.265017e+01  1.932294e+00]
 [ 1.000000e+00  1.509193e+01  1.895466e+00]
 [ 1.000000e+00  1.502093e+01  1.843091e+00]
 [ 1.000000e+00  4.290130e+00  1.781661e+00]
 [ 1.000000e+00  7.652181e+00  1.717088e+00]
 [ 1.000000e+00  2.164223e+01  1.659551e+00]
 [ 1.000000e+00  4.214103e+01  1.614910e+00]
 [ 1.000000e+00 -4.642600e-01  1.587276e+00]
 [ 1.000000e+00  8.627401e+00  1.571502e+00]
 [ 1.000000e+00  1.378153e+00  1.558617e+00]
 [ 1.000000e+00  3.166924e+00  1.542113e+00]
 [ 1.000000e+00 -2.404150e+01  1.522217e+00]
 [ 1.000000e+00  3.424862e+00  1.496789e+00]
 [ 1.000000e+00  1.859568e+01  1.467462e+00]
 [ 1.000000e+00  1.749813e+01  1.437745e+00]
 [ 1.000000e+00  1.389738e+01  1.409402e+00]
 [ 1.000000e+00  7.988428e+00  1.381014e+00]
 [ 1.000000e+00 -1.762700e+01  1.352691e+00]
 [ 1.000000e+00  2.077425e+01  1.324424e+00]
 [ 1.000000e+00 -5.842840e+00  1.295973e+00]
 [ 1.000000e+00 -6.402800e-01  1.267034e+00]
 [ 1.000000e+00 -1.732410e+00  1.236505e+00]
 [ 1.000000e+00  1.679999e+01  1.204125e+00]
 [ 1.000000e+00  2.366299e+01  1.170823e+00]
 [ 1.000000e+00  9.280709e+00  1.137057e+00]
 [ 1.000000e+00  1.790256e+01  2.862022e+00]
 [ 1.000000e+00 -3.439830e+00  2.837901e+00]
 [ 1.000000e+00 -4.322930e+00  2.809942e+00]
 [ 1.000000e+00 -4.036350e+00  2.778528e+00]
 [ 1.000000e+00  3.459716e+01  2.744849e+00]
 [ 1.000000e+00  4.493586e+00  2.710844e+00]
 [ 1.000000e+00  9.125907e+00  2.677636e+00]
 [ 1.000000e+00  9.252694e+00  2.645979e+00]
 [ 1.000000e+00 -3.429380e+00  2.615973e+00]
 [ 1.000000e+00  2.364541e+00  2.588128e+00]
 [ 1.000000e+00 -1.353540e+00  2.558972e+00]
 [ 1.000000e+00  2.509300e-02  2.530834e+00]
 [ 1.000000e+00 -1.536800e+01  2.509351e+00]
 [ 1.000000e+00  4.941060e-01  2.496268e+00]
 [ 1.000000e+00  7.842837e+00  2.487329e+00]
 [ 1.000000e+00  5.113035e+00  2.477647e+00]
 [ 1.000000e+00  5.620184e+00  2.462952e+00]
 [ 1.000000e+00 -8.967650e+00  2.443018e+00]
 [ 1.000000e+00  1.635388e+00  2.416372e+00]
 [ 1.000000e+00 -1.802150e+00  2.383955e+00]
 [ 1.000000e+00  1.214309e+00  2.349332e+00]
 [ 1.000000e+00  4.877699e+00  2.312013e+00]
 [ 1.000000e+00 -8.836560e+00  2.267599e+00]
 [ 1.000000e+00  7.743277e+00  2.215013e+00]
 [ 1.000000e+00 -2.669250e+00  2.156759e+00]
 [ 1.000000e+00 -4.783290e+00  2.100885e+00]
 [ 1.000000e+00  1.125532e+01  2.046066e+00]
 [ 1.000000e+00  1.091433e+01  1.983487e+00]
 [ 1.000000e+00 -3.014060e+01  1.911959e+00]
 [ 1.000000e+00  1.114364e+01  1.837286e+00]
 [ 1.000000e+00  3.367983e+01  1.759442e+00]
 [ 1.000000e+00  1.787625e+01  1.691894e+00]
 [ 1.000000e+00 -1.058430e+01  1.650472e+00]
 [ 1.000000e+00  6.671978e+00  1.642217e+00]
 [ 1.000000e+00  1.572108e+01  1.656026e+00]
 [ 1.000000e+00  7.772236e+00  1.676749e+00]
 [ 1.000000e+00  4.240238e+00  1.689413e+00]
 [ 1.000000e+00  2.248210e+01  1.689978e+00]
 [ 1.000000e+00 -7.310140e+00  1.672810e+00]
 [ 1.000000e+00  1.045980e+01  1.643291e+00]
 [ 1.000000e+00  1.152998e+01  1.611782e+00]
 [ 1.000000e+00  4.190273e+00  1.583919e+00]
 [ 1.000000e+00  9.473911e+00  1.556476e+00]
 [ 1.000000e+00  3.367494e+00  1.530634e+00]
 [ 1.000000e+00 -9.191290e+00  1.505644e+00]
 [ 1.000000e+00 -1.038680e+01  1.479917e+00]
 [ 1.000000e+00 -1.028120e+01  2.304750e+00]
 [ 1.000000e+00  1.024039e+01  2.234152e+00]
 [ 1.000000e+00  3.426207e+01  2.196437e+00]
 [ 1.000000e+00  1.195351e+01  2.200205e+00]
 [ 1.000000e+00  6.394157e+01  2.233826e+00]
 [ 1.000000e+00  4.284797e+00  2.273981e+00]
 [ 1.000000e+00  1.267122e+01  2.311486e+00]
 [ 1.000000e+00  2.525614e+01  2.356281e+00]
 [ 1.000000e+00  1.639064e+01  2.406634e+00]
 [ 1.000000e+00 -2.168540e+00  2.459354e+00]
 [ 1.000000e+00  1.121583e+01  2.502187e+00]
 [ 1.000000e+00  2.046488e+01  2.539794e+00]
 [ 1.000000e+00  8.524540e+00  2.585825e+00]
 [ 1.000000e+00  4.394807e+00  2.642386e+00]
 [ 1.000000e+00  4.152778e+00  2.697208e+00]
 [ 1.000000e+00 -1.239270e+01  2.755662e+00]
 [ 1.000000e+00 -8.842390e+00  2.786979e+00]
 [ 1.000000e+00  1.754932e+00  2.752740e+00]
 [ 1.000000e+00 -8.954680e+00  2.640092e+00]
 [ 1.000000e+00 -6.336900e-01  2.478803e+00]
 [ 1.000000e+00 -1.044350e+01  2.307475e+00]
 [ 1.000000e+00 -3.836980e+00  2.160482e+00]
 [ 1.000000e+00 -1.336980e+01  2.044508e+00]
 [ 1.000000e+00  1.041705e+01  1.971674e+00]
 [ 1.000000e+00  6.427342e+00  1.931190e+00]
 [ 1.000000e+00  1.135793e+01  1.895261e+00]
 [ 1.000000e+00  1.332048e+01  1.857878e+00]
 [ 1.000000e+00  2.267606e+01  1.837761e+00]
 [ 1.000000e+00  3.953994e+00  1.836176e+00]
 [ 1.000000e+00 -2.302060e+00  1.847016e+00]
 [ 1.000000e+00 -2.184360e+00  1.871981e+00]
 [ 1.000000e+00  5.501930e+00  1.895768e+00]
 [ 1.000000e+00 -5.990910e+00  1.899224e+00]
 [ 1.000000e+00  4.667081e+00  1.874614e+00]
 [ 1.000000e+00  9.719943e+00  1.835290e+00]
 [ 1.000000e+00  1.378593e+01  1.782575e+00]
 [ 1.000000e+00  2.308525e+01  1.747968e+00]
 [ 1.000000e+00  1.556196e+01  1.765412e+00]
 [ 1.000000e+00 -8.450990e+00  1.849461e+00]
 [ 1.000000e+00  7.779745e+00  1.972278e+00]
 [ 1.000000e+00 -1.539700e+00  2.105843e+00]
 [ 1.000000e+00  4.721519e+00  2.205705e+00]
 [ 1.000000e+00 -8.420270e+00  2.245526e+00]
 [ 1.000000e+00  1.708706e+00  2.208143e+00]
 [ 1.000000e+00  8.600000e+00  2.118295e+00]
 [ 1.000000e+00  1.123389e+01  2.016789e+00]
 [ 1.000000e+00  3.824470e-01  1.262040e-01]
 [ 1.000000e+00 -1.504450e+00  5.951950e-01]
 [ 1.000000e+00  9.985090e+00  5.679090e-01]
 [ 1.000000e+00  1.575979e+01  5.235430e-01]
 [ 1.000000e+00 -2.579500e-01  4.438630e-01]
 [ 1.000000e+00 -1.596520e+01  3.014490e-01]
 [ 1.000000e+00 -4.713460e+00  2.797380e-01]
 [ 1.000000e+00 -9.394150e+00  2.871220e-01]
 [ 1.000000e+00  2.155906e+01  2.555790e-01]
 [ 1.000000e+00  1.351956e+01  3.110780e-01]
 [ 1.000000e+00 -6.093670e+00  4.265160e-01]
 [ 1.000000e+00  4.660235e+00  5.602860e-01]
 [ 1.000000e+00  1.735401e+00  5.959910e-01]
 [ 1.000000e+00  4.806180e-01  5.343430e-01]
 [ 1.000000e+00  2.211244e+00  4.170690e-01]
 [ 1.000000e+00  1.204450e+00  3.247950e-01]
 [ 1.000000e+00  6.306853e+00  2.836270e-01]
 [ 1.000000e+00  1.379064e+01  2.906890e-01]
 [ 1.000000e+00  1.436270e+01  3.610190e-01]
 [ 1.000000e+00 -6.254790e+00  4.433820e-01]
 [ 1.000000e+00 -2.337430e+01  5.461720e-01]
 [ 1.000000e+00 -1.161750e+01  5.619100e-01]
 [ 1.000000e+00 -1.082730e+01  4.838540e-01]
 [ 1.000000e+00  1.176926e+01  4.310490e-01]
 [ 1.000000e+00  1.234846e+01  3.816550e-01]
 [ 1.000000e+00  3.013720e+00  3.280380e-01]
 [ 1.000000e+00  1.431725e+01  2.973770e-01]
 [ 1.000000e+00  1.294957e+01  2.654730e-01]
 [ 1.000000e+00  5.418090e-01  2.321160e-01]
 [ 1.000000e+00  1.079508e+01  2.076070e-01]
 [ 1.000000e+00 -1.820700e-01  2.276870e-01]
 [ 1.000000e+00 -2.037680e+00  2.423810e-01]
 [ 1.000000e+00  2.622689e+00  2.384570e-01]
 [ 1.000000e+00  5.551956e+00  2.903500e-01]
 [ 1.000000e+00  8.047050e+00  3.422490e-01]
 [ 1.000000e+00 -2.522700e-01  3.837770e-01]
 [ 1.000000e+00  1.007770e+01  4.254300e-01]
 [ 1.000000e+00 -1.794590e+00  4.655490e-01]
 [ 1.000000e+00 -2.053960e+01  4.782460e-01]
 [ 1.000000e+00  7.371353e+00  4.574950e-01]
 [ 1.000000e+00  1.117864e+01  4.635590e-01]
 [ 1.000000e+00 -6.377210e+00  4.758090e-01]
 [ 1.000000e+00 -4.858310e+00  4.607240e-01]
 [ 1.000000e+00 -1.776140e+00  4.135600e-01]
 [ 1.000000e+00  1.506032e+00  3.293840e-01]
 [ 1.000000e+00  6.285028e+00  2.874210e-01]
 [ 1.000000e+00  1.436314e+01  1.948798e+00]
 [ 1.000000e+00  1.954976e+01  1.875507e+00]
 [ 1.000000e+00  1.526264e+01  1.857950e+00]
 [ 1.000000e+00  1.809974e+02  1.914724e+00]
 [ 1.000000e+00  2.368421e+01  2.024304e+00]
 [ 1.000000e+00  4.307228e+01  2.140036e+00]
 [ 1.000000e+00 -2.189150e+01  2.235253e+00]
 [ 1.000000e+00 -6.196590e+01  2.323793e+00]
 [ 1.000000e+00  2.351572e+01  2.389564e+00]
 [ 1.000000e+00  2.616538e+00  2.447002e+00]
 [ 1.000000e+00  4.617653e+01  2.495887e+00]
 [ 1.000000e+00 -6.787720e+00  2.544705e+00]
 [ 1.000000e+00 -4.576380e+00  2.594703e+00]
 [ 1.000000e+00  5.217110e+00  2.642001e+00]
 [ 1.000000e+00  9.608870e+00  2.686333e+00]
 [ 1.000000e+00 -1.636700e+01  2.726309e+00]
 [ 1.000000e+00 -5.309930e+01  2.755957e+00]
 [ 1.000000e+00  9.466332e+01  2.766269e+00]
 [ 1.000000e+00 -3.536340e+01  2.753226e+00]
 [ 1.000000e+00  0.000000e+00  2.724198e+00]
 [ 1.000000e+00  1.824822e+01  2.694996e+00]
 [ 1.000000e+00 -1.259010e+01  2.668272e+00]
 [ 1.000000e+00  1.565150e+00  2.635283e+00]
 [ 1.000000e+00 -1.252800e-01  2.598886e+00]
 [ 1.000000e+00  4.807134e+00  2.562057e+00]
 [ 1.000000e+00  1.690719e+01  2.532439e+00]
 [ 1.000000e+00  2.949984e+01  2.511303e+00]
 [ 1.000000e+00  1.429685e+01  2.498457e+00]
 [ 1.000000e+00 -3.876080e+01  2.491616e+00]
 [ 1.000000e+00 -8.270340e+00  2.496043e+00]
 [ 1.000000e+00  1.073022e+01  2.497702e+00]
 [ 1.000000e+00  2.287261e+01  2.515125e+00]
 [ 1.000000e+00 -1.737310e+01  2.572976e+00]
 [ 1.000000e+00  6.845730e-01  2.678786e+00]
 [ 1.000000e+00  3.294377e+00  2.813076e+00]
 [ 1.000000e+00  8.345962e+00  2.929875e+00]
 [ 1.000000e+00  1.211361e+01  3.023301e+00]
 [ 1.000000e+00  7.195379e+00  3.121481e+00]
 [ 1.000000e+00 -8.416940e+00  3.224124e+00]
 [ 1.000000e+00  2.934292e+01  3.313386e+00]
 [ 1.000000e+00  1.650588e+01  3.409722e+00]
 [ 1.000000e+00  2.187869e+01  3.458215e+00]
 [ 1.000000e+00  1.946521e+00  3.383228e+00]
 [ 1.000000e+00  1.348686e+01  3.165293e+00]
 [ 1.000000e+00 -9.265560e+00  2.862182e+00]
 [ 1.000000e+00  4.205185e+00  2.537809e+00]
 [ 1.000000e+00  1.126437e+01  4.338450e-01]
 [ 1.000000e+00  1.730400e+01  6.500370e-01]
 [ 1.000000e+00  1.493826e+01  4.541330e-01]
 [ 1.000000e+00 -2.371630e+01  3.681830e-01]
 [ 1.000000e+00 -1.030670e+00  9.386600e-01]
 [ 1.000000e+00  8.564191e+00  1.553214e+00]
 [ 1.000000e+00 -7.936290e+00  1.301109e+00]
 [ 1.000000e+00  4.681929e+00  1.296604e+00]
 [ 1.000000e+00 -7.089110e+00  1.246698e+00]
 [ 1.000000e+00  8.635380e-01  9.822200e-01]
 [ 1.000000e+00 -9.931620e+00  8.966160e-01]
 [ 1.000000e+00 -3.438730e+00  6.164620e-01]
 [ 1.000000e+00 -8.582900e+00  5.817250e-01]
 [ 1.000000e+00 -2.073970e+00  4.981570e-01]
 [ 1.000000e+00  1.032021e+01  3.882890e-01]
 [ 1.000000e+00  7.710866e+00  3.307590e-01]
 [ 1.000000e+00 -2.065630e+01  3.343580e-01]
 [ 1.000000e+00  1.646710e+01  3.631980e-01]
 [ 1.000000e+00  2.057164e+00  5.218510e-01]
 [ 1.000000e+00  1.807056e+00  1.057808e+00]
 [ 1.000000e+00  9.805744e+00  1.200353e+00]
 [ 1.000000e+00 -8.243710e+00  7.638830e-01]
 [ 1.000000e+00 -4.388420e+00  5.882620e-01]
 [ 1.000000e+00 -6.435000e-01  5.007030e-01]
 [ 1.000000e+00  5.461781e+00  4.671970e-01]
 [ 1.000000e+00  7.879395e+00  4.406710e-01]
 [ 1.000000e+00  2.857322e+00  4.932670e-01]
 [ 1.000000e+00  1.713395e+01  5.542120e-01]
 [ 1.000000e+00 -4.635900e-01  3.834710e-01]
 [ 1.000000e+00  1.236372e+01  4.090420e-01]
 [ 1.000000e+00  4.465315e+00  5.198840e-01]
 [ 1.000000e+00  2.233439e+00  3.665660e-01]
 [ 1.000000e+00  1.860438e+01  2.386430e-01]
 [ 1.000000e+00 -6.536700e-01  2.474140e-01]
 [ 1.000000e+00 -1.063840e+01  2.932490e-01]
 [ 1.000000e+00  2.388107e+01  3.003320e-01]
 [ 1.000000e+00  8.531008e+00  2.547580e-01]
 [ 1.000000e+00 -9.214320e+00  2.654580e-01]
 [ 1.000000e+00 -2.688300e+01  2.630260e-01]
 [ 1.000000e+00 -1.077090e+01  1.288800e-01]
 [ 1.000000e+00 -2.182450e+01 -1.479500e-01]
 [ 1.000000e+00 -2.400760e+01 -5.407500e-01]
 [ 1.000000e+00 -9.915880e+00 -7.251200e-01]
 [ 1.000000e+00  6.650006e+00 -6.661100e-01]
 [ 1.000000e+00 -9.035500e+00 -6.588600e-01]
 [ 1.000000e+00  7.419979e+00 -4.159100e-01]
 [ 1.000000e+00  1.191600e+01  2.783625e+00]
 [ 1.000000e+00 -8.115040e+00  2.748618e+00]
 [ 1.000000e+00  1.460018e+01  2.705822e+00]
 [ 1.000000e+00  1.546183e+01  2.653899e+00]
 [ 1.000000e+00 -4.553360e+00  2.598404e+00]
 [ 1.000000e+00  3.822239e+01  2.539640e+00]
 [ 1.000000e+00  1.025126e+01  2.488798e+00]
 [ 1.000000e+00  8.811694e+00  2.458476e+00]
 [ 1.000000e+00 -9.233300e+00  2.453661e+00]
 [ 1.000000e+00 -1.199640e+01  2.464598e+00]
 [ 1.000000e+00  1.125182e+01  2.481885e+00]
 [ 1.000000e+00 -1.486890e+01  2.491064e+00]
 [ 1.000000e+00 -2.301460e+01  2.485606e+00]
 [ 1.000000e+00 -1.537790e+00  2.459790e+00]
 [ 1.000000e+00 -1.312550e+01  2.421828e+00]
 [ 1.000000e+00  2.117306e+00  2.380927e+00]
 [ 1.000000e+00  2.417487e+01  2.348244e+00]
 [ 1.000000e+00  5.599023e+00  2.327879e+00]
 [ 1.000000e+00  3.491202e+00  2.323801e+00]
 [ 1.000000e+00 -6.082080e+00  2.329960e+00]
 [ 1.000000e+00  1.441402e+01  2.341346e+00]
 [ 1.000000e+00  2.535519e+01  2.347713e+00]
 [ 1.000000e+00  2.365192e+00  2.342910e+00]
 [ 1.000000e+00 -5.372000e-01  2.323262e+00]
 [ 1.000000e+00  3.629628e+00  2.295368e+00]
 [ 1.000000e+00 -8.282090e+00  2.262582e+00]
 [ 1.000000e+00  2.138963e+01  2.238011e+00]
 [ 1.000000e+00  2.585026e+01  2.233102e+00]
 [ 1.000000e+00  2.048335e+00  2.253151e+00]
 [ 1.000000e+00 -2.783610e+00  2.287977e+00]
 [ 1.000000e+00  4.096309e+00  2.326255e+00]
 [ 1.000000e+00  8.584237e+00  2.352843e+00]
 [ 1.000000e+00 -8.531800e-01  2.360595e+00]
 [ 1.000000e+00  3.672761e+00  2.343802e+00]
 [ 1.000000e+00 -1.334310e+00  2.310407e+00]
 [ 1.000000e+00  1.102968e+01  2.272242e+00]
 [ 1.000000e+00  7.800805e+00  2.238531e+00]
 [ 1.000000e+00 -1.953540e+01  2.209523e+00]
 [ 1.000000e+00 -1.791160e+01  2.188038e+00]
 [ 1.000000e+00  7.342185e+00  2.171040e+00]
 [ 1.000000e+00  1.622042e+01  2.153627e+00]
 [ 1.000000e+00  1.981965e+00  2.132028e+00]
 [ 1.000000e+00 -9.998400e-01  2.106892e+00]
 [ 1.000000e+00  5.210838e+00  2.077152e+00]
 [ 1.000000e+00  9.070369e+00  2.044266e+00]
 [ 1.000000e+00  3.154429e+00  2.010368e+00]
 [ 1.000000e+00 -1.878450e+01  2.954673e+00]
 [ 1.000000e+00 -2.040820e+00  2.957416e+00]
 [ 1.000000e+00  2.685185e+01  2.969947e+00]
 [ 1.000000e+00  3.357664e+01  2.994792e+00]
 [ 1.000000e+00 -2.172130e+01  3.026606e+00]
 [ 1.000000e+00  7.155323e+00  3.057409e+00]
 [ 1.000000e+00  3.469055e+01  3.079502e+00]
 [ 1.000000e+00  2.394196e+01  3.091421e+00]
 [ 1.000000e+00  3.414634e+00  3.091052e+00]
 [ 1.000000e+00 -9.622640e+00  3.081590e+00]
 [ 1.000000e+00 -1.576200e+01  3.069403e+00]
 [ 1.000000e+00 -3.444860e+01  3.056447e+00]
 [ 1.000000e+00  5.293006e+00  3.039567e+00]
 [ 1.000000e+00  2.513465e+01  3.018417e+00]
 [ 1.000000e+00  6.169297e+00  2.994554e+00]
 [ 1.000000e+00 -1.945950e+01  2.967974e+00]
 [ 1.000000e+00  3.036913e+01  2.941377e+00]
 [ 1.000000e+00  2.792793e+01  2.919595e+00]
 [ 1.000000e+00 -3.722330e+00  2.903655e+00]
 [ 1.000000e+00  3.239289e+00  2.890656e+00]
 [ 1.000000e+00  1.791498e+01  2.876757e+00]
 [ 1.000000e+00  1.244635e+01  2.858487e+00]
 [ 1.000000e+00  2.923664e+01  2.836183e+00]
 [ 1.000000e+00  7.324276e+00  2.809316e+00]
 [ 1.000000e+00  2.916896e+00  2.778202e+00]
 [ 1.000000e+00 -5.668450e+00  2.743532e+00]
 [ 1.000000e+00  7.879819e+00  2.707346e+00]
 [ 1.000000e+00  1.944298e+00  2.670075e+00]
 [ 1.000000e+00  8.092783e+00  2.632900e+00]
 [ 1.000000e+00 -2.813540e+00  2.593973e+00]
 [ 1.000000e+00 -3.901120e+00  2.554026e+00]
 [ 1.000000e+00 -4.564080e+00  2.509622e+00]
 [ 1.000000e+00  4.866916e+00  2.456255e+00]
 [ 1.000000e+00  2.193389e+01  2.392758e+00]
 [ 1.000000e+00 -1.151720e+00  2.322533e+00]
 [ 1.000000e+00  7.216442e+00  2.252564e+00]
 [ 1.000000e+00  2.465958e+01  2.184648e+00]
 [ 1.000000e+00  8.903607e+00  2.114063e+00]
 [ 1.000000e+00 -4.424220e+01  2.041387e+00]
 [ 1.000000e+00  1.200788e+01  1.968751e+00]
 [ 1.000000e+00  2.412473e+01  1.895602e+00]
 [ 1.000000e+00 -2.703540e+00  1.827704e+00]
 [ 1.000000e+00 -1.144330e+01  1.772874e+00]
 [ 1.000000e+00  9.377573e+00  1.733953e+00]
 [ 1.000000e+00  2.242801e+01  1.706430e+00]
 [ 1.000000e+00 -3.987070e+00  1.682463e+00]
 [ 1.000000e+00  1.257178e+00  2.655245e+00]
 [ 1.000000e+00  3.392818e+01  2.672293e+00]
 [ 1.000000e+00  4.256373e+00  2.722347e+00]
 [ 1.000000e+00  5.075399e+01  2.811582e+00]
 [ 1.000000e+00  3.518923e+01  2.929880e+00]
 [ 1.000000e+00  2.976746e+01  3.030891e+00]
 [ 1.000000e+00  1.857700e+00  3.130755e+00]
 [ 1.000000e+00 -1.885370e+01  3.283351e+00]
 [ 1.000000e+00 -3.347130e+01  3.496434e+00]
 [ 1.000000e+00  1.519331e+01  3.729475e+00]
 [ 1.000000e+00 -1.341250e+01  3.928736e+00]
 [ 1.000000e+00 -6.863420e+00  4.058251e+00]
 [ 1.000000e+00  3.031223e+01  4.120289e+00]
 [ 1.000000e+00 -2.338170e+01  4.106547e+00]
 [ 1.000000e+00 -9.749040e+00  4.025638e+00]
 [ 1.000000e+00 -3.823310e+00  3.963560e+00]
 [ 1.000000e+00 -8.969700e-01  3.864207e+00]
 [ 1.000000e+00 -3.507240e+01  3.602730e+00]
 [ 1.000000e+00  2.025402e+01  3.155483e+00]
 [ 1.000000e+00  2.406096e+01  2.611009e+00]
 [ 1.000000e+00  3.038140e+01  2.023627e+00]
 [ 1.000000e+00 -7.412960e+00  1.530957e+00]
 [ 1.000000e+00 -2.732650e+01  1.246017e+00]
 [ 1.000000e+00 -3.064950e+01  1.236420e+00]
 [ 1.000000e+00  2.878608e+01  1.414011e+00]
 [ 1.000000e+00  2.837825e+01  1.649441e+00]
 [ 1.000000e+00 -2.835350e+00  1.814250e+00]
 [ 1.000000e+00  1.321542e+00  1.879941e+00]
 [ 1.000000e+00  3.725662e+00  1.802159e+00]
 [ 1.000000e+00  4.361778e+00  1.629973e+00]
 [ 1.000000e+00  1.476926e+01  1.448006e+00]
 [ 1.000000e+00  1.833611e+01  1.313193e+00]
 [ 1.000000e+00  1.801873e+01  1.212598e+00]
 [ 1.000000e+00  5.472553e+00  1.162172e+00]
 [ 1.000000e+00 -3.418830e+00  1.149280e+00]
 [ 1.000000e+00  4.997314e+00  1.138128e+00]
 [ 1.000000e+00  1.299636e+01  1.121370e+00]
 [ 1.000000e+00  9.673383e+00  1.124332e+00]
 [ 1.000000e+00  3.153207e+00  1.149272e+00]
 [ 1.000000e+00  9.705330e+00  1.187084e+00]
 [ 1.000000e+00 -4.326680e+00  1.231625e+00]
 [ 1.000000e+00 -9.609470e+00  1.266253e+00]
 [ 1.000000e+00 -5.582960e+00  1.276015e+00]
 [ 1.000000e+00  5.039055e+00  1.252156e+00]
 [ 1.000000e+00 -1.397520e+01  1.203520e+00]
 [ 1.000000e+00  5.877228e+00  1.148789e+00]
 [ 1.000000e+00  2.506486e+00  1.169899e+00]
 [ 1.000000e+00  1.506307e+01  1.486202e+00]
 [ 1.000000e+00  1.573420e+01  1.603876e+00]
 [ 1.000000e+00 -5.732300e-01  1.656675e+00]
 [ 1.000000e+00 -2.193930e+01  1.645354e+00]
 [ 1.000000e+00  1.722817e+01  1.509146e+00]
 [ 1.000000e+00  1.686601e+01  1.354263e+00]
 [ 1.000000e+00  1.028051e+01  1.418807e+00]
 [ 1.000000e+00  1.637780e+01  1.332289e+00]
 [ 1.000000e+00 -1.524780e+01  1.150818e+00]
 [ 1.000000e+00  9.207528e+00  1.171035e+00]
 [ 1.000000e+00  5.065042e+00  9.454150e-01]
 [ 1.000000e+00 -1.072510e+01  7.089390e-01]
 [ 1.000000e+00  3.311950e-01  6.197070e-01]
 [ 1.000000e+00 -8.456260e+00  1.600730e-01]
 [ 1.000000e+00 -2.842490e+00  4.543800e-02]
 [ 1.000000e+00 -7.025600e+00  1.036800e-02]
 [ 1.000000e+00  1.152599e+00 -4.276900e-01]
 [ 1.000000e+00  1.830407e+01 -3.962500e-01]
 [ 1.000000e+00  2.377223e+01  8.441300e-02]
 [ 1.000000e+00 -6.664410e+00  5.749280e-01]
 [ 1.000000e+00 -1.264850e+01  6.822570e-01]
 [ 1.000000e+00 -4.149750e+00  4.998400e-01]
 [ 1.000000e+00  1.204448e+01  3.941880e-01]
 [ 1.000000e+00  2.409248e+01  5.126950e-01]
 [ 1.000000e+00  1.605907e+01  7.912710e-01]
 [ 1.000000e+00  1.846228e+01  1.002815e+00]
 [ 1.000000e+00  1.548349e+01  1.043077e+00]
 [ 1.000000e+00  9.167520e+00  1.127300e+00]
 [ 1.000000e+00  6.710275e+00  1.333043e+00]
 [ 1.000000e+00  3.739551e+00  1.592151e+00]
 [ 1.000000e+00  6.072672e+00  1.685149e+00]
 [ 1.000000e+00  9.484202e+00  1.628951e+00]
 [ 1.000000e+00  7.351377e+00  1.828314e+00]
 [ 1.000000e+00  1.773008e+01  2.178703e+00]
 [ 1.000000e+00  8.711664e+00  2.696006e+00]
 [ 1.000000e+00 -1.101640e+00  2.890960e+00]
 [ 1.000000e+00 -1.358860e+01  2.038708e+00]
 [ 1.000000e+00 -1.946530e+01  1.015663e+00]
 [ 1.000000e+00 -1.314300e+01  5.448840e-01]
 [ 1.000000e+00  4.477258e+00  4.360720e-01]
 [ 1.000000e+00  1.679757e+01  4.237440e-01]
 [ 1.000000e+00 -5.724190e+00  5.265560e-01]
 [ 1.000000e+00  2.688369e+01  7.310010e-01]
 [ 1.000000e+00  2.397039e+01  9.448450e-01]
 [ 1.000000e+00  5.916473e+01  1.128834e+00]
 [ 1.000000e+00  1.407563e+00  3.536134e+00]
 [ 1.000000e+00 -8.165170e+00  3.586411e+00]
 [ 1.000000e+00  2.093901e+01  3.629889e+00]
 [ 1.000000e+00 -5.383920e+00  3.665038e+00]
 [ 1.000000e+00 -3.150180e+01  3.693441e+00]
 [ 1.000000e+00  1.193371e+01  3.712312e+00]
 [ 1.000000e+00  3.583923e+01  3.727612e+00]
 [ 1.000000e+00  2.386178e+01  3.746989e+00]
 [ 1.000000e+00 -2.449370e+01  3.772391e+00]
 [ 1.000000e+00  1.365310e+01  3.796905e+00]
 [ 1.000000e+00 -4.723190e+00  3.815201e+00]
 [ 1.000000e+00 -2.272080e+01  3.817828e+00]
 [ 1.000000e+00 -9.947440e+00  3.799318e+00]
 [ 1.000000e+00  7.170200e-01  3.757234e+00]
 [ 1.000000e+00  2.802779e+01  3.698303e+00]
 [ 1.000000e+00 -1.835950e+01  3.634693e+00]
 [ 1.000000e+00  2.224142e+01  3.570156e+00]
 [ 1.000000e+00  1.764421e+00  3.499360e+00]
 [ 1.000000e+00  1.013318e+01  3.422822e+00]
 [ 1.000000e+00 -6.994900e+00  3.343316e+00]
 [ 1.000000e+00 -7.845060e+00  3.266607e+00]
 [ 1.000000e+00 -1.822370e+01  3.192368e+00]
 [ 1.000000e+00  1.496908e+01  3.116148e+00]
 [ 1.000000e+00  9.087387e+00  3.037834e+00]
 [ 1.000000e+00  8.404142e+00  2.961422e+00]
 [ 1.000000e+00  9.983114e+00  2.887991e+00]
 [ 1.000000e+00  8.547343e+00  2.824545e+00]
 [ 1.000000e+00  2.078325e+01  2.778226e+00]
 [ 1.000000e+00 -8.134280e+00  2.751843e+00]
 [ 1.000000e+00  1.111414e+01  2.740136e+00]
 [ 1.000000e+00  1.212144e+01  2.731775e+00]
 [ 1.000000e+00 -2.037420e+01  2.723966e+00]
 [ 1.000000e+00  1.000557e+01  2.722998e+00]
 [ 1.000000e+00  7.627532e+00  2.728493e+00]
 [ 1.000000e+00  1.324049e+01  2.737271e+00]
 [ 1.000000e+00  3.147395e+01  2.746431e+00]
 [ 1.000000e+00  8.158528e+00  2.752069e+00]
 [ 1.000000e+00  1.413622e+01  2.751559e+00]
 [ 1.000000e+00  1.109292e+01  2.743208e+00]
 [ 1.000000e+00  1.137194e+01  2.728406e+00]
 [ 1.000000e+00  6.566664e+00  2.711826e+00]
 [ 1.000000e+00  9.400074e+00  2.693169e+00]
 [ 1.000000e+00 -3.116600e-01  2.668122e+00]
 [ 1.000000e+00  1.085102e+01  2.636116e+00]
 [ 1.000000e+00  5.007423e+00  2.599337e+00]
 [ 1.000000e+00 -9.814060e+00  2.560925e+00]
 [ 1.000000e+00  0.000000e+00  2.050656e+00]
 [ 1.000000e+00  4.000000e+01  2.054425e+00]
 [ 1.000000e+00  7.142748e+01  2.104809e+00]
 [ 1.000000e+00  8.333386e+00  2.215026e+00]
 [ 1.000000e+00  5.384647e+01  2.354922e+00]
 [ 1.000000e+00  1.199997e+02  2.496570e+00]
 [ 1.000000e+00 -9.090960e+00  2.600081e+00]
 [ 1.000000e+00  4.500007e+01  2.653049e+00]
 [ 1.000000e+00  3.793110e+01  2.643868e+00]
 [ 1.000000e+00  5.562589e+01  2.586757e+00]
 [ 1.000000e+00  1.506168e+01  2.530235e+00]
 [ 1.000000e+00  5.988250e+00  2.473890e+00]
 [ 1.000000e+00 -1.401040e+01  2.374254e+00]
 [ 1.000000e+00  2.687415e+01  2.227704e+00]
 [ 1.000000e+00  3.922521e+01  2.057440e+00]
 [ 1.000000e+00  1.150749e+01  1.861999e+00]
 [ 1.000000e+00  1.595259e+01  1.692357e+00]
 [ 1.000000e+00  4.720567e+01  1.612794e+00]
 [ 1.000000e+00  3.954197e+01  1.648000e+00]
 [ 1.000000e+00  2.802755e+01  1.755790e+00]
 [ 1.000000e+00  5.183914e+01  1.888549e+00]
 [ 1.000000e+00  2.310054e+01  1.975084e+00]
 [ 1.000000e+00  2.965565e+00  1.974298e+00]
 [ 1.000000e+00  1.550477e+01  1.858401e+00]
 [ 1.000000e+00  2.938158e+01  1.666049e+00]
 [ 1.000000e+00  1.637673e+01  1.460532e+00]
 [ 1.000000e+00 -8.080830e+00  1.288610e+00]
 [ 1.000000e+00 -1.025300e+01  1.144791e+00]
 [ 1.000000e+00  2.658841e+01  1.044546e+00]
 [ 1.000000e+00 -1.927310e+01  9.772000e-01]
 [ 1.000000e+00  2.596195e+00  9.191860e-01]
 [ 1.000000e+00 -1.594380e+00  8.635660e-01]
 [ 1.000000e+00  2.778435e+00  8.263560e-01]
 [ 1.000000e+00 -7.592170e+00  8.116200e-01]
 [ 1.000000e+00 -9.861110e+00  8.145240e-01]
 [ 1.000000e+00  4.497487e+00  8.234100e-01]
 [ 1.000000e+00  3.634590e+01  8.422140e-01]
 [ 1.000000e+00  2.661374e+01  8.860950e-01]
 [ 1.000000e+00  7.163671e+00  9.593670e-01]
 [ 1.000000e+00  1.110016e+01  1.051402e+00]
 [ 1.000000e+00 -7.734320e+00  1.150640e+00]
 [ 1.000000e+00  4.204905e+01  1.240334e+00]
 [ 1.000000e+00 -5.504100e+00  1.304089e+00]
 [ 1.000000e+00  1.327612e+01  1.333495e+00]
 [ 1.000000e+00  1.455078e+00  1.335998e+00]
 [ 1.000000e+00  5.138760e-01  1.332724e+00]
 [ 1.000000e+00  9.516429e+00  9.536570e-01]
 [ 1.000000e+00  2.953279e+00  1.213040e+00]
 [ 1.000000e+00  7.533466e+00  1.104667e+00]
 [ 1.000000e+00 -1.164750e+01  1.304058e+00]
 [ 1.000000e+00 -1.003260e+01  1.092448e+00]
 [ 1.000000e+00  1.601311e+00  4.949430e-01]
 [ 1.000000e+00 -1.826950e+01  1.736630e-01]
 [ 1.000000e+00  2.895287e+01  1.794390e-01]
 [ 1.000000e+00 -1.264410e+01  2.342510e-01]
 [ 1.000000e+00  1.806455e+01  3.559810e-01]
 [ 1.000000e+00 -3.072900e-01  2.947730e-01]
 [ 1.000000e+00  2.637111e+00  8.210700e-02]
 [ 1.000000e+00 -4.909570e+00  2.653400e-02]
 [ 1.000000e+00  5.619237e+00  1.027860e-01]
 [ 1.000000e+00 -7.065310e+00  1.932570e-01]
 [ 1.000000e+00  2.949779e+01  4.486710e-01]
 [ 1.000000e+00  1.615574e+01  6.480830e-01]
 [ 1.000000e+00  1.492514e+01  7.256150e-01]
 [ 1.000000e+00  7.822693e+00  9.726280e-01]
 [ 1.000000e+00  5.248835e+00  1.251746e+00]
 [ 1.000000e+00  1.486769e+01  1.339683e+00]
 [ 1.000000e+00 -1.266470e+01  1.328348e+00]
 [ 1.000000e+00  9.574904e+00  1.342387e+00]
 [ 1.000000e+00  2.477350e-01  1.361840e+00]
 [ 1.000000e+00  1.212972e+01  1.404742e+00]
 [ 1.000000e+00 -2.376060e+00  1.361144e+00]
 [ 1.000000e+00  1.038181e+01  1.253502e+00]
 [ 1.000000e+00  1.525749e+01  1.243871e+00]
 [ 1.000000e+00  1.353760e+01  1.350621e+00]
 [ 1.000000e+00  2.828406e+00  1.344083e+00]
 [ 1.000000e+00 -2.426400e+00  1.190456e+00]
 [ 1.000000e+00 -5.456130e+00  1.047661e+00]
 [ 1.000000e+00  7.877568e+00  1.215201e+00]
 [ 1.000000e+00  5.499520e+00  1.421333e+00]
 [ 1.000000e+00  8.090424e+00  1.530055e+00]
 [ 1.000000e+00 -2.473540e+00  1.595052e+00]
 [ 1.000000e+00  1.321212e+01  1.544387e+00]
 [ 1.000000e+00  9.788703e+00  1.787497e+00]
 [ 1.000000e+00 -2.385340e+01  1.851775e+00]
 [ 1.000000e+00  2.005802e+01  1.825406e+00]
 [ 1.000000e+00  1.350039e+01  2.222661e+00]
 [ 1.000000e+00  9.097560e-01  2.401542e+00]
 [ 1.000000e+00  2.390458e+00  2.311176e+00]
 [ 1.000000e+00  5.962117e+00  2.356979e+00]
 [ 1.000000e+00 -2.765850e+00  2.359951e+00]
 [ 1.000000e+00 -2.682000e-02  2.155312e+00]
 [ 1.000000e+00  1.799496e+01  2.723175e+00]
 [ 1.000000e+00 -2.287570e+01  2.755042e+00]
 [ 1.000000e+00  4.237422e+00  2.782543e+00]
 [ 1.000000e+00  6.232601e+00  2.804536e+00]
 [ 1.000000e+00 -4.081570e+00  2.821939e+00]
 [ 1.000000e+00 -1.622320e+01  2.836856e+00]
 [ 1.000000e+00 -6.031560e+00  2.849806e+00]
 [ 1.000000e+00  6.751560e-01  2.860049e+00]
 [ 1.000000e+00  7.349008e+01  2.867928e+00]
 [ 1.000000e+00 -4.835370e+00  2.873208e+00]
 [ 1.000000e+00 -3.028490e+01  2.881175e+00]
 [ 1.000000e+00 -1.807540e+01  2.887069e+00]
 [ 1.000000e+00 -1.067510e+00  2.883603e+00]
 [ 1.000000e+00  5.027066e+00  2.868631e+00]
 [ 1.000000e+00  1.300479e+00  2.848588e+00]
 [ 1.000000e+00  5.337838e+00  2.827681e+00]
 [ 1.000000e+00  1.662885e+01  2.815765e+00]
 [ 1.000000e+00  3.386544e+01  2.820918e+00]
 [ 1.000000e+00  4.765818e+00  2.846709e+00]
 [ 1.000000e+00  2.800466e+01  2.886200e+00]
 [ 1.000000e+00 -5.661920e+01  2.924293e+00]
 [ 1.000000e+00  4.535193e+01  2.957770e+00]
 [ 1.000000e+00  8.704701e+00  2.995997e+00]
 [ 1.000000e+00 -1.431810e+01  3.038715e+00]
 [ 1.000000e+00  1.642087e+00  3.081081e+00]
 [ 1.000000e+00  1.242490e+01  3.121640e+00]
 [ 1.000000e+00  5.727072e+00  3.151818e+00]
 [ 1.000000e+00  1.830692e+01  3.162061e+00]
 [ 1.000000e+00  1.381664e+00  3.148877e+00]
 [ 1.000000e+00  1.441653e+01  3.119709e+00]
 [ 1.000000e+00  2.288401e+01  3.085858e+00]
 [ 1.000000e+00 -3.750000e+01  3.053494e+00]
 [ 1.000000e+00  3.382857e+01  3.019969e+00]
 [ 1.000000e+00  5.493473e+01  2.986676e+00]
 [ 1.000000e+00 -9.197220e+00  2.953901e+00]
 [ 1.000000e+00  1.933659e+01  2.921153e+00]
 [ 1.000000e+00  2.080358e+01  2.888221e+00]
 [ 1.000000e+00  5.284069e+01  2.855614e+00]
 [ 1.000000e+00 -1.888240e+01  2.823526e+00]
 [ 1.000000e+00 -1.227200e+01  2.792647e+00]
 [ 1.000000e+00  1.254847e+00  2.761807e+00]
 [ 1.000000e+00  5.818483e+00  2.733746e+00]
 [ 1.000000e+00 -2.728790e+00  2.713051e+00]
 [ 1.000000e+00  1.193647e+00  2.701097e+00]
 [ 1.000000e+00  3.027426e+00  2.694578e+00]
 [ 1.000000e+00  1.232404e+01  2.688871e+00]
 [ 1.000000e+00  1.176224e+00  2.363197e+00]
 [ 1.000000e+00  8.200125e+00  2.340017e+00]
 [ 1.000000e+00  2.724482e+01  2.342888e+00]
 [ 1.000000e+00  3.222256e+01  2.374266e+00]
 [ 1.000000e+00 -2.195230e+01  2.422860e+00]
 [ 1.000000e+00  1.158679e+01  2.489031e+00]
 [ 1.000000e+00  2.236481e+01  2.546932e+00]
 [ 1.000000e+00  8.121991e+00  2.566537e+00]
 [ 1.000000e+00  1.337094e+01  2.536558e+00]
 [ 1.000000e+00  1.883021e+01  2.479546e+00]
 [ 1.000000e+00  1.719071e+01  2.403921e+00]
 [ 1.000000e+00  1.437437e+01  2.354936e+00]
 [ 1.000000e+00  7.634970e+00  2.376301e+00]
 [ 1.000000e+00  5.474078e+00  2.485999e+00]
 [ 1.000000e+00 -1.973160e+01  2.645880e+00]
 [ 1.000000e+00 -1.344880e+01  2.819711e+00]
 [ 1.000000e+00 -2.599020e+00  2.948072e+00]
 [ 1.000000e+00  2.594572e+01  2.995393e+00]
 [ 1.000000e+00  2.297641e+01  2.941940e+00]
 [ 1.000000e+00  2.139160e+01  2.824418e+00]
 [ 1.000000e+00  2.949786e+01  2.686313e+00]
 [ 1.000000e+00  3.416797e+00  2.574687e+00]
 [ 1.000000e+00  2.277511e+01  2.504789e+00]
 [ 1.000000e+00  1.265663e+01  2.492043e+00]
 [ 1.000000e+00  2.577860e+01  2.513332e+00]
 [ 1.000000e+00  5.780323e+00  2.542226e+00]
 [ 1.000000e+00  1.123564e+01  2.545436e+00]
 [ 1.000000e+00 -4.304430e+01  2.509995e+00]
 [ 1.000000e+00 -3.862110e+00  2.425069e+00]
 [ 1.000000e+00  2.982470e+01  2.309440e+00]
 [ 1.000000e+00 -9.319520e+00  2.189719e+00]
 [ 1.000000e+00  7.908375e+00  2.087457e+00]
 [ 1.000000e+00 -1.511220e+00  2.004227e+00]
 [ 1.000000e+00  6.860418e+00  1.947028e+00]
 [ 1.000000e+00 -2.461320e+00  1.909366e+00]
 [ 1.000000e+00  8.577085e+00  1.869341e+00]
 [ 1.000000e+00  1.054063e+01  1.827924e+00]
 [ 1.000000e+00  1.867939e+00  1.805973e+00]
 [ 1.000000e+00 -9.688510e+00  1.806870e+00]
 [ 1.000000e+00  2.388030e+01  1.819602e+00]
 [ 1.000000e+00  4.520445e+00  1.842740e+00]
 [ 1.000000e+00  1.827939e+01  1.852220e+00]
 [ 1.000000e+00  4.854900e+00  1.821700e+00]
 [ 1.000000e+00  2.549172e+00  1.739579e+00]
 [ 1.000000e+00  6.603360e+00  1.624740e+00]
 [ 1.000000e+00  3.336480e+00  1.499323e+00]
 [ 1.000000e+00  5.636016e+00  2.920277e+00]
 [ 1.000000e+00  3.208729e+01  2.914703e+00]
 [ 1.000000e+00 -7.288960e+01  2.907623e+00]
 [ 1.000000e+00  1.089317e+02  2.901648e+00]
 [ 1.000000e+00  1.033318e+02  2.893605e+00]
 [ 1.000000e+00  3.345667e+01  2.883984e+00]
 [ 1.000000e+00 -9.508180e+00  2.873929e+00]
 [ 1.000000e+00 -2.114300e+01  2.869956e+00]
 [ 1.000000e+00 -1.370530e+01  2.871157e+00]
 [ 1.000000e+00  4.674626e+01  2.875338e+00]
 [ 1.000000e+00  1.962274e+01  2.881836e+00]
 [ 1.000000e+00  9.884625e+00  2.883165e+00]
 [ 1.000000e+00  1.495000e+01  2.873300e+00]
 [ 1.000000e+00  3.600001e+01  2.847915e+00]
 [ 1.000000e+00  1.869473e+01  2.815051e+00]
 [ 1.000000e+00  5.364526e+00  2.786445e+00]
 [ 1.000000e+00 -1.877460e+00  2.765006e+00]
 [ 1.000000e+00 -3.055340e+00  2.742622e+00]
 [ 1.000000e+00 -3.145570e+01  2.720227e+00]
 [ 1.000000e+00  5.627719e+00  2.701497e+00]
 [ 1.000000e+00 -2.787530e+00  2.676098e+00]
 [ 1.000000e+00 -2.787530e+00  2.661510e+00]
 [ 1.000000e+00  6.325911e+01  2.688152e+00]
 [ 1.000000e+00 -7.630650e+01  2.762306e+00]
 [ 1.000000e+00  4.290563e+02  2.862670e+00]
 [ 1.000000e+00 -9.689350e+00  2.970805e+00]
 [ 1.000000e+00  1.079501e+01  3.054474e+00]
 [ 1.000000e+00 -2.009020e+01  3.092370e+00]
 [ 1.000000e+00  2.304835e+01  3.074000e+00]
 [ 1.000000e+00  1.757708e+01  3.018347e+00]
 [ 1.000000e+00  1.923290e+01  2.959078e+00]
 [ 1.000000e+00 -3.614800e+01  2.913328e+00]
 [ 1.000000e+00  9.605792e+01  2.877867e+00]
 [ 1.000000e+00  9.349198e+01  2.857090e+00]
 [ 1.000000e+00  4.931098e+01  2.847731e+00]
 [ 1.000000e+00 -2.553280e+01  2.832112e+00]
 [ 1.000000e+00  1.039957e+01  2.816887e+00]
 [ 1.000000e+00  1.453043e+01  2.823792e+00]
 [ 1.000000e+00 -1.255230e+01  2.856701e+00]
 [ 1.000000e+00  2.516202e+01  2.902324e+00]
 [ 1.000000e+00  2.219492e+01  2.951649e+00]
 [ 1.000000e+00  3.145499e+01  2.982954e+00]
 [ 1.000000e+00 -7.845400e-01  2.981828e+00]
 [ 1.000000e+00 -1.483420e+01  2.940254e+00]
 [ 1.000000e+00 -1.020720e+00  2.872311e+00]
 [ 1.000000e+00 -6.965430e+00  2.798060e+00]
 [ 1.000000e+00  1.535126e+00  2.146728e+00]
 [ 1.000000e+00 -1.758410e+01  2.105295e+00]
 [ 1.000000e+00  5.319929e+00  2.099178e+00]
 [ 1.000000e+00  3.186068e+01  2.134344e+00]
 [ 1.000000e+00  3.077319e+01  2.196151e+00]
 [ 1.000000e+00  1.811286e+01  2.260611e+00]
 [ 1.000000e+00  2.530900e+01  2.313532e+00]
 [ 1.000000e+00 -3.130420e+01  2.358309e+00]
 [ 1.000000e+00 -9.747200e-01  2.390422e+00]
 [ 1.000000e+00  1.079283e+01  2.408921e+00]
 [ 1.000000e+00 -8.025640e+00  2.426650e+00]
 [ 1.000000e+00  9.411638e+00  2.433235e+00]
 [ 1.000000e+00 -1.601160e+01  2.405476e+00]
 [ 1.000000e+00  1.980553e+01  2.337281e+00]
 [ 1.000000e+00  8.180923e+00  2.242455e+00]
 [ 1.000000e+00  2.547940e-01  2.135924e+00]
 [ 1.000000e+00 -4.122640e+00  2.037103e+00]
 [ 1.000000e+00  6.358593e+00  1.955638e+00]
 [ 1.000000e+00  1.899727e+01  1.898951e+00]
 [ 1.000000e+00  1.740176e+00  1.857830e+00]
 [ 1.000000e+00  2.664202e+00  1.823079e+00]
 [ 1.000000e+00  1.387923e+00  1.778442e+00]
 [ 1.000000e+00 -3.876680e+00  1.714177e+00]
 [ 1.000000e+00  8.078950e-01  1.624212e+00]
 [ 1.000000e+00  7.891173e+00  1.519072e+00]
 [ 1.000000e+00  4.326875e+00  1.413300e+00]
 [ 1.000000e+00  7.369885e+00  1.321492e+00]
 [ 1.000000e+00  1.798032e+01  1.247712e+00]
 [ 1.000000e+00 -2.018630e+00  1.197879e+00]
 [ 1.000000e+00  1.812345e+00  1.167368e+00]
 [ 1.000000e+00  9.384870e+00  1.144947e+00]
 [ 1.000000e+00  5.177202e+00  1.126311e+00]
 [ 1.000000e+00  1.863629e+01  1.117227e+00]
 [ 1.000000e+00  9.385062e+00  1.117406e+00]
 [ 1.000000e+00 -9.091100e-01  1.126150e+00]
 [ 1.000000e+00  8.303085e+00  1.134639e+00]
 [ 1.000000e+00  1.337920e+01  1.148362e+00]
 [ 1.000000e+00  2.287552e+01  1.181032e+00]
 [ 1.000000e+00 -2.668660e+00  1.236254e+00]
 [ 1.000000e+00 -1.740270e+00  1.303574e+00]
 [ 1.000000e+00  1.028404e+01  1.376441e+00]
 [ 1.000000e+00 -9.321800e-01  1.435127e+00]
 [ 1.000000e+00  5.000674e+00  1.462178e+00]
 [ 1.000000e+00 -2.196840e+00  1.447904e+00]
 [ 1.000000e+00  8.661630e-01  1.404045e+00]
 [ 1.000000e+00  1.164968e+01  1.351229e+00]
 [ 1.000000e+00  7.229530e+00  1.493751e+00]
 [ 1.000000e+00  5.011412e+00  1.768359e+00]
 [ 1.000000e+00  3.113284e+01  1.957370e+00]
 [ 1.000000e+00  2.304399e+01  2.085289e+00]
 [ 1.000000e+00 -3.251210e+01  1.945434e+00]
 [ 1.000000e+00  4.948025e+00  8.847900e-01]
 [ 1.000000e+00 -1.141840e+01  3.113620e-01]
 [ 1.000000e+00 -1.483140e+01  3.204400e-02]
 [ 1.000000e+00  1.288730e+01 -3.916400e-01]
 [ 1.000000e+00 -7.582810e+00  1.253640e-01]
 [ 1.000000e+00  2.064834e+01  3.847520e-01]
 [ 1.000000e+00  7.393191e+00  9.934810e-01]
 [ 1.000000e+00  5.470086e+00  1.359495e+00]
 [ 1.000000e+00  1.287019e+01  8.651870e-01]
 [ 1.000000e+00 -4.131580e+00  6.178390e-01]
 [ 1.000000e+00 -2.239920e+00 -2.464000e-02]
 [ 1.000000e+00 -4.442850e+00  8.618760e-01]
 [ 1.000000e+00 -8.306700e-01  2.744820e-01]
 [ 1.000000e+00  1.452058e+01  4.800540e-01]
 [ 1.000000e+00 -8.100130e+00  9.232230e-01]
 [ 1.000000e+00 -1.670870e+01  9.824790e-01]
 [ 1.000000e+00  8.243812e+00  1.041735e+00]
 [ 1.000000e+00  1.964579e+01  1.140231e+00]
 [ 1.000000e+00  1.348701e+01  1.329237e+00]
 [ 1.000000e+00  9.485543e+00  1.464364e+00]
 [ 1.000000e+00  3.039133e+00  1.582662e+00]
 [ 1.000000e+00  3.676128e+00  1.312358e+00]
 [ 1.000000e+00 -7.388480e+00  8.872800e-01]
 [ 1.000000e+00  1.836415e+01  5.254850e-01]
 [ 1.000000e+00 -3.801570e+00  5.875640e-01]
 [ 1.000000e+00  8.109878e+00  5.892860e-01]
 [ 1.000000e+00  7.095699e+00  1.737175e+00]
 [ 1.000000e+00  1.416169e+01  1.973559e+00]
 [ 1.000000e+00  9.103069e+00  1.486219e+00]
 [ 1.000000e+00  3.977660e+00  1.128774e+00]
 [ 1.000000e+00 -5.391070e+00  1.218985e+00]
 [ 1.000000e+00  1.153269e+01  9.324080e-01]
 [ 1.000000e+00 -8.577160e+00  8.487010e-01]
 [ 1.000000e+00 -1.356920e+01  9.997280e-01]
 [ 1.000000e+00  7.366574e+00  1.111726e+00]
 [ 1.000000e+00  8.027025e+00  7.624800e-01]
 [ 1.000000e+00  3.296455e+00  5.482210e-01]
 [ 1.000000e+00  8.054645e+00  7.683480e-01]
 [ 1.000000e+00  8.688176e+00  1.510339e+00]
 [ 1.000000e+00  3.111855e+00  1.889045e+00]
 [ 1.000000e+00  5.281398e+00  2.099357e+00]
 [ 1.000000e+00  3.294421e+00  3.061779e+00]
 [ 1.000000e+00 -3.301800e+01  3.071185e+00]
 [ 1.000000e+00  1.043978e+02  3.079089e+00]
 [ 1.000000e+00  4.065914e+01  3.083471e+00]
 [ 1.000000e+00 -4.080660e+01  3.082628e+00]
 [ 1.000000e+00  2.370481e+00  3.077536e+00]
 [ 1.000000e+00  7.108668e+01  3.061065e+00]
 [ 1.000000e+00 -5.895070e+01  3.024313e+00]
 [ 1.000000e+00 -1.436650e+02  2.964891e+00]
 [ 1.000000e+00 -3.762230e+02  2.889265e+00]
 [ 1.000000e+00  5.291421e+01  2.814229e+00]
 [ 1.000000e+00 -1.758680e+01  2.740016e+00]
 [ 1.000000e+00  8.731440e+00  2.654410e+00]
 [ 1.000000e+00  8.783120e-01  2.555380e+00]
 [ 1.000000e+00 -5.970300e-01  2.451918e+00]
 [ 1.000000e+00 -1.234590e+00  2.340259e+00]
 [ 1.000000e+00 -1.539310e+00  2.240395e+00]
 [ 1.000000e+00 -2.939950e+01  2.178323e+00]
 [ 1.000000e+00 -1.482030e+01  2.163944e+00]
 [ 1.000000e+00 -1.416800e+01  2.178180e+00]
 [ 1.000000e+00  1.567161e+01  2.201067e+00]
 [ 1.000000e+00 -1.002120e+00  2.205391e+00]
 [ 1.000000e+00 -1.490820e+01  2.176486e+00]
 [ 1.000000e+00  1.058283e+03  2.104510e+00]
 [ 1.000000e+00  1.460370e+01  2.003866e+00]
 [ 1.000000e+00  2.075454e+01  1.901720e+00]
 [ 1.000000e+00  2.126330e+01  1.810046e+00]
 [ 1.000000e+00  3.362370e+00  1.718843e+00]
 [ 1.000000e+00  3.063962e+01  1.630175e+00]
 [ 1.000000e+00 -1.684960e+01  1.546392e+00]
 [ 1.000000e+00 -8.391830e+00  1.460478e+00]
 [ 1.000000e+00 -7.095370e+00  1.382044e+00]
 [ 1.000000e+00 -1.033180e+00  1.328120e+00]
 [ 1.000000e+00  1.068464e+01  1.304667e+00]
 [ 1.000000e+00  1.131922e+01  1.302756e+00]
 [ 1.000000e+00  6.250840e+00  1.309086e+00]
 [ 1.000000e+00  1.808722e+01  1.310499e+00]
 [ 1.000000e+00  9.970188e+00  1.302574e+00]
 [ 1.000000e+00 -3.158560e+01  1.280089e+00]
 [ 1.000000e+00  1.071670e+01  1.247650e+00]
 [ 1.000000e+00  2.916271e+01  1.214284e+00]
 [ 1.000000e+00  5.646581e+00  1.185952e+00]
 [ 1.000000e+00  3.472799e+00  1.161137e+00]
 [ 1.000000e+00 -4.390600e-01  1.141341e+00]
 [ 1.000000e+00  2.404272e+01  1.124976e+00]
 [ 1.000000e+00  3.914195e+00  1.110103e+00]
 [ 1.000000e+00  1.110275e+01  7.012930e-01]
 [ 1.000000e+00 -5.473220e+00  7.648030e-01]
 [ 1.000000e+00  1.393323e+01  6.995050e-01]
 [ 1.000000e+00  9.553653e+00  6.203490e-01]
 [ 1.000000e+00  3.662017e+00  5.518890e-01]
 [ 1.000000e+00  7.336247e+00  4.690140e-01]
 [ 1.000000e+00  5.954300e-01  4.226610e-01]
 [ 1.000000e+00 -1.711690e+01  3.817890e-01]
 [ 1.000000e+00  2.463892e+00  3.405660e-01]
 [ 1.000000e+00  6.525650e+00  3.212260e-01]
 [ 1.000000e+00  2.240206e+00  3.440800e-01]
 [ 1.000000e+00  3.704398e+00  3.672780e-01]
 [ 1.000000e+00 -5.194800e+00  3.310600e-01]
 [ 1.000000e+00  1.119750e+01  2.822030e-01]
 [ 1.000000e+00  2.825300e+00  2.994720e-01]
 [ 1.000000e+00  1.592598e+01  3.566890e-01]
 [ 1.000000e+00 -4.488430e+00  4.680500e-01]
 [ 1.000000e+00 -5.698140e+00  5.379230e-01]
 [ 1.000000e+00 -6.947950e+00  4.128080e-01]
 [ 1.000000e+00 -6.020950e+00  3.441510e-01]
 [ 1.000000e+00 -5.525540e+00  4.765040e-01]
 [ 1.000000e+00 -9.544900e-01  5.771800e-01]
 [ 1.000000e+00  5.661663e+00  5.952290e-01]
 [ 1.000000e+00  7.782696e+00  5.693880e-01]
 [ 1.000000e+00  9.206730e+00  5.191260e-01]
 [ 1.000000e+00  1.461202e+00  5.068820e-01]
 [ 1.000000e+00  1.751068e+01  5.422200e-01]
 [ 1.000000e+00  1.266650e+01  5.954100e-01]
 [ 1.000000e+00 -7.362050e+00  6.847590e-01]
 [ 1.000000e+00  8.306760e-01  6.490450e-01]
 [ 1.000000e+00 -4.838390e+00  5.060470e-01]
 [ 1.000000e+00 -3.723000e-01  5.392910e-01]
 [ 1.000000e+00 -1.994810e+00  5.865330e-01]
 [ 1.000000e+00  1.631822e+01  5.909310e-01]
 [ 1.000000e+00  1.067256e+01  6.810730e-01]
 [ 1.000000e+00  1.228664e+01  8.053930e-01]
 [ 1.000000e+00  1.091367e+01  1.034735e+00]
 [ 1.000000e+00  9.034280e-01  1.246333e+00]
 [ 1.000000e+00 -1.368010e+01  1.261127e+00]
 [ 1.000000e+00  3.048723e+00  1.245666e+00]
 [ 1.000000e+00  4.821316e+00  1.297189e+00]
 [ 1.000000e+00  4.674386e+00  1.313441e+00]
 [ 1.000000e+00  6.653833e+00  1.209142e+00]
 [ 1.000000e+00  1.823710e-01  1.127737e+00]
 [ 1.000000e+00 -3.446170e+00  1.026533e+00]
 [ 1.000000e+00  4.959628e+00  8.495210e-01]
 [ 1.000000e+00  1.590250e-01  2.710999e+00]
 [ 1.000000e+00 -5.429390e+00  2.728722e+00]
 [ 1.000000e+00  3.612544e+00  2.767462e+00]
 [ 1.000000e+00 -4.837820e+00  2.831968e+00]
 [ 1.000000e+00  1.142936e+01  2.912383e+00]
 [ 1.000000e+00  1.850029e+00  2.987394e+00]
 [ 1.000000e+00  1.201039e+01  3.052640e+00]
 [ 1.000000e+00  3.886728e+00  3.120397e+00]
 [ 1.000000e+00  4.954647e+00  3.190245e+00]
 [ 1.000000e+00  8.094582e+00  3.255338e+00]
 [ 1.000000e+00  5.992782e+00  3.311863e+00]
 [ 1.000000e+00  1.853185e+01  3.349736e+00]
 [ 1.000000e+00  2.452029e+00  3.360418e+00]
 [ 1.000000e+00  4.874967e+00  3.340328e+00]
 [ 1.000000e+00  1.015063e+01  3.296595e+00]
 [ 1.000000e+00  4.370148e+00  3.248534e+00]
 [ 1.000000e+00  3.967462e+00  3.195171e+00]
 [ 1.000000e+00 -1.172240e+00  3.120231e+00]
 [ 1.000000e+00  7.474494e+00  3.022267e+00]
 [ 1.000000e+00  5.144048e+00  2.911749e+00]
 [ 1.000000e+00  3.013821e+00  2.794760e+00]
 [ 1.000000e+00  1.038626e+01  2.687927e+00]
 [ 1.000000e+00  3.945844e+00  2.605326e+00]
 [ 1.000000e+00 -7.651200e-01  2.553840e+00]
 [ 1.000000e+00  3.825325e+00  2.522482e+00]
 [ 1.000000e+00  5.642178e+00  2.499807e+00]
 [ 1.000000e+00 -3.613670e+00  2.469408e+00]
 [ 1.000000e+00  3.047091e+00  2.423226e+00]
 [ 1.000000e+00 -9.190900e+00  2.355585e+00]
 [ 1.000000e+00  5.121710e+00  2.276383e+00]
 [ 1.000000e+00  4.282593e+00  2.197790e+00]
 [ 1.000000e+00 -2.490800e-01  2.132934e+00]
 [ 1.000000e+00  6.343993e+00  2.086054e+00]
 [ 1.000000e+00 -5.168830e+00  2.061759e+00]
 [ 1.000000e+00  1.276620e+01  2.054204e+00]
 [ 1.000000e+00  1.849512e+01  2.047846e+00]
 [ 1.000000e+00  2.597632e+00  2.040843e+00]
 [ 1.000000e+00  4.340589e+00  2.044428e+00]
 [ 1.000000e+00 -4.316430e+00  2.059363e+00]
 [ 1.000000e+00 -6.533810e+00  2.079755e+00]
 [ 1.000000e+00 -6.698800e+00  2.102553e+00]
 [ 1.000000e+00  2.540948e+00  2.117269e+00]
 [ 1.000000e+00  2.777347e+00  2.113987e+00]
 [ 1.000000e+00  2.756038e+00  2.087792e+00]
 [ 1.000000e+00  1.455008e+01  2.045407e+00]
 [ 1.000000e+00  7.272575e+00  1.998563e+00]
 [ 1.000000e+00  2.272247e+01  2.843158e+00]
 [ 1.000000e+00  1.447406e+01  2.820731e+00]
 [ 1.000000e+00  3.805707e+00  2.785875e+00]
 [ 1.000000e+00 -5.065120e+00  2.735967e+00]
 [ 1.000000e+00 -3.531510e+00  2.676568e+00]
 [ 1.000000e+00 -9.481100e-01  2.615500e+00]
 [ 1.000000e+00 -3.047060e+01  2.559115e+00]
 [ 1.000000e+00  2.489484e+01  2.505232e+00]
 [ 1.000000e+00  7.807721e+00  2.456894e+00]
 [ 1.000000e+00  1.789264e+01  2.413897e+00]
 [ 1.000000e+00  1.012927e+01  2.371708e+00]
 [ 1.000000e+00 -9.653300e-01  2.330840e+00]
 [ 1.000000e+00 -3.738300e+01  2.292640e+00]
 [ 1.000000e+00 -3.947700e+00  2.258534e+00]
 [ 1.000000e+00 -4.084010e+00  2.226539e+00]
 [ 1.000000e+00  2.862936e+01  2.197042e+00]
 [ 1.000000e+00  2.480036e+00  2.169652e+00]
 [ 1.000000e+00 -6.177190e+01  2.145870e+00]
 [ 1.000000e+00 -2.733370e+01  2.125052e+00]
 [ 1.000000e+00  2.601698e+02  2.106938e+00]
 [ 1.000000e+00  1.051553e+01  2.089384e+00]
 [ 1.000000e+00  3.863488e+01  2.072439e+00]
 [ 1.000000e+00  1.376012e+01  2.060368e+00]
 [ 1.000000e+00  1.431848e+01  2.052792e+00]
 [ 1.000000e+00  1.079677e+01  2.048298e+00]
 [ 1.000000e+00  7.460666e+00  2.045347e+00]
 [ 1.000000e+00  4.225012e+00  2.038800e+00]
 [ 1.000000e+00  1.092932e+01  2.025192e+00]
 [ 1.000000e+00  3.543295e+00  2.001214e+00]
 [ 1.000000e+00 -9.213700e+00  1.971223e+00]
 [ 1.000000e+00 -2.418130e+01  1.939169e+00]
 [ 1.000000e+00 -5.429230e+00  1.910027e+00]
 [ 1.000000e+00  1.904026e+01  1.884449e+00]
 [ 1.000000e+00  9.865918e+00  1.863602e+00]
 [ 1.000000e+00  2.846345e+00  1.846233e+00]
 [ 1.000000e+00  1.353927e+01  1.827978e+00]
 [ 1.000000e+00  3.890631e+01  1.808539e+00]
 [ 1.000000e+00  2.819665e+01  1.792310e+00]
 [ 1.000000e+00 -2.203070e+01  1.779080e+00]
 [ 1.000000e+00  3.409555e+01  1.767746e+00]
 [ 1.000000e+00  1.355269e+01  1.756540e+00]
 [ 1.000000e+00  2.536979e+01  1.742015e+00]
 [ 1.000000e+00  9.694139e+00  1.721776e+00]
 [ 1.000000e+00  5.838897e+00  1.692632e+00]
 [ 1.000000e+00  6.466639e+00  1.657883e+00]
 [ 1.000000e+00  7.275547e+00  1.621103e+00]
 [ 1.000000e+00  1.493556e+01  2.686503e+00]
 [ 1.000000e+00 -5.800350e+00  2.650863e+00]
 [ 1.000000e+00  4.790246e+01  2.631080e+00]
 [ 1.000000e+00  3.345369e+01  2.631208e+00]
 [ 1.000000e+00 -1.978680e+00  2.641998e+00]
 [ 1.000000e+00 -1.329230e+01  2.656172e+00]
 [ 1.000000e+00 -1.218890e+01  2.658868e+00]
 [ 1.000000e+00 -7.219920e+00  2.640573e+00]
 [ 1.000000e+00  1.672630e+01  2.595741e+00]
 [ 1.000000e+00  3.676144e+01  2.534079e+00]
 [ 1.000000e+00  2.218225e+01  2.466176e+00]
 [ 1.000000e+00 -6.784610e+00  2.405456e+00]
 [ 1.000000e+00 -3.532020e+01  2.357139e+00]
 [ 1.000000e+00 -5.992790e+00  2.326083e+00]
 [ 1.000000e+00 -1.462330e+01  2.305069e+00]
 [ 1.000000e+00  2.979201e+01  2.282766e+00]
 [ 1.000000e+00  2.247713e+01  2.252159e+00]
 [ 1.000000e+00 -1.196700e+01  2.215599e+00]
 [ 1.000000e+00 -2.123180e+01  2.171218e+00]
 [ 1.000000e+00  5.972850e-01  2.119739e+00]
 [ 1.000000e+00  4.205650e+00  2.069773e+00]
 [ 1.000000e+00  1.269046e+00  2.016622e+00]
 [ 1.000000e+00  1.171732e+01  1.947620e+00]
 [ 1.000000e+00  3.302175e+01  1.859433e+00]
 [ 1.000000e+00  1.985946e+01  1.760098e+00]
 [ 1.000000e+00 -4.907990e+00  1.659755e+00]
 [ 1.000000e+00  1.491519e+01  1.568305e+00]
 [ 1.000000e+00 -2.060660e+00  1.488587e+00]
 [ 1.000000e+00 -1.345590e+01  1.424546e+00]
 [ 1.000000e+00 -2.911690e+00  1.373783e+00]
 [ 1.000000e+00 -6.908110e+00  1.328149e+00]
 [ 1.000000e+00  3.956207e+00  1.286759e+00]
 [ 1.000000e+00  5.073281e+00  1.256184e+00]
 [ 1.000000e+00  1.988900e-01  1.237611e+00]
 [ 1.000000e+00  6.226494e+00  1.228856e+00]
 [ 1.000000e+00  3.463070e+01  1.222232e+00]
 [ 1.000000e+00  2.863378e+01  1.218947e+00]
 [ 1.000000e+00  3.109631e+01  1.226880e+00]
 [ 1.000000e+00 -2.020380e+01  1.247432e+00]
 [ 1.000000e+00  3.581559e+01  1.275008e+00]
 [ 1.000000e+00  1.220909e+01  1.306696e+00]
 [ 1.000000e+00  9.494082e+00  1.331742e+00]
 [ 1.000000e+00  8.504132e+00  1.339673e+00]
 [ 1.000000e+00 -1.248500e+00  1.324830e+00]
 [ 1.000000e+00 -3.482100e+00  1.293737e+00]
 [ 1.000000e+00 -4.409580e+00  1.257862e+00]
 [ 1.000000e+00  5.749896e+00  2.880427e+00]
 [ 1.000000e+00  3.631403e+00  2.873682e+00]
 [ 1.000000e+00  1.184925e+01  2.860912e+00]
 [ 1.000000e+00  2.081296e+01  2.839128e+00]
 [ 1.000000e+00  2.408203e+01  2.812296e+00]
 [ 1.000000e+00  1.886585e+01  2.784612e+00]
 [ 1.000000e+00  9.723940e-01  2.762036e+00]
 [ 1.000000e+00  8.093363e+00  2.747544e+00]
 [ 1.000000e+00  4.356045e+00  2.743013e+00]
 [ 1.000000e+00 -3.703110e+00  2.744178e+00]
 [ 1.000000e+00  2.832291e+00  2.744088e+00]
 [ 1.000000e+00  8.418612e+00  2.739278e+00]
 [ 1.000000e+00  6.400040e+00  2.731635e+00]
 [ 1.000000e+00 -3.698750e+01  2.720295e+00]
 [ 1.000000e+00 -3.185350e+01  2.704841e+00]
 [ 1.000000e+00  1.006009e+01  2.688720e+00]
 [ 1.000000e+00  1.969413e+01  2.668606e+00]
 [ 1.000000e+00  1.468751e+01  2.637745e+00]
 [ 1.000000e+00  2.045015e+01  2.594409e+00]
 [ 1.000000e+00  1.583350e+01  2.543035e+00]
 [ 1.000000e+00 -1.729040e+01  2.488831e+00]
 [ 1.000000e+00  7.833090e+00  2.437481e+00]
 [ 1.000000e+00  7.873480e+00  2.391083e+00]
 [ 1.000000e+00  8.654002e+00  2.351690e+00]
 [ 1.000000e+00  3.503377e+00  2.316990e+00]
 [ 1.000000e+00  1.245598e+01  2.279786e+00]
 [ 1.000000e+00  1.169550e+01  2.240281e+00]
 [ 1.000000e+00 -1.627640e+01  2.204946e+00]
 [ 1.000000e+00 -1.306710e+01  2.174650e+00]
 [ 1.000000e+00  1.096563e+00  2.145855e+00]
 [ 1.000000e+00  2.397524e+01  2.123357e+00]
 [ 1.000000e+00  1.566295e+01  2.095186e+00]
 [ 1.000000e+00 -4.476400e-01  2.043937e+00]
 [ 1.000000e+00 -2.235640e+00  1.963613e+00]
 [ 1.000000e+00  2.957820e+00  1.866938e+00]
 [ 1.000000e+00 -1.512240e+01  1.763775e+00]
 [ 1.000000e+00 -4.718800e-01  1.675981e+00]
 [ 1.000000e+00  2.335896e+01  1.620043e+00]
 [ 1.000000e+00 -8.679540e+00  1.605755e+00]
 [ 1.000000e+00  3.161425e+01  1.619573e+00]
 [ 1.000000e+00  2.807744e+00  1.641601e+00]
 [ 1.000000e+00 -4.286820e+00  1.653690e+00]
 [ 1.000000e+00  2.794478e+01  1.652875e+00]
 [ 1.000000e+00  4.216403e+00  1.632819e+00]
 [ 1.000000e+00  1.837719e+01  1.599599e+00]
 [ 1.000000e+00  2.373548e+01  1.564497e+00]
 [ 1.000000e+00 -3.532830e+00 -4.234000e-01]
 [ 1.000000e+00  1.489506e+01 -1.542900e-01]
 [ 1.000000e+00  2.109070e+01  3.093200e-02]
 [ 1.000000e+00 -8.538310e+00  1.394878e+00]
 [ 1.000000e+00 -4.530570e+01  3.800414e+00]
 [ 1.000000e+00  2.965289e+01  2.844097e+00]
 [ 1.000000e+00  3.399611e+01  1.061755e+00]
 [ 1.000000e+00  6.569268e+00  1.078957e+00]
 [ 1.000000e+00  7.467391e+00  1.071994e+00]
 [ 1.000000e+00  1.069633e+01  1.081432e+00]
 [ 1.000000e+00  3.612709e+00  8.670810e-01]
 [ 1.000000e+00  1.289657e+00  6.113320e-01]
 [ 1.000000e+00 -1.909110e+01  4.639650e-01]
 [ 1.000000e+00 -2.039190e+01  3.845530e-01]
 [ 1.000000e+00 -1.992670e+00  2.735390e-01]
 [ 1.000000e+00  1.792572e+01  9.095400e-02]
 [ 1.000000e+00  2.861423e+01 -2.695000e-02]
 [ 1.000000e+00  2.178011e+01 -1.039500e-01]
 [ 1.000000e+00  1.990005e+00 -1.459200e-01]
 [ 1.000000e+00  1.063941e+01 -2.179500e-01]
 [ 1.000000e+00 -2.025500e-01 -2.304800e-01]
 [ 1.000000e+00  3.184645e+00 -7.775000e-02]
 [ 1.000000e+00 -8.707220e+00  1.223170e-01]
 [ 1.000000e+00  1.214657e+01  2.690890e-01]
 [ 1.000000e+00  6.016370e+00  3.462040e-01]
 [ 1.000000e+00  3.867193e+00  3.759960e-01]
 [ 1.000000e+00  1.366508e+01  4.464610e-01]
 [ 1.000000e+00  1.342784e+01  5.053890e-01]
 [ 1.000000e+00  8.042634e+00  5.656300e-01]
 [ 1.000000e+00  1.641444e+00  7.028600e-01]
 [ 1.000000e+00  1.619088e+00  7.052310e-01]
 [ 1.000000e+00 -5.373160e+00  5.476680e-01]
 [ 1.000000e+00 -8.205280e+00  3.754110e-01]
 [ 1.000000e+00  4.110312e+00  2.391290e-01]
 [ 1.000000e+00 -6.538700e-01  1.855320e-01]
 [ 1.000000e+00 -1.610000e-02  1.803320e-01]
 [ 1.000000e+00  2.557624e+00  1.963040e-01]
 [ 1.000000e+00  7.842560e-01  1.441910e-01]
 [ 1.000000e+00 -1.224570e+01  9.533100e-02]
 [ 1.000000e+00  3.392717e+00  4.591000e-02]
 [ 1.000000e+00 -1.400040e+01 -1.470800e-01]
 [ 1.000000e+00 -1.810670e+01 -4.054200e-01]
 [ 1.000000e+00 -5.133050e+00 -5.488200e-01]
 [ 1.000000e+00  5.080649e+00 -5.391900e-01]
 [ 1.000000e+00  6.386650e+00 -4.141400e-01]
 [ 1.000000e+00  7.668660e-01 -3.154600e-01]
 [ 1.000000e+00  3.111852e+01  2.985866e+00]
 [ 1.000000e+00  3.819075e+01  2.938634e+00]
 [ 1.000000e+00  1.995551e+00  2.934188e+00]
 [ 1.000000e+00  1.186627e+01  2.989206e+00]
 [ 1.000000e+00  3.494024e+01  3.081881e+00]
 [ 1.000000e+00  7.599329e+00  3.170450e+00]
 [ 1.000000e+00  1.506644e+01  3.238591e+00]
 [ 1.000000e+00 -2.433470e+00  3.303747e+00]
 [ 1.000000e+00 -1.881760e+01  3.364058e+00]
 [ 1.000000e+00  4.729953e+01  3.416013e+00]
 [ 1.000000e+00 -3.725660e+00  3.334666e+00]
 [ 1.000000e+00  6.751988e+01  3.226572e+00]
 [ 1.000000e+00 -1.578220e+01  3.302155e+00]
 [ 1.000000e+00  3.399372e+01  3.605455e+00]
 [ 1.000000e+00  9.303483e+00  3.969872e+00]
 [ 1.000000e+00 -5.479790e+00  4.591644e+00]
 [ 1.000000e+00 -1.129200e+00  4.939571e+00]
 [ 1.000000e+00  6.959400e-02  4.332043e+00]
 [ 1.000000e+00 -1.155540e+01  2.609250e+00]
 [ 1.000000e+00 -1.923100e+01  2.735990e-01]
 [ 1.000000e+00 -2.014030e+01 -2.576360e+00]
 [ 1.000000e+00  3.096072e+01 -5.089330e+00]
 [ 1.000000e+00  1.114429e+01 -6.184860e+00]
 [ 1.000000e+00 -8.177220e+01 -4.792690e+00]
 [ 1.000000e+00  1.557849e+02 -1.290820e+00]
 [ 1.000000e+00  9.321399e+00  3.107220e+00]
 [ 1.000000e+00  3.620637e+01  6.446740e+00]
 [ 1.000000e+00  2.955771e+01  7.917892e+00]
 [ 1.000000e+00  2.179237e+01  7.283968e+00]
 [ 1.000000e+00  1.649318e+01  5.539102e+00]
 [ 1.000000e+00  2.899280e-01  3.714288e+00]
 [ 1.000000e+00  7.681169e+00  2.452438e+00]
 [ 1.000000e+00  9.925892e+00  1.674486e+00]
 [ 1.000000e+00  1.214375e+01  1.578337e+00]
 [ 1.000000e+00  1.597940e+01  1.946107e+00]
 [ 1.000000e+00  2.194914e+01  2.361262e+00]
 [ 1.000000e+00  2.567209e+01  2.582134e+00]
 [ 1.000000e+00  3.178373e+01  2.722791e+00]
 [ 1.000000e+00  2.486387e+00  2.735945e+00]
 [ 1.000000e+00  7.220000e+00  2.664241e+00]
 [ 1.000000e+00  1.090178e+01  2.593510e+00]
 [ 1.000000e+00  2.116477e+01  2.560881e+00]
 [ 1.000000e+00  8.161281e+00  2.528715e+00]
 [ 1.000000e+00  5.433525e+00  2.500797e+00]
 [ 1.000000e+00  1.768980e+01  2.474095e+00]
 [ 1.000000e+00  1.001844e+01  2.445905e+00]
 [ 1.000000e+00  5.283243e+00  3.029460e+00]
 [ 1.000000e+00  1.716920e+01  3.066486e+00]
 [ 1.000000e+00 -6.236900e+00  3.032587e+00]
 [ 1.000000e+00  2.602140e+00  2.913632e+00]
 [ 1.000000e+00  4.715802e+00  2.749266e+00]
 [ 1.000000e+00 -6.222630e+00  2.569214e+00]
 [ 1.000000e+00 -7.331220e+00  2.435510e+00]
 [ 1.000000e+00 -6.643620e+00  2.393800e+00]
 [ 1.000000e+00  1.646634e+00  2.468589e+00]
 [ 1.000000e+00  2.412807e+01  2.618376e+00]
 [ 1.000000e+00  4.798759e+01  2.780612e+00]
 [ 1.000000e+00 -2.772960e+01  2.908778e+00]
 [ 1.000000e+00 -2.924680e+01  3.002350e+00]
 [ 1.000000e+00  4.500911e+01  3.048415e+00]
 [ 1.000000e+00  3.873774e+01  3.059735e+00]
 [ 1.000000e+00 -1.930310e+01  3.058815e+00]
 [ 1.000000e+00  9.623440e+00  3.059681e+00]
 [ 1.000000e+00 -1.498310e+01  3.058115e+00]
 [ 1.000000e+00 -2.054840e+01  3.056697e+00]
 [ 1.000000e+00  2.705328e+01  3.050676e+00]
 [ 1.000000e+00  1.437867e+01  3.050505e+00]
 [ 1.000000e+00  6.065750e+00  3.035397e+00]
 [ 1.000000e+00 -5.600890e+00  2.974659e+00]
 [ 1.000000e+00 -4.088460e+01  2.860039e+00]
 [ 1.000000e+00  2.996928e+01  2.716848e+00]
 [ 1.000000e+00 -4.298100e-01  2.567435e+00]
 [ 1.000000e+00  3.064864e+01  2.448593e+00]
 [ 1.000000e+00  2.330883e+00  2.383846e+00]
 [ 1.000000e+00  2.652741e+01  2.387438e+00]
 [ 1.000000e+00  1.289419e+01  2.438369e+00]
 [ 1.000000e+00  4.268201e+00  2.502260e+00]
 [ 1.000000e+00 -1.448650e+01  2.555878e+00]
 [ 1.000000e+00  2.795761e+01  2.602491e+00]
 [ 1.000000e+00 -2.203600e-01  2.635330e+00]
 [ 1.000000e+00  2.315372e+01  2.659852e+00]
 [ 1.000000e+00 -2.107320e+00  2.679015e+00]
 [ 1.000000e+00  2.545109e+01  2.704302e+00]
 [ 1.000000e+00 -5.126210e+00  2.744642e+00]
 [ 1.000000e+00 -1.629580e+01  2.803349e+00]
 [ 1.000000e+00 -5.337430e+00  2.869085e+00]
 [ 1.000000e+00  5.966053e+00  2.934787e+00]
 [ 1.000000e+00  1.747846e+01  2.981977e+00]
 [ 1.000000e+00  1.694750e+01  2.996267e+00]
 [ 1.000000e+00 -5.680300e-01  2.970878e+00]
 [ 1.000000e+00  1.554252e+01  2.919162e+00]
 [ 1.000000e+00  1.466108e+01  2.860609e+00]
 [ 1.000000e+00  9.851615e+00  1.834125e+00]
 [ 1.000000e+00  5.350143e+00  1.852209e+00]
 [ 1.000000e+00  4.753285e+00  1.868697e+00]
 [ 1.000000e+00  1.532320e+01  1.664143e+00]
 [ 1.000000e+00 -5.986650e+00  1.460270e+00]
 [ 1.000000e+00  4.934181e+00  1.347723e+00]
 [ 1.000000e+00 -3.184000e+00  1.385723e+00]
 [ 1.000000e+00  1.231089e+01  1.209701e+00]
 [ 1.000000e+00  1.497352e+01  1.262392e+00]
 [ 1.000000e+00  1.235636e+01  1.269234e+00]
 [ 1.000000e+00  4.432930e+00  4.807689e+00]
 [ 1.000000e+00  1.139351e+01  4.388594e+00]
 [ 1.000000e+00  9.405365e+00  1.298745e+00]
 [ 1.000000e+00  8.326974e+00  1.890222e+00]
 [ 1.000000e+00 -1.063890e+01  1.366450e-01]
 [ 1.000000e+00 -7.147790e+00 -9.449000e-02]
 [ 1.000000e+00  8.208286e+00  1.503833e+00]
 [ 1.000000e+00 -2.103370e+00  2.537774e+00]
 [ 1.000000e+00  1.031111e+01  2.935744e+00]
 [ 1.000000e+00  1.725880e+01  3.889094e+00]
 [ 1.000000e+00  1.075643e+00  2.845483e+00]
 [ 1.000000e+00  8.487344e+00  3.004256e+00]
 [ 1.000000e+00  1.617561e+01  2.529807e+00]
 [ 1.000000e+00  6.392900e-02  3.136587e+00]
 [ 1.000000e+00  1.413399e+01  3.037813e+00]
 [ 1.000000e+00  9.679926e+00  4.064318e+00]
 [ 1.000000e+00  1.897716e+01  3.357442e+00]
 [ 1.000000e+00 -2.285950e+01  3.397212e+00]
 [ 1.000000e+00  1.046197e+01  7.991480e-01]
 [ 1.000000e+00  2.503400e+01  1.732042e+00]
 [ 1.000000e+00 -2.147020e+01  2.697356e+00]
 [ 1.000000e+00 -3.791290e+00  9.126400e-01]
 [ 1.000000e+00 -2.859840e+01 -1.474530e+00]
 [ 1.000000e+00  4.643590e+01  1.251917e+00]
 [ 1.000000e+00 -5.028700e-01  2.350511e+00]
 [ 1.000000e+00  1.452734e+01  3.129389e+00]
 [ 1.000000e+00  1.196425e+01  4.166003e+00]
 [ 1.000000e+00  2.925695e+01  5.321517e+00]
 [ 1.000000e+00 -1.114550e+01  3.015950e+00]
 [ 1.000000e+00  2.416189e+01  1.771833e+00]
 [ 1.000000e+00  3.254812e+00  2.084902e+00]
 [ 1.000000e+00  1.414676e+01  2.453390e+00]
 [ 1.000000e+00  5.299950e+00  1.619308e+00]
 [ 1.000000e+00  1.757661e+00  1.298440e+00]
 [ 1.000000e+00 -7.016280e+00  1.186377e+00]
 [ 1.000000e+00  4.821889e+00  1.297436e+00]
 [ 1.000000e+00  1.031556e+01  2.777944e+00]
 [ 1.000000e+00 -1.219520e+01  2.793844e+00]
 [ 1.000000e+00  1.389855e+01  2.783300e+00]
 [ 1.000000e+00  1.647189e+01  2.740671e+00]
 [ 1.000000e+00  1.744283e+00  2.678583e+00]
 [ 1.000000e+00 -1.117590e+01  2.605517e+00]
 [ 1.000000e+00 -5.458450e+00  2.542989e+00]
 [ 1.000000e+00 -2.658260e+00  2.507860e+00]
 [ 1.000000e+00  9.804475e+00  2.508712e+00]
 [ 1.000000e+00  3.221749e+01  2.529748e+00]
 [ 1.000000e+00  1.002816e+01  2.562552e+00]
 [ 1.000000e+00 -2.072640e+01  2.577781e+00]
 [ 1.000000e+00  3.658670e+00  2.550790e+00]
 [ 1.000000e+00  1.588270e-01  2.470425e+00]
 [ 1.000000e+00 -1.854860e+01  2.359551e+00]
 [ 1.000000e+00 -1.270510e+01  2.228954e+00]
 [ 1.000000e+00 -3.926930e+00  2.122348e+00]
 [ 1.000000e+00  2.190087e+01  2.079513e+00]
 [ 1.000000e+00  2.828528e+00  2.118993e+00]
 [ 1.000000e+00 -1.179930e+01  2.206352e+00]
 [ 1.000000e+00 -3.327700e-01  2.308915e+00]
 [ 1.000000e+00 -6.170790e+00  2.371301e+00]
 [ 1.000000e+00 -2.265800e-01  2.359968e+00]
 [ 1.000000e+00  2.158629e+01  2.254145e+00]
 [ 1.000000e+00  1.438123e+01  2.086967e+00]
 [ 1.000000e+00  6.962360e-01  1.907074e+00]
 [ 1.000000e+00  2.818760e+00  1.752686e+00]
 [ 1.000000e+00  3.274152e+00  1.624698e+00]
 [ 1.000000e+00 -2.920440e+00  1.535658e+00]
 [ 1.000000e+00  3.497049e+00  1.474994e+00]
 [ 1.000000e+00  3.724000e-01  1.425857e+00]
 [ 1.000000e+00  9.143974e+00  1.372806e+00]
 [ 1.000000e+00  1.149344e+01  1.315160e+00]
 [ 1.000000e+00  1.611006e+01  1.248592e+00]
 [ 1.000000e+00  6.294820e+00  1.181023e+00]
 [ 1.000000e+00  1.279442e+01  1.108114e+00]
 [ 1.000000e+00  8.406728e+00  1.053087e+00]
 [ 1.000000e+00  8.614844e+00  1.046772e+00]
 [ 1.000000e+00 -8.504240e+00  1.102147e+00]
 [ 1.000000e+00  1.123600e+00  1.197113e+00]
 [ 1.000000e+00  8.238627e+00  1.307414e+00]
 [ 1.000000e+00  3.047924e+00  1.395966e+00]
 [ 1.000000e+00  6.404775e+00  1.440907e+00]
 [ 1.000000e+00 -1.795280e+00  1.425925e+00]
 [ 1.000000e+00  5.448616e+00  1.368770e+00]
 [ 1.000000e+00 -8.057590e+00  1.301374e+00]
 [ 1.000000e+00 -6.244830e+00  2.077353e+00]
 [ 1.000000e+00  1.327298e+01  1.976234e+00]
 [ 1.000000e+00 -2.993030e+01  1.903071e+00]
 [ 1.000000e+00  8.237263e+01  1.868174e+00]
 [ 1.000000e+00 -1.516910e+01  1.857731e+00]
 [ 1.000000e+00  2.527452e+01  1.855831e+00]
 [ 1.000000e+00 -5.018370e+00  1.841629e+00]
 [ 1.000000e+00  4.400010e+01  1.805910e+00]
 [ 1.000000e+00  3.407507e+01  1.740929e+00]
 [ 1.000000e+00  2.786202e+01  1.658066e+00]
 [ 1.000000e+00 -1.589560e+01  1.567442e+00]
 [ 1.000000e+00  4.851496e+00  1.489010e+00]
 [ 1.000000e+00  1.218552e+01  1.436412e+00]
 [ 1.000000e+00  2.411921e+00  1.418159e+00]
 [ 1.000000e+00 -4.454470e+00  1.421532e+00]
 [ 1.000000e+00  9.094081e+00  1.429279e+00]
 [ 1.000000e+00 -5.010000e-01  1.423069e+00]
 [ 1.000000e+00 -6.172250e+00  1.397238e+00]
 [ 1.000000e+00 -6.922390e+00  1.344560e+00]
 [ 1.000000e+00 -2.792260e+00  1.271778e+00]
 [ 1.000000e+00  8.624503e+00  1.204052e+00]
 [ 1.000000e+00  1.908795e+00  1.139482e+00]
 [ 1.000000e+00  1.059557e+01  1.053798e+00]
 [ 1.000000e+00  9.314577e+00  9.424800e-01]
 [ 1.000000e+00 -8.193300e-01  8.186650e-01]
 [ 1.000000e+00  3.898088e+00  6.826980e-01]
 [ 1.000000e+00  2.198645e+00  5.665630e-01]
 [ 1.000000e+00  1.516275e+01  5.085200e-01]
 [ 1.000000e+00  6.340229e+00  5.284790e-01]
 [ 1.000000e+00  9.908015e+00  6.025750e-01]
 [ 1.000000e+00 -1.746950e+01  6.956710e-01]
 [ 1.000000e+00  1.214619e+01  7.702800e-01]
 [ 1.000000e+00  1.199323e+01  8.152030e-01]
 [ 1.000000e+00  8.754379e+00  8.149300e-01]
 [ 1.000000e+00  8.718460e+00  7.816560e-01]
 [ 1.000000e+00  1.397652e+01  7.429250e-01]
 [ 1.000000e+00  6.825084e+00  7.124380e-01]
 [ 1.000000e+00  2.986515e+00  6.793510e-01]
 [ 1.000000e+00  2.957760e+00  6.459340e-01]
 [ 1.000000e+00  2.038136e+01  6.121520e-01]
 [ 1.000000e+00  2.024239e+01  5.759300e-01]
 [ 1.000000e+00  2.169887e+01  5.399270e-01]
 [ 1.000000e+00 -8.831150e+00  7.803010e-01]
 [ 1.000000e+00  1.153133e+01  8.995130e-01]
 [ 1.000000e+00  3.792476e+00  9.344290e-01]
 [ 1.000000e+00  2.710374e+01  1.124060e+00]
 [ 1.000000e+00 -1.539020e+01  3.251200e+00]
 [ 1.000000e+00 -5.874820e+00  3.270790e+00]
 [ 1.000000e+00  4.731535e+01  3.309693e+00]
 [ 1.000000e+00  3.137255e+01  3.371936e+00]
 [ 1.000000e+00  3.265438e+01  3.444453e+00]
 [ 1.000000e+00  1.265885e+01  3.513528e+00]
 [ 1.000000e+00 -1.606160e+01  3.562766e+00]
 [ 1.000000e+00 -1.720790e+01  3.585204e+00]
 [ 1.000000e+00 -4.987590e+00  3.576050e+00]
 [ 1.000000e+00  5.433298e+00  3.544174e+00]
 [ 1.000000e+00  4.071447e+01  3.520300e+00]
 [ 1.000000e+00  1.029506e+01  3.497796e+00]
 [ 1.000000e+00 -2.129260e+01  3.445477e+00]
 [ 1.000000e+00 -3.927600e+01  3.359454e+00]
 [ 1.000000e+00 -9.829360e+00  3.260765e+00]
 [ 1.000000e+00  6.261250e+01  3.128785e+00]
 [ 1.000000e+00  3.739728e+00  3.025309e+00]
 [ 1.000000e+00 -3.325690e+00  3.033585e+00]
 [ 1.000000e+00 -1.634940e+00  3.178459e+00]
 [ 1.000000e+00 -7.345850e+00  3.392182e+00]
 [ 1.000000e+00  2.721181e+00  3.635941e+00]
 [ 1.000000e+00  1.064366e+01  3.793619e+00]
 [ 1.000000e+00  4.660201e+00  3.773096e+00]
 [ 1.000000e+00  3.108053e+00  3.539517e+00]
 [ 1.000000e+00  1.075356e+00  3.182933e+00]
 [ 1.000000e+00  1.271387e+02  2.795091e+00]
 [ 1.000000e+00  4.068666e+01  2.487390e+00]
 [ 1.000000e+00  1.928244e+01  2.307221e+00]
 [ 1.000000e+00 -3.312610e+00  2.294316e+00]
 [ 1.000000e+00  5.796353e+01  2.389724e+00]
 [ 1.000000e+00  4.439319e+00  2.516532e+00]
 [ 1.000000e+00  1.281658e+01  2.594638e+00]
 [ 1.000000e+00  7.767443e+00  2.603166e+00]
 [ 1.000000e+00  1.526017e+01  2.517302e+00]
 [ 1.000000e+00  8.297179e+00  2.375214e+00]
 [ 1.000000e+00  1.358439e+01  2.223896e+00]
 [ 1.000000e+00  6.097596e+00  2.114545e+00]
 [ 1.000000e+00  3.986863e+00  2.063195e+00]
 [ 1.000000e+00 -1.321600e-01  2.087341e+00]
 [ 1.000000e+00 -7.836900e-01  2.161698e+00]
 [ 1.000000e+00 -5.666100e+00  2.246864e+00]
 [ 1.000000e+00 -2.210020e+01  2.312939e+00]
 [ 1.000000e+00  4.603707e+00  2.360694e+00]
 [ 1.000000e+00 -2.166730e+00  2.381185e+00]
 [ 1.000000e+00  6.477686e+00  2.382469e+00]
 [ 1.000000e+00  3.415227e+00  2.380440e+00]
 [ 1.000000e+00 -7.077210e+00  6.880960e-01]
 [ 1.000000e+00 -2.193250e+00  2.955000e-01]
 [ 1.000000e+00  1.278624e+00  1.723640e-01]
 [ 1.000000e+00  9.278281e+00  2.901650e-01]
 [ 1.000000e+00  6.388230e+00  3.972760e-01]
 [ 1.000000e+00 -1.904470e+00  3.636860e-01]
 [ 1.000000e+00 -1.439350e+01  3.551580e-01]
 [ 1.000000e+00 -1.310570e+01  2.911460e-01]
 [ 1.000000e+00  1.590079e+01  2.182230e-01]
 [ 1.000000e+00  8.839150e+00  2.029970e-01]
 [ 1.000000e+00 -1.298840e+01  1.199200e-01]
 [ 1.000000e+00 -3.214100e-01  5.719200e-02]
 [ 1.000000e+00 -1.787700e-01  4.527400e-02]
 [ 1.000000e+00  1.116061e+01  9.087000e-02]
 [ 1.000000e+00  1.081845e+01  1.651710e-01]
 [ 1.000000e+00 -1.053590e+00  2.325690e-01]
 [ 1.000000e+00  6.767877e+00  3.336790e-01]
 [ 1.000000e+00  7.221131e+00  4.595980e-01]
 [ 1.000000e+00  1.316400e+01  6.671830e-01]
 [ 1.000000e+00  8.871650e-01  7.726030e-01]
 [ 1.000000e+00 -1.492740e+01  6.816430e-01]
 [ 1.000000e+00 -6.512340e+00  5.865300e-01]
 [ 1.000000e+00 -1.684580e+01  5.808390e-01]
 [ 1.000000e+00  1.445647e+01  7.107050e-01]
 [ 1.000000e+00  8.673123e+00  5.247040e-01]
 [ 1.000000e+00  1.016706e+00  1.591470e-01]
 [ 1.000000e+00  1.897103e+00  5.726200e-02]
 [ 1.000000e+00  9.209484e+00  5.551200e-02]
 [ 1.000000e+00  4.743462e+00  7.792700e-02]
 [ 1.000000e+00  8.386690e+00  1.605750e-01]
 [ 1.000000e+00  9.447800e-01  2.684710e-01]
 [ 1.000000e+00 -3.076020e+00  3.254380e-01]
 [ 1.000000e+00  3.470684e+00  3.720930e-01]
 [ 1.000000e+00  4.469595e+00  3.932990e-01]
 [ 1.000000e+00  5.024299e+00  3.999430e-01]
 [ 1.000000e+00  1.031226e+01  5.624840e-01]
 [ 1.000000e+00  1.095495e+01  7.415530e-01]
 [ 1.000000e+00 -1.514830e+00  7.790330e-01]
 [ 1.000000e+00 -1.961940e+01  8.519040e-01]
 [ 1.000000e+00  1.646940e+01  8.525250e-01]
 [ 1.000000e+00  7.688540e+00  7.551500e-01]
 [ 1.000000e+00 -4.982530e+00  7.397630e-01]
 [ 1.000000e+00  1.550663e+00  8.473490e-01]
 [ 1.000000e+00  6.128461e+00  9.922200e-01]
 [ 1.000000e+00  8.680068e+00  1.057455e+00]
 [ 1.000000e+00  5.545722e+00  1.256454e+00]
 [ 1.000000e+00 -2.733950e+00  2.886010e+00]
 [ 1.000000e+00 -6.347890e+00  2.848727e+00]
 [ 1.000000e+00  3.482371e+01  2.784515e+00]
 [ 1.000000e+00 -3.577600e+00  2.688714e+00]
 [ 1.000000e+00  2.295445e+00  2.573082e+00]
 [ 1.000000e+00  5.220960e-01  2.454311e+00]
 [ 1.000000e+00  2.531416e+01  2.344380e+00]
 [ 1.000000e+00  1.803518e+01  2.242819e+00]
 [ 1.000000e+00 -4.123320e+00  2.153648e+00]
 [ 1.000000e+00  1.694968e+00  2.074788e+00]
 [ 1.000000e+00  8.390617e+00  1.989518e+00]
 [ 1.000000e+00 -6.407950e+00  1.905813e+00]
 [ 1.000000e+00  2.157917e+01  1.847422e+00]
 [ 1.000000e+00  5.236489e+00  1.820258e+00]
 [ 1.000000e+00 -3.552290e+00  1.809824e+00]
 [ 1.000000e+00 -3.940860e+00  1.818437e+00]
 [ 1.000000e+00  1.887972e+01  1.809943e+00]
 [ 1.000000e+00  2.851304e+01  1.741331e+00]
 [ 1.000000e+00  1.733219e+01  1.594817e+00]
 [ 1.000000e+00  3.113125e+01  1.401926e+00]
 [ 1.000000e+00  1.330242e+01  1.186895e+00]
 [ 1.000000e+00  5.308398e+00  1.006952e+00]
 [ 1.000000e+00  8.708075e+00  9.070640e-01]
 [ 1.000000e+00  1.221009e+01  9.154850e-01]
 [ 1.000000e+00  1.333019e+01  9.968940e-01]
 [ 1.000000e+00  5.446405e+00  1.102759e+00]
 [ 1.000000e+00 -2.378350e+01  1.176784e+00]
 [ 1.000000e+00 -4.821940e+01  1.198401e+00]
 [ 1.000000e+00  3.029441e+00  1.145042e+00]
 [ 1.000000e+00  7.465331e+00  1.039999e+00]
 [ 1.000000e+00  1.538872e+00  9.253740e-01]
 [ 1.000000e+00  7.165257e+00  8.303710e-01]
 [ 1.000000e+00  1.229077e+01  7.491210e-01]
 [ 1.000000e+00  1.564637e+01  6.904760e-01]
 [ 1.000000e+00  2.167475e+01  6.490040e-01]
 [ 1.000000e+00 -6.154890e+00  6.075370e-01]
 [ 1.000000e+00  1.333318e+00  5.627220e-01]
 [ 1.000000e+00  9.204997e+00  5.275610e-01]
 [ 1.000000e+00 -2.512480e+01  5.038050e-01]
 [ 1.000000e+00  3.095682e+01  4.876430e-01]
 [ 1.000000e+00  2.765460e+00  4.769560e-01]
 [ 1.000000e+00  1.102281e+01  4.636770e-01]
 [ 1.000000e+00  2.873067e+00  4.398750e-01]
 [ 1.000000e+00 -1.169800e+01  4.008610e-01]
 [ 1.000000e+00  4.352720e+00  3.513830e-01]
 [ 1.000000e+00 -8.942460e+00  2.994660e-01]
 [ 1.000000e+00  1.063860e+01  3.261717e+00]
 [ 1.000000e+00  9.999969e+00  2.793621e+00]
 [ 1.000000e+00  4.895042e+00  2.450744e+00]
 [ 1.000000e+00  2.333300e+00  2.286682e+00]
 [ 1.000000e+00  4.657975e+01  2.258255e+00]
 [ 1.000000e+00 -1.822230e+01  2.215890e+00]
 [ 1.000000e+00  7.744571e+01  2.171900e+00]
 [ 1.000000e+00  1.754772e+01  2.273016e+00]
 [ 1.000000e+00 -5.548170e+00  2.543651e+00]
 [ 1.000000e+00 -3.420680e+01  2.908392e+00]
 [ 1.000000e+00 -2.955660e+00  3.296955e+00]
 [ 1.000000e+00 -1.708970e+01  3.598262e+00]
 [ 1.000000e+00 -2.040820e+01  3.742780e+00]
 [ 1.000000e+00  2.051287e+00  3.697801e+00]
 [ 1.000000e+00  2.110552e+01  3.527753e+00]
 [ 1.000000e+00  2.978338e+01  3.356088e+00]
 [ 1.000000e+00 -4.122610e+00  3.219301e+00]
 [ 1.000000e+00 -2.804170e+00  3.057151e+00]
 [ 1.000000e+00  2.432713e+00  2.874184e+00]
 [ 1.000000e+00  2.552819e+01  2.691526e+00]
 [ 1.000000e+00 -3.612360e+01  2.486199e+00]
 [ 1.000000e+00 -9.200000e+00  2.318349e+00]
 [ 1.000000e+00 -6.220000e+01  2.279176e+00]
 [ 1.000000e+00  8.710000e+01  2.399463e+00]
 [ 1.000000e+00  1.380001e+01  2.616560e+00]
 [ 1.000000e+00  1.984825e+01  2.864823e+00]
 [ 1.000000e+00 -6.900000e+00  3.052206e+00]
 [ 1.000000e+00  2.530000e+01  3.136326e+00]
 [ 1.000000e+00 -6.699990e+00  3.086730e+00]
 [ 1.000000e+00  3.199993e+00  2.953705e+00]
 [ 1.000000e+00  4.988073e+00  2.805204e+00]
 [ 1.000000e+00  6.990133e+00  2.696269e+00]
 [ 1.000000e+00 -1.802090e+01  2.629686e+00]
 [ 1.000000e+00  8.384129e+00  2.621366e+00]
 [ 1.000000e+00  2.331939e+01  2.650748e+00]
 [ 1.000000e+00  1.025442e+01  2.682622e+00]
 [ 1.000000e+00 -9.867320e+00  2.697090e+00]
 [ 1.000000e+00 -4.094520e+00  2.704475e+00]
 [ 1.000000e+00  3.811938e+01  2.700651e+00]
 [ 1.000000e+00  2.244060e+01  2.688143e+00]
 [ 1.000000e+00  5.946118e+00  2.675427e+00]
 [ 1.000000e+00  2.325169e+01  2.662143e+00]
 [ 1.000000e+00  6.056400e+00  2.639490e+00]
 [ 1.000000e+00  1.030674e+01  2.606212e+00]
 [ 1.000000e+00 -3.465480e+00  2.565901e+00]
 [ 1.000000e+00  2.566599e+01  2.523861e+00]
 [ 1.000000e+00  2.190957e+00  3.008850e-01]
 [ 1.000000e+00 -2.203390e+01  1.123820e-01]
 [ 1.000000e+00 -1.471370e+01  2.275200e-02]
 [ 1.000000e+00  2.165153e+01  7.042000e-02]
 [ 1.000000e+00  3.612257e+01  2.158730e-01]
 [ 1.000000e+00  2.508606e+01  3.969610e-01]
 [ 1.000000e+00  1.421369e+01  5.501780e-01]
 [ 1.000000e+00  1.407007e+01  6.579740e-01]
 [ 1.000000e+00  1.996356e+01  6.949800e-01]
 [ 1.000000e+00  6.965861e+00  6.798260e-01]
 [ 1.000000e+00 -6.280400e+00  6.583040e-01]
 [ 1.000000e+00 -1.733950e+01  6.535920e-01]
 [ 1.000000e+00 -3.941510e+01  6.471620e-01]
 [ 1.000000e+00 -2.114220e+01  6.430340e-01]
 [ 1.000000e+00 -1.676700e+01  6.416150e-01]
 [ 1.000000e+00  1.391602e+01  6.331370e-01]
 [ 1.000000e+00  2.470111e+01  6.225310e-01]
 [ 1.000000e+00  1.515718e+01  6.253590e-01]
 [ 1.000000e+00 -3.883570e+00  6.458200e-01]
 [ 1.000000e+00 -7.846380e+00  6.776950e-01]
 [ 1.000000e+00  2.494876e+01  7.068550e-01]
 [ 1.000000e+00  1.654975e+01  7.254790e-01]
 [ 1.000000e+00  1.269614e+01  7.358300e-01]
 [ 1.000000e+00  8.458459e+00  7.352030e-01]
 [ 1.000000e+00 -1.689990e+00  7.219300e-01]
 [ 1.000000e+00  6.107754e+00  7.178020e-01]
 [ 1.000000e+00  9.515729e+00  7.048610e-01]
 [ 1.000000e+00  9.186079e+00  6.438400e-01]
 [ 1.000000e+00 -8.695620e+00  5.204920e-01]
 [ 1.000000e+00 -1.304700e+01  3.597590e-01]
 [ 1.000000e+00 -9.304940e+00  1.762240e-01]
 [ 1.000000e+00 -3.317880e+01  2.013600e-02]
 [ 1.000000e+00 -1.553200e+00 -6.421000e-02]
 [ 1.000000e+00  2.693425e+01 -4.635000e-02]
 [ 1.000000e+00  1.993809e+01  4.559600e-02]
 [ 1.000000e+00  1.212524e+01  1.631750e-01]
 [ 1.000000e+00  7.374320e+00  2.607790e-01]
 [ 1.000000e+00  2.499930e+01  3.313030e-01]
 [ 1.000000e+00 -1.121350e+01  3.554290e-01]
 [ 1.000000e+00  1.518612e+01  3.461400e-01]
 [ 1.000000e+00  9.869123e+00  3.316260e-01]
 [ 1.000000e+00  1.449377e+01  3.288810e-01]
 [ 1.000000e+00  4.773810e+00  3.300040e-01]
 [ 1.000000e+00  1.045900e-02  3.380720e-01]
 [ 1.000000e+00 -9.042760e+00  3.504840e-01]
 [ 1.000000e+00 -3.920560e+00  3.622690e-01]]