           Country  Year  Capital formation  GDP growth  GDP per capita growth  Population growth
         Argentina  1971          10.931830    5.658131               3.952346           1.627612
         Argentina  1972           1.017185    1.628417              -0.079580           1.694914
         Argentina  1973          -4.700040    2.811754               1.056568           1.721925
         Argentina  1974           1.107253    5.533804               3.759642           1.695423
         Argentina  1975           1.792058   -0.028410              -1.648660           1.633983
         Argentina  1976           6.943386   -2.018250              -3.536160           1.561298
         Argentina  1977          20.896440    6.934148               5.337159           1.504696
         Argentina  1978         -15.922900   -4.506120              -5.903560           1.474189
         Argentina  1979          10.211560   10.222760               8.603164           1.480290
         Argentina  1980           8.107010    4.151762               2.590354           1.510517
         Argentina  1981         -14.975900   -5.689530              -7.135000           1.544538
         Argentina  1982         -19.942900   -4.957180              -6.434330           1.566399
         Argentina  1983           0.399509    3.875123               2.250238           1.576632
         Argentina  1984          -4.134390    2.211774               0.619320           1.570259
         Argentina  1985         -14.104700   -7.586680              -9.009510           1.551619
         Argentina  1986          11.040780    7.875780               6.238058           1.529798
         Argentina  1987          12.935920    2.909993               1.368538           1.509199
         Argentina  1988          -3.519730   -2.556900              -3.994370           1.486178
         Argentina  1989         -21.601600   -7.496190              -8.838130           1.461315
         Argentina  1990         -16.850100   -2.398960              -3.789120           1.434566
         Argentina  1991          29.941680   12.669710              11.094150           1.408255
         Argentina  1992          32.643470   11.940770              10.406660           1.379945
         Argentina  1993          13.623140    5.906919               4.491866           1.345136
         Argentina  1994          13.672270    5.836201               4.466631           1.302492
         Argentina  1995         -13.084100   -2.845210              -4.057600           1.255748
         Argentina  1996           8.883308    5.526690               4.260871           1.206778
         Argentina  1997          17.662860    8.111047               6.861143           1.162864
         Argentina  1998           6.543968    3.850179               2.682142           1.131106
         Argentina  1999         -12.609900   -3.385460              -4.457050           1.115336
         Argentina  2000          -6.804260   -0.789000              -1.885010           1.110875
         Argentina  2001         -15.661100   -4.408840              -5.465110           1.111142
         Argentina  2002         -36.447600  -10.894500             -11.877200           1.108971
         Argentina  2003          38.166180    8.837041               7.643794           1.102415
         Argentina  2004          34.425200    9.029573               7.849106           1.088608
         Argentina  2005          14.796330    8.851660               7.692689           1.070434
         Argentina  2006           6.866507    8.047152               6.918027           1.050528
         Argentina  2007          20.330060    9.007651               7.885852           1.034433
         Argentina  2008           6.683445    4.057233               2.995167           1.025900
         Argentina  2009         -23.071500   -5.918530              -6.880150           1.027377
         Argentina  2010          32.542120   10.125400               8.991438           1.035037
         Argentina  2011          16.092740    6.003952               4.902125           1.044860
         Argentina  2012         -11.185100   -1.026420              -2.060570           1.050376
         Argentina  2013           4.669026    2.405324               1.338453           1.047277
         Argentina  2014          -6.223530   -2.512620              -3.514200           1.032709
         Argentina  2015           4.556709    2.731160               1.698945           1.009855
         Argentina  2016          -3.530110   -1.822540              -2.784590           0.984742
         Australia  1971           3.244202    4.003930               0.547048           3.380294
         Australia  1972           2.785863    3.912691               2.020072           1.838146
         Australia  1973           3.037754    2.613819               1.056973           1.528817
         Australia  1974           4.319730    4.102589               1.500594           2.531220
         Australia  1975          -0.881630    1.350338               0.110177           1.231186
         Australia  1976          -1.734870    2.587946               1.564479           1.002658
         Australia  1977           7.349642    3.597377               2.436725           1.126673
         Australia  1978          -1.890460    0.896770              -0.269750           1.162885
         Australia  1979          15.960060    4.043514               2.925229           1.080642
         Australia  1980           1.525546    3.034207               1.785902           1.218943
         Australia  1981          11.176030    3.337858               1.710981           1.586853
         Australia  1982           9.179581    3.328119               1.619373           1.667536
         Australia  1983         -15.248000   -2.220140              -3.435310           1.250548
         Australia  1984          11.965570    4.581140               3.403727           1.132222
         Australia  1985           9.548579    5.249206               3.819880           1.367346
         Australia  1986           4.922789    4.055135               2.363583           1.638989
         Australia  1987          -3.112340    2.505324               0.958029           1.520987
         Australia  1988          11.279620    5.681053               3.965963           1.636207
         Australia  1989          12.212600    3.867597               2.124362           1.692567
         Australia  1990           2.999076    3.564551               2.043105           1.479978
         Australia  1991         -14.425200   -0.387550              -1.649130           1.274578
         Australia  1992          -5.747600    0.442616              -0.768780           1.213391
         Australia  1993          10.262400    4.039079               3.026189           0.978337
         Australia  1994           6.320401    3.978534               2.883717           1.058509
         Australia  1995          12.540850    3.829369               2.582635           1.208020
         Australia  1996           2.204064    3.878631               2.522780           1.313819
         Australia  1997           7.579298    3.966420               2.809803           1.118726
         Australia  1998           7.812199    4.576739               3.492463           1.042236
         Australia  1999           6.531222    5.018064               3.825055           1.142505
         Australia  2000           5.467899    3.943189               2.711262           1.192272
         Australia  2001          -7.792330    1.933106               0.567907           1.348358
         Australia  2002           8.151731    4.003022               2.741315           1.220564
         Australia  2003          11.199850    2.985745               1.722713           1.233997
         Australia  2004          12.022570    4.001106               2.802329           1.159352
         Australia  2005           6.836592    3.190316               1.837369           1.319790
         Australia  2006           5.206737    2.834233               1.328328           1.475228
         Australia  2007           6.883300    3.777329               3.131075           0.624678
         Australia  2008          10.139580    3.657767               1.601119           2.004022
         Australia  2009          -0.711060    1.922727              -0.156450           2.061045
         Australia  2010           3.339813    2.052942               0.477801           1.555490
         Australia  2011           5.533532    2.451105               1.037364           1.389527
         Australia  2012          10.820740    3.891940               2.053468           1.785445
         Australia  2013           1.729198    2.639482               0.850507           1.758338
         Australia  2014          -2.148690    2.558338               0.995200           1.535879
         Australia  2015          -2.891970    2.351136               0.863571           1.464060
         Australia  2016          -4.181320    2.827311               1.298225           1.498210
            France  1971           2.799896    5.345712               4.451794           0.852177
            France  1972           5.255347    4.541579               3.596413           0.908217
            France  1973           8.912283    6.310451               5.351539           0.906085
            France  1974           3.105133    4.291352               3.437486           0.822101
            France  1975         -14.733300   -0.980160              -1.655760           0.684625
            France  1976           9.265193    4.314246               3.761669           0.531131
            France  1977           1.059891    3.451369               3.030175           0.407973
            France  1978           0.572957    3.978806               3.631542           0.334535
            France  1979           5.557784    3.559112               3.216075           0.331798
            France  1980           3.052473    1.588189               1.202350           0.380530
            France  1981          -7.589680    1.077745               0.632158           0.441810
            France  1982           3.424775    2.508531               2.007716           0.489757
            France  1983          -6.149960    1.256296               0.719767           0.531282
            France  1984          -0.353590    1.524469               0.959081           0.558455
            France  1985           2.556742    1.623245               1.041878           0.573723
            France  1986           6.958981    2.351242               1.747509           0.591610
            France  1987           5.078723    2.577322               1.952928           0.610566
            France  1988           9.771685    4.733954               4.093099           0.613769
            France  1989           8.478326    4.353231               3.732278           0.596827
            France  1990           4.270490    2.914010               2.333410           0.565758
            France  1991          -2.984120    1.039105               0.958868           0.079443
            France  1992          -2.600540    1.599671               1.095730           0.497241
            France  1993          -9.791890   -0.612650              -1.042360           0.433292
            France  1994           6.890210    2.345386               1.965132           0.372232
            France  1995           3.732899    2.085085               1.716968           0.361250
            France  1996          -3.172240    1.388004               1.029642           0.354082
            France  1997           2.501318    2.337333               1.975954           0.353750
            France  1998          10.383180    3.556201               3.175198           0.368598
            France  1999           7.192058    3.407099               2.876481           0.514456
            France  2000           8.550116    3.875162               3.166122           0.684929
            France  2001           0.743334    1.954449               1.215132           0.727786
            France  2002          -1.962510    1.118457               0.385759           0.727232
            France  2003           0.350481    0.819532               0.107470           0.708779
            France  2004           6.603121    2.786424               2.032373           0.736314
            France  2005           2.840943    1.607714               0.844674           0.753801
            France  2006           3.837254    2.374947               1.663664           0.697207
            France  2007           6.119345    2.361499               1.730143           0.618701
            France  2008          -0.146390    0.195295              -0.363090           0.558859
            France  2009         -13.498200   -2.941340              -3.439410           0.514488
            France  2010           3.362469    1.965657               1.463159           0.494030
            France  2011           6.983914    2.079229               1.586714           0.483651
            France  2012          -2.501100    0.182693              -0.301000           0.483982
            France  2013           0.251775    0.576242               0.059831           0.514774
            France  2014           3.238431    0.947586               0.464386           0.479814
            France  2015           2.406417    1.067462               0.646648           0.417238
            France  2016           1.949342    1.187650               0.784469           0.399245
           Germany  1971           0.371581    3.132700               2.943650           0.183475
           Germany  1972           1.954688    4.300341               3.802476           0.478481
           Germany  1973           2.469136    4.777487               4.448017           0.314942
           Germany  1974          -9.596030    0.890069               0.850760           0.038969
           Germany  1975          -6.553780   -0.866740              -0.496430          -0.372850
           Germany  1976           9.395973    4.949258               5.400212          -0.428770
           Germany  1977           1.671781    3.347218               3.581437          -0.226380
           Germany  1978           3.409260    3.008493               3.098182          -0.087030
           Germany  1979          11.291030    4.150363               4.104331           0.044207
           Germany  1980          -3.001710    1.408829               1.198694           0.207430
           Germany  1981         -12.054100    0.529241               0.376243           0.152308
           Germany  1982          -4.087280   -0.394840              -0.300060          -0.095110
           Germany  1983           8.586989    1.572410               1.839034          -0.262150
           Germany  1984           1.637654    2.822948               3.178987          -0.345670
           Germany  1985          -0.217740    2.327935               2.556884          -0.223490
           Germany  1986           5.702644    2.287339               2.240535           0.045768
           Germany  1987           1.128545    1.402152               1.246500           0.153618
           Germany  1988           8.179099    3.707236               3.302864           0.390679
           Germany  1989           8.378411    3.896552               3.096180           0.773337
           Germany  1990           8.647708    5.255006               4.351639           0.861969
           Germany  1991           6.837607    5.108262               4.345220           0.728606
           Germany  1992          -0.234720    1.923807               1.151771           0.760347
           Germany  1993          -6.382980   -0.956170              -1.605140           0.657391
           Germany  1994           3.387238    2.457372               2.102607           0.346857
           Germany  1995           1.183683    1.737641               1.439068           0.293904
           Germany  1996          -3.081260    0.817898               0.526477           0.289475
           Germany  1997           1.885979    1.849201               1.700291           0.146313
           Germany  1998           5.204148    1.979618               1.964176           0.015144
           Germany  1999           4.866277    1.987135               1.921237           0.064635
           Germany  2000           2.636625    2.962045               2.822697           0.135432
           Germany  2001          -3.400280    1.695471               1.524538           0.168225
           Germany  2002          -8.490470    0.000000              -0.167990           0.168128
           Germany  2003           0.507238   -0.709910              -0.764860           0.055363
           Germany  2004          -2.786250    1.169970               1.191937          -0.021710
           Germany  2005          -1.189700    0.706714               0.763910          -0.056780
           Germany  2006           8.811295    3.700160               3.817197          -0.112800
           Germany  2007           7.142139    3.260535               3.398706          -0.133720
           Germany  2008           0.675993    1.082315               1.274699          -0.190140
           Germany  2009         -17.467100   -5.618860              -5.379410          -0.253380
           Germany  2010          12.994350    4.079933               4.239504          -0.153200
           Germany  2011           9.290001    3.660000               5.599481          -1.853710
           Germany  2012          -8.244120    0.491993               0.303518           0.187728
           Germany  2013           1.495813    0.489584               0.215722           0.272900
           Germany  2014           2.112399    1.929690               1.505653           0.416877
           Germany  2015           0.230924    1.743205               0.866213           0.865703
           Germany  2016           2.140732    1.943625               1.124030           0.807219
             India  1971           8.361329    1.642930              -0.627200           2.258760
             India  1972          -4.580990   -0.553300              -2.816590           2.302176
             India  1973          19.440490    3.295521               0.918495           2.328081
             India  1974          -5.147040    1.185336              -1.146790           2.331782
             India  1975         -10.067900    9.149912               6.646223           2.320525
             India  1976          18.279930    1.663104              -0.650720           2.302276
             India  1977          16.630060    7.254765               4.828773           2.287869
             India  1978          18.998260    5.712532               3.327098           2.282379
             India  1979         -11.632600   -5.238180              -7.383250           2.289659
             India  1980           8.564710    6.735822               4.305148           2.303611
             India  1981          -5.480820    6.006204               3.578050           2.317218
             India  1982           3.012560    3.475733               1.101035           2.321676
             India  1983           6.774626    7.288893               4.835436           2.313329
             India  1984           5.036120    3.820738               1.471103           2.289168
             India  1985           7.968948    5.254299               2.908434           2.253972
             India  1986           3.587318    4.776564               2.480293           2.215960
             India  1987          13.172280    3.965356               1.723703           2.179738
             India  1988          12.303100    9.627783               7.302964           2.143457
             India  1989           8.129178    5.947343               3.736988           2.108347
             India  1990          18.689290    5.533455               3.366901           2.074321
             India  1991         -16.515900    1.056831              -0.982550           2.038691
             India  1992          12.924460    5.482396               3.390700           2.002906
             India  1993           2.303242    4.750776               2.706143           1.971204
             India  1994          19.476900    6.658924               4.604721           1.944743
             India  1995           7.780467    7.574492               5.527287           1.921399
             India  1996           0.909082    7.549522               5.526797           1.898649
             India  1997          14.880200    4.049821               2.118629           1.873466
             India  1998           3.779184    6.184416               4.243708           1.844585
             India  1999          17.634880    8.845756               6.892480           1.810832
             India  2000          -5.525720    3.840991               2.015559           1.773546
             India  2001           4.566380    4.823966               3.021236           1.734729
             India  2002           7.560400    3.803975               2.058116           1.696185
             India  2003          15.704480    7.860381               6.086694           1.658100
             India  2004          29.772990    7.922943               6.187575           1.621038
             India  2005          16.248110    9.284825               7.567120           1.584252
             India  2006          13.375170    9.263965               7.584630           1.548886
             India  2007          18.149520    9.801360               8.153567           1.512078
             India  2008          -5.224140    3.890957               2.375249           1.469688
             India  2009          17.252950    8.479784               6.950039           1.420203
             India  2010          14.079180   10.259960               8.763184           1.366798
             India  2011           3.940115    6.638364               5.248537           1.311876
             India  2012           4.294069    5.456388               4.134718           1.261206
             India  2013          -3.706650    6.386106               5.096692           1.219419
             India  2014           7.693622    7.410228               6.140334           1.189328
             India  2015           3.348337    8.154425               6.899036           1.167527
             India  2016           4.702647    7.112686               5.889836           1.148215
         Indonesia  1971          21.769710    7.023997               4.222091           2.652897
         Indonesia  1972          19.030840    7.037643               4.263535           2.625890
         Indonesia  1973          17.054280    8.103976               5.334615           2.595141
         Indonesia  1974          19.205410    7.634673               4.913152           2.560995
         Indonesia  1975          14.583760    4.977301               2.360272           2.524548
         Indonesia  1976           5.999517    6.886565               4.265202           2.483046
         Indonesia  1977          15.952350    8.761326               6.138621           2.440982
         Indonesia  1978          15.039150    6.767070               4.229133           2.405787
         Indonesia  1979          24.787440    7.324309               4.800397           2.379762
         Indonesia  1980          24.369560    9.880078               7.319632           2.357797
         Indonesia  1981          12.398100    7.927157               5.433422           2.337684
         Indonesia  1982           5.647824    2.246445              -0.087870           2.309495
         Indonesia  1983         627.499600    4.192967               1.860439           2.264100
         Indonesia  1984          52.568950    6.975528               4.650528           2.197361
         Indonesia  1985          46.486890    2.462144               0.315805           2.117014
         Indonesia  1986          -3.995640    5.875045               3.743846           2.033474
         Indonesia  1987         -18.896800    4.925927               2.893205           1.956304
         Indonesia  1988         -71.621400    5.780498               3.802716           1.887404
         Indonesia  1989          22.952060    7.456587               5.507833           1.830173
         Indonesia  1990         103.268700    7.242132               5.348576           1.781457
         Indonesia  1991         -33.202100    6.911983               5.070917           1.737038
         Indonesia  1992          13.744400    6.497507               4.710823           1.691909
         Indonesia  1993          38.450760    6.496408               4.759345           1.644549
         Indonesia  1994          36.400060    7.539971               5.840056           1.593356
         Indonesia  1995           7.800788    8.220007               6.564724           1.541373
         Indonesia  1996         -52.080100    7.818187               6.223426           1.490169
         Indonesia  1997         -25.772700    4.699879               3.196881           1.445933
         Indonesia  1998        -164.509000  -13.126700             -14.346800           1.414360
         Indonesia  1999          85.726670    0.791126              -0.608560           1.398437
         Indonesia  2000          49.332980    4.920068               3.467898           1.393740
         Indonesia  2001          29.105460    3.643466               2.210344           1.392392
         Indonesia  2002         -79.354300    4.499475               3.057409           1.389585
         Indonesia  2003         435.616000    4.780369               3.337426           1.386682
         Indonesia  2004         -53.716800    5.030874               3.589173           1.382153
         Indonesia  2005          41.226520    5.692571               4.248258           1.375946
         Indonesia  2006         -17.656500    5.500952               4.066289           1.369188
         Indonesia  2007        -137.635000    6.345022               4.906815           1.361626
         Indonesia  2008         -17.939600    6.013704               4.590606           1.351463
         Indonesia  2009          67.389370    4.628871               3.238193           1.338066
         Indonesia  2010          -6.063090    6.223854               4.829440           1.321405
         Indonesia  2011           7.870459    6.169784               4.794248           1.304067
         Indonesia  2012          10.981230    6.030051               4.677120           1.284199
         Indonesia  2013           2.846751    5.557264               4.238373           1.257327
         Indonesia  2014           5.657952    5.006668               3.731245           1.222049
         Indonesia  2015           3.002346    4.876322               3.645004           1.181014
         Indonesia  2016           4.985870    5.033280               3.845302           1.137494
             Italy  1971          -6.951950    1.818108               1.344280           0.466453
             Italy  1972           4.249078    3.690486               3.103490           0.567712
             Italy  1973          16.141270    7.125862               6.401806           0.678188
             Italy  1974           9.450398    5.500141               4.812014           0.654389
             Italy  1975         -21.788600   -2.090160              -2.673180           0.597247
             Italy  1976          17.011080    7.125385               6.592320           0.498851
             Italy  1977          -6.101100    2.560501               2.125827           0.424722
             Italy  1978          -0.504260    3.240140               2.872936           0.356313
             Italy  1979           9.922691    5.959159               5.653224           0.289147
             Italy  1980          11.138380    3.430016               3.217170           0.206000
             Italy  1981          -8.615840    0.844228               0.723232           0.120054
             Italy  1982          -1.697870    0.413586               0.339225           0.074082
             Italy  1983          -4.002240    1.169203               1.132491           0.036295
             Italy  1984           9.985901    3.225852               3.202783           0.022351
             Italy  1985           3.273305    2.798086               2.768381           0.028900
             Italy  1986           3.631444    2.859972               2.854367           0.005449
             Italy  1987           7.240420    3.191961               3.181430           0.010205
             Italy  1988           5.319448    4.194377               4.144042           0.048321
             Italy  1989           4.387856    3.388384               3.310862           0.075009
             Italy  1990           4.636936    1.985775               1.900440           0.083709
             Italy  1991           1.561821    1.538448               1.468176           0.069231
             Italy  1992          -1.785330    0.834275               0.765808           0.067924
             Italy  1993         -11.302500   -0.852810              -0.913400           0.061136
             Italy  1994           5.337000    2.151024               2.130215           0.020372
             Italy  1995           8.337734    2.886837               2.885202           0.001589
             Italy  1996          -0.426950    1.286369               1.257907           0.028104
             Italy  1997           2.790875    1.835362               1.781498           0.052907
             Italy  1998           3.349996    1.616076               1.586841           0.028774
             Italy  1999           4.734461    1.559850               1.542768           0.016821
             Italy  2000           5.912799    3.710107               3.663133           0.045304
             Italy  2001           2.333064    1.772189               1.715042           0.056168
             Italy  2002           4.403347    0.248547               0.099372           0.148916
             Italy  2003           0.361120    0.151318              -0.292870           0.444507
             Italy  2004           2.105001    1.581939               0.926641           0.647183
             Italy  2005          -0.175300    0.949666               0.454827           0.491389
             Italy  2006           5.316370    2.006587               1.700456           0.300560
             Italy  2007           2.505981    1.473869               0.962784           0.504934
             Italy  2008          -3.423950   -1.050400              -1.703750           0.662469
             Italy  2009         -15.307000   -5.482060              -5.911710           0.455613
             Italy  2010           5.463497    1.686523               1.374225           0.307591
             Italy  2011          -1.014230    0.576623               0.403802           0.171978
             Italy  2012         -14.901400   -2.819010              -3.080600           0.269541
             Italy  2013          -5.635280   -1.728160              -2.860800           1.159251
             Italy  2014           1.013289    0.113673              -0.800670           0.917504
             Italy  2015           2.467599    0.951959               1.049299          -0.096380
             Italy  2016           0.659149    0.858263               1.029750          -0.169880
             Japan  1971           0.864723    4.698992               3.359758           1.287379
             Japan  1972           9.844278    8.413547               6.905500           1.400779
             Japan  1973          11.871070    8.032600               7.141982           0.827814
             Japan  1974          -6.450900   -1.225240              -3.092920           1.908957
             Japan  1975          -5.199160    3.091576               1.454120           1.601100
             Japan  1976           3.672168    3.974984               3.208801           0.739620
             Japan  1977           3.039244    4.390338               3.389185           0.963676
             Japan  1978           7.502114    5.271942               4.323653           0.904881
             Japan  1979           6.403360    5.484042               4.599167           0.842409
             Japan  1980          -0.931810    2.817591               2.014645           0.784008
             Japan  1981           2.068703    4.209336               3.442258           0.738817
             Japan  1982          -0.786350    3.312457               2.613816           0.678537
             Japan  1983          -3.814120    3.523045               2.819923           0.681511
             Japan  1984           3.024408    4.501995               3.841119           0.634413
             Japan  1985           8.796621    5.233381               4.591980           0.611369
             Japan  1986           4.734791    3.326526               2.698871           0.609300
             Japan  1987           6.445161    4.730666               4.216839           0.491825
             Japan  1988          14.900880    6.785020               6.330405           0.426639
             Japan  1989           8.572826    4.858038               4.429632           0.409395
             Japan  1990           7.334573    4.892713               4.535251           0.341371
             Japan  1991           2.660975    3.417497               3.097032           0.310356
             Japan  1992          -3.637860    0.848070               0.598038           0.248237
             Japan  1993          -3.315520   -0.517920              -0.763160           0.246819
             Japan  1994          -2.147740    0.993066               0.649583           0.340686
             Japan  1995           4.613349    2.742140               2.350629           0.381790
             Japan  1996           6.859148    3.099999               2.839292           0.253189
             Japan  1997          -1.723770    1.076045               0.835497           0.238271
             Japan  1998          -4.618970   -1.128410              -1.396710           0.271730
             Japan  1999          -4.625890   -0.251950              -0.433910           0.182586
             Japan  2000           2.894267    2.779633               2.607851           0.167276
             Japan  2001          -1.440630    0.406336               0.164695           0.240953
             Japan  2002          -6.507060    0.117993              -0.114540           0.232527
             Japan  2003           0.426588    1.528220               1.311201           0.213981
             Japan  2004           1.666574    2.204688               2.170289           0.033662
             Japan  2005           2.343911    1.662670               1.653123           0.009392
             Japan  2006          -0.097570    1.420007               1.355753           0.063374
             Japan  2007          -0.550930    1.654184               1.537441           0.114909
             Japan  2008          -2.766480   -1.093540              -1.141420           0.048425
             Japan  2009         -16.129700   -5.416410              -5.404590          -0.012490
             Japan  2010           2.935648    4.191739               4.173028           0.017961
             Japan  2011           2.606703   -0.115420               0.069763          -0.185230
             Japan  2012           3.728909    1.495090               1.657318          -0.159710
             Japan  2013           3.193055    2.000268               2.147532          -0.144270
             Japan  2014           3.446829    0.374719               0.507999          -0.132690
             Japan  2015           2.912201    1.353823               1.461442          -0.106120
             Japan  2016           0.276753    0.938194               1.054627          -0.115280
       Korea, Rep.  1971          15.172870   10.454690               8.298595           1.971324
       Korea, Rep.  1972         -13.056700    7.150715               5.159306           1.875999
       Korea, Rep.  1973          32.098280   14.827550              12.814910           1.768293
       Korea, Rep.  1974          31.493080    9.460873               7.602094           1.712705
       Korea, Rep.  1975          -1.493720    7.863512               6.064420           1.682000
       Korea, Rep.  1976          23.006080   13.115160              11.323550           1.596559
       Korea, Rep.  1977          31.486450   12.277660              10.540780           1.559039
       Korea, Rep.  1978          30.873050   10.774490               9.104328           1.519197
       Korea, Rep.  1979          18.099760    8.625632               6.990351           1.516875
       Korea, Rep.  1980         -16.108700   -1.701280              -3.221350           1.558463
       Korea, Rep.  1981           2.582206    7.180511               5.521254           1.560204
       Korea, Rep.  1982          10.224690    8.265021               6.604682           1.545469
       Korea, Rep.  1983          14.957200   13.242060              11.584870           1.474219
       Korea, Rep.  1984           9.357928   10.442910               9.088400           1.234018
       Korea, Rep.  1985           7.566111    7.749646               6.693985           0.984566
       Korea, Rep.  1986          15.198430   11.224090              10.123200           0.994724
       Korea, Rep.  1987          15.948870   12.467270              11.364750           0.985133
       Korea, Rep.  1988          17.402180   11.904720              10.814310           0.979189
       Korea, Rep.  1989          16.994510    7.029710               5.976305           0.989093
       Korea, Rep.  1990          15.596530    9.811230               8.734757           0.985130
       Korea, Rep.  1991          17.912040   10.353950               9.267071           0.989786
       Korea, Rep.  1992           0.106136    6.175506               5.077884           1.039161
       Korea, Rep.  1993           6.037814    6.846744               5.766866           1.015821
       Korea, Rep.  1994          15.125830    9.206142               8.112865           1.006157
       Korea, Rep.  1995          10.722660    9.570604               8.473632           1.006201
       Korea, Rep.  1996          10.079930    7.594509               6.574239           0.952779
       Korea, Rep.  1997          -1.939810    5.922185               4.933581           0.937714
       Korea, Rep.  1998         -29.403300   -5.471220              -6.151130           0.721865
       Korea, Rep.  1999          24.354290   11.308620              10.520250           0.710795
       Korea, Rep.  2000          14.527850    8.924426               8.017418           0.836181
       Korea, Rep.  2001           1.204959    4.525307               3.726414           0.767242
       Korea, Rep.  2002           7.297822    7.432434               6.813311           0.577957
       Korea, Rep.  2003           5.210021    2.933218               2.401073           0.518321
       Korea, Rep.  2004           3.840631    4.899840               4.484912           0.396331
       Korea, Rep.  2005           2.417118    3.923677               3.703595           0.211998
       Korea, Rep.  2006           4.999345    5.176154               4.625217           0.525200
       Korea, Rep.  2007           4.531682    5.463396               4.931903           0.505234
       Korea, Rep.  2008          -0.967180    2.829223               2.051381           0.759317
       Korea, Rep.  2009         -10.143200    0.707510               0.190517           0.514683
       Korea, Rep.  2010          17.841950    6.496794               5.967519           0.498225
       Korea, Rep.  2011           3.478558    3.681689               2.887463           0.768972
       Korea, Rep.  2012          -2.299830    2.292398               1.756044           0.525714
       Korea, Rep.  2013          -0.118670    2.896205               2.428867           0.455219
       Korea, Rep.  2014           5.262495    3.341448               2.694343           0.628150
       Korea, Rep.  2015           7.297390    2.790236               2.249662           0.527288
       Korea, Rep.  2016           5.610214    2.929305               2.465813           0.451318
            Mexico  1971          -3.188850    3.762468               0.500279           3.194381
            Mexico  1972          11.449790    8.228807               4.796453           3.222765
            Mexico  1973          14.277670    7.861120               4.467077           3.197250
            Mexico  1974          17.186800    5.776827               2.540938           3.106935
            Mexico  1975           2.299875    5.744485               2.645052           2.974873
            Mexico  1976           0.272790    4.417444               1.497259           2.836495
            Mexico  1977          -5.746010    3.390640               0.623544           2.712816
            Mexico  1978          14.045260    8.956942               6.162706           2.597990
            Mexico  1979          15.616800    9.698170               6.992235           2.497642
            Mexico  1980          12.745730    9.233252               6.632881           2.409360
            Mexico  1981          14.823840    8.772601               6.273124           2.324705
            Mexico  1982         -24.533600   -0.627900              -2.831990           2.242987
            Mexico  1983         -27.528000   -4.196300              -6.254510           2.171782
            Mexico  1984           6.060403    3.610181               1.444397           2.112476
            Mexico  1985          11.481140    2.593384               0.497902           2.063660
            Mexico  1986         -19.440800   -3.753920              -5.672420           2.013465
            Mexico  1987           5.708718    1.855747              -0.129320           1.968145
            Mexico  1988          11.722390    1.245438              -0.704460           1.944703
            Mexico  1989           1.575164    4.198293               2.189006           1.947165
            Mexico  1990          11.551030    5.068306               3.025008           1.963892
            Mexico  1991           9.944232    4.222251               2.171072           1.987706
            Mexico  1992          13.315020    3.628659               1.579147           1.997565
            Mexico  1993         -12.055000    4.061426               2.025987           1.975381
            Mexico  1994          14.445300    4.941081               2.953950           1.911726
            Mexico  1995         -31.262700   -6.291230              -7.981590           1.820308
            Mexico  1996          15.756840    6.773259               4.941168           1.730762
            Mexico  1997          14.092990    6.846852               5.095809           1.652412
            Mexico  1998          10.284110    5.163925               3.525387           1.570345
            Mexico  1999           2.897147    2.753554               1.238257           1.485672
            Mexico  2000           9.701930    4.942454               3.478399           1.404926
            Mexico  2001         -12.359700   -0.404390              -1.706400           1.315920
            Mexico  2002          -0.616770   -0.039840              -1.274110           1.242445
            Mexico  2003           1.785833    1.446383               0.212548           1.223700
            Mexico  2004           5.067368    3.920591               2.604406           1.274618
            Mexico  2005           7.862662    2.307807               0.915079           1.370662
            Mexico  2006           8.758111    4.495078               2.957299           1.482564
            Mexico  2007           5.047861    2.291446               0.696320           1.571679
            Mexico  2008           5.146073    1.143585              -0.480830           1.619085
            Mexico  2009         -11.870000   -5.285740              -6.797350           1.608834
            Mexico  2010           6.786364    5.118118               3.493026           1.558042
            Mexico  2011           6.457553    3.663008               2.121358           1.498344
            Mexico  2012           5.340276    3.642323               2.151278           1.449093
            Mexico  2013          -2.112640    1.354092              -0.058380           1.403402
            Mexico  2014           1.745065    2.845284               1.449720           1.366246
            Mexico  2015           4.261175    3.270472               1.901077           1.334898
            Mexico  2016           1.525259    2.913328               1.582355           1.301731
       Netherlands  1971          -1.760690    4.316980               3.083858           1.189134
       Netherlands  1972          -5.915230    3.533875               2.492243           1.011173
       Netherlands  1973           7.832145    5.444223               4.575449           0.827331
       Netherlands  1974           0.256788    3.438718               2.631265           0.783672
       Netherlands  1975          -8.663600    0.002029              -0.885420           0.891390
       Netherlands  1976           4.372093    4.456310               3.639544           0.784993
       Netherlands  1977           5.071410    2.520440               1.912636           0.594626
       Netherlands  1978           0.938609    2.696247               2.066333           0.615265
       Netherlands  1979          -3.191460    2.014166               1.312405           0.690282
       Netherlands  1980           2.806358    1.341914               0.543128           0.791332
       Netherlands  1981         -13.156200   -0.783610              -1.461950           0.686047
       Netherlands  1982          -4.536620   -1.240760              -1.692590           0.458560
       Netherlands  1983           6.895534    2.069958               1.683619           0.379223
       Netherlands  1984           7.447390    3.061679               2.653404           0.396933
       Netherlands  1985           5.644023    2.580180               2.102935           0.466327
       Netherlands  1986           7.767363    2.786976               2.218131           0.554958
       Netherlands  1987          -1.381250    1.931249               1.286515           0.634527
       Netherlands  1988           9.020252    3.441219               2.775043           0.646096
       Netherlands  1989           7.951306    4.420118               3.795569           0.599907
       Netherlands  1990           2.381988    4.183223               3.468278           0.688604
       Netherlands  1991           0.439203    2.439135               1.635055           0.788031
       Netherlands  1992           2.595391    1.706071               0.940015           0.756057
       Netherlands  1993          -7.349780    1.257552               0.554250           0.696991
       Netherlands  1994           5.845276    2.961092               2.342168           0.602938
       Netherlands  1995           5.576534    3.116036               2.607973           0.493927
       Netherlands  1996           7.952627    3.566719               3.089967           0.461396
       Netherlands  1997           7.782638    4.299867               3.764346           0.514767
       Netherlands  1998           6.192511    4.525415               3.882852           0.616641
       Netherlands  1999           7.682696    5.051693               4.354903           0.665493
       Netherlands  2000           0.947215    4.238763               3.496352           0.714770
       Netherlands  2001           1.856928    2.124264               1.356292           0.754840
       Netherlands  2002          -6.524920    0.103630              -0.533290           0.638292
       Netherlands  2003          -1.398180    0.283923              -0.188120           0.471814
       Netherlands  2004           1.310648    2.030706               1.676790           0.347475
       Netherlands  2005           3.762250    2.160366               1.921934           0.233663
       Netherlands  2006           6.812484    3.518637               3.352505           0.160614
       Netherlands  2007           7.246272    3.698473               3.473152           0.217522
       Netherlands  2008           2.590028    1.699061               1.303924           0.389292
       Netherlands  2009         -10.786200   -3.767580              -4.261220           0.514285
       Netherlands  2010          -1.591030    1.402662               0.883876           0.512923
       Netherlands  2011           3.461619    1.663626               1.190542           0.466429
       Netherlands  2012          -6.195800   -1.057040              -1.422500           0.370055
       Netherlands  2013          -3.917890   -0.190340              -0.484170           0.294821
       Netherlands  2014           3.200114    1.419690               1.055409           0.359828
       Netherlands  2015          11.234330    2.260757               1.808520           0.443220
       Netherlands  2016           3.096016    2.209942               1.667447           0.532179
             Spain  1971          -2.251280    4.649473               3.395927           1.205085
             Spain  1972          14.458620    8.149746               6.962193           1.104137
             Spain  1973          12.037790    7.788465               6.604026           1.104938
             Spain  1974           9.995942    5.618786               4.471068           1.092608
             Spain  1975          -4.563590    0.542203              -0.539100           1.081294
             Spain  1976          -1.003610    3.303792               2.217773           1.056852
             Spain  1977          -3.729740    2.838574               1.785657           1.029132
             Spain  1978          -5.484620    1.463003               0.490728           0.962877
             Spain  1979          -2.183830    0.041547              -0.836530           0.881585
             Spain  1980           2.614432    2.208728               1.391315           0.802964
             Spain  1981          -8.600480   -0.132470              -0.839890           0.710878
             Spain  1982           1.461694    1.246462               0.640409           0.600390
             Spain  1983          -2.208060    1.770116               1.275515           0.487183
             Spain  1984          -1.727160    1.784688               1.362897           0.415256
             Spain  1985           5.140637    2.321436               1.951329           0.362366
             Spain  1986          12.068970    3.253322               2.945279           0.298782
             Spain  1987          12.899180    5.547123               5.273763           0.259329
             Spain  1988          14.838140    5.094324               4.871692           0.212065
             Spain  1989          11.541780    4.827030               4.662815           0.156776
             Spain  1990           6.243854    3.781393               3.675768           0.101829
             Spain  1991           1.447320    2.546001               2.285325           0.254527
             Spain  1992          -3.655970    0.929215               0.436115           0.489758
             Spain  1993         -11.550300   -1.031490              -1.543360           0.518544
             Spain  1994           3.469090    2.383195               1.896907           0.476101
             Spain  1995           7.593836    2.757494               2.304957           0.441366
             Spain  1996           2.132792    2.674784               2.248016           0.416516
             Spain  1997           5.031916    3.689614               3.255940           0.419120
             Spain  1998          11.491220    4.305978               3.875203           0.413847
             Spain  1999          10.584390    4.484774               4.062131           0.405323
             Spain  2000           6.895238    5.289100               4.819364           0.447137
             Spain  2001           4.503918    4.001074               3.281735           0.694068
             Spain  2002           4.357558    2.879876               1.436816           1.412595
             Spain  2003           6.524252    3.187571               1.338244           1.808454
             Spain  2004           5.341535    3.166747               1.401909           1.725466
             Spain  2005           7.070850    3.723002               1.985476           1.689349
             Spain  2006           7.756912    4.174123               2.428013           1.690353
             Spain  2007           4.508823    3.768992               1.865813           1.851081
             Spain  2008          -3.582110    1.117687              -0.482670           1.595330
             Spain  2009         -17.173100   -3.573750              -4.424060           0.885736
             Spain  2010          -3.761100    0.014064              -0.445350           0.460408
             Spain  2011          -7.214330   -0.998760              -1.349930           0.355338
             Spain  2012          -9.549720   -2.927750              -2.990760           0.064926
             Spain  2013          -4.621540   -1.705710              -1.383100          -0.327670
             Spain  2014           5.782869    1.379997               1.683527          -0.298950
             Spain  2015           8.675420    3.432253               3.512536          -0.077590
             Spain  2016           3.055426    3.274463               3.187305           0.084430
    United Kingdom  1971          -0.579750    3.484368               3.053050           0.417667
    United Kingdom  1972          -1.224830    4.301946               3.948901           0.339058
    United Kingdom  1973          19.525340    6.508721               6.303147           0.193198
    United Kingdom  1974          -7.426440   -2.463410              -2.524900           0.063059
    United Kingdom  1975         -12.620400   -1.479060              -1.471750          -0.007420
    United Kingdom  1976          11.593290    2.910059               2.935382          -0.024600
    United Kingdom  1977           1.632957    2.443094               2.476776          -0.032870
    United Kingdom  1978           1.425258    4.201849               4.196264           0.005360
    United Kingdom  1979           3.254778    3.741454               3.648409           0.089729
    United Kingdom  1980         -15.161900   -2.027770              -2.144790           0.119517
    United Kingdom  1981          -8.962970   -0.770990              -0.805540           0.034822
    United Kingdom  1982          10.468220    2.010560               2.047130          -0.035840
    United Kingdom  1983          10.408750    4.221918               4.186383           0.034101
    United Kingdom  1984           8.295624    2.276236               2.114499           0.158262
    United Kingdom  1985           3.559588    4.195325               3.959121           0.226951
    United Kingdom  1986           2.395496    3.124279               2.885709           0.231610
    United Kingdom  1987           9.683375    5.306559               5.082876           0.212637
    United Kingdom  1988          18.003550    5.747627               5.513060           0.222064
    United Kingdom  1989           3.820523    2.569404               2.302752           0.260311
    United Kingdom  1990          -6.086440    0.731801               0.431132           0.298931
    United Kingdom  1991          -8.861200   -1.086540              -1.391960           0.309248
    United Kingdom  1992           4.074141    0.373976               0.102901           0.270431
    United Kingdom  1993           3.765106    2.526925               2.281416           0.239745
    United Kingdom  1994          10.370130    3.880039               3.615910           0.254586
    United Kingdom  1995           5.105782    2.469734               2.199012           0.264547
    United Kingdom  1996           2.798504    2.538654               2.277896           0.254626
    United Kingdom  1997           5.714687    4.038248               3.770639           0.257553
    United Kingdom  1998           8.329396    3.137808               2.837696           0.291406
    United Kingdom  1999           2.878303    3.216725               2.873167           0.333406
    United Kingdom  2000           0.725611    3.664129               3.294397           0.357301
    United Kingdom  2001           1.330714    2.544131               2.150119           0.384976
    United Kingdom  2002           0.984388    2.457878               2.025052           0.423337
    United Kingdom  2003           1.832181    3.325909               2.845900           0.465641
    United Kingdom  2004           0.231003    2.364455               1.783713           0.568943
    United Kingdom  2005           2.285817    3.096089               2.390644           0.686611
    United Kingdom  2006           4.602036    2.456000               1.705659           0.735049
    United Kingdom  2007           2.706128    2.356708               1.562786           0.778666
    United Kingdom  2008          -6.194920   -0.472540              -1.252780           0.787033
    United Kingdom  2009         -17.446400   -4.187760              -4.909740           0.756391
    United Kingdom  2010          14.092690    1.694547               0.900491           0.783889
    United Kingdom  2011           2.481461    1.452624               0.662683           0.781677
    United Kingdom  2012           6.214401    1.481330               0.778162           0.695316
    United Kingdom  2013          10.311310    2.052389               1.371396           0.669534
    United Kingdom  2014          10.909580    3.054251               2.280809           0.753349
    United Kingdom  2015           4.079910    2.345940               1.535548           0.794968
    United Kingdom  2016           0.926807    1.935791               1.210531           0.714030
     United States  1971           5.449897    3.295477               1.997699           1.264334
     United States  1972           7.823670    5.263263               4.142406           1.070523
     United States  1973           8.953993    5.643125               4.639583           0.954477
     United States  1974          -4.799450   -0.517150              -1.421950           0.913660
     United States  1975         -12.465800   -0.197680              -1.176880           0.985986
     United States  1976          14.906100    5.386090               4.389433           0.950220
     United States  1977          10.993720    4.608597               3.561747           1.005772
     United States  1978          10.694830    5.561685               4.449087           1.059573
     United States  1979           3.847354    3.175691               2.043328           1.103577
     United States  1980          -7.695980   -0.244600              -1.197260           0.959590
     United States  1981           6.751795    2.594470               1.592517           0.981415
     United States  1982         -10.573400   -1.910890              -2.841550           0.953318
     United States  1983           8.728169    4.632457               3.680081           0.914379
     United States  1984          23.777910    7.259087               6.334428           0.865817
     United States  1985           2.404038    4.238738               3.319128           0.886129
     United States  1986           1.775355    3.511614               2.559404           0.924164
     United States  1987           3.518501    3.461748               2.541097           0.893829
     United States  1988           1.733789    4.203972               3.262084           0.907999
     United States  1989           3.628530    3.680524               2.705969           0.944406
     United States  1990          -1.022440    1.919370               0.774516           1.129651
     United States  1991          -5.270630   -0.074080              -1.400470           1.336261
     United States  1992           5.549072    3.555396               2.129114           1.386886
     United States  1993           5.392264    2.745857               1.399862           1.318680
     United States  1994           9.039731    4.037643               2.769625           1.226296
     United States  1995           2.886112    2.718976               1.503065           1.190787
     United States  1996           7.619639    3.795881               2.595305           1.163412
     United States  1997           9.695145    4.487026               3.236587           1.203960
     United States  1998           8.379575    4.449911               3.239392           1.165715
     United States  1999           8.006281    4.685200               3.489934           1.148340
     United States  2000           5.929378    4.092176               2.940292           1.112769
     United States  2001          -4.338540    0.975982              -0.018490           0.989741
     United States  2002           0.623437    1.786128               0.846126           0.927797
     United States  2003           3.976134    2.806776               1.926957           0.859482
     United States  2004           7.464885    3.785743               2.829653           0.925484
     United States  2005           5.287453    3.345216               2.397046           0.921713
     United States  2006           2.320674    2.666626               1.681416           0.964254
     United States  2007          -2.214750    1.778570               0.815188           0.951055
     United States  2008          -6.986300   -0.291620              -1.230280           0.945865
     United States  2009         -16.891700   -2.775530              -3.624120           0.876651
     United States  2010           9.549633    2.531921               1.681110           0.833263
     United States  2011           2.873054    1.601455               0.849705           0.742652
     United States  2012           6.927847    2.224031               1.459290           0.750915
     United States  2013           3.955713    1.677332               0.956719           0.711248
     United States  2014           4.306034    2.569194               1.800455           0.752305
     United States  2015           4.597220    2.861587               2.087076           0.755813
     United States  2016          -1.384280    1.485279               0.742795           0.734307
           Algeria  1971          -1.860470  -11.331700             -13.762200           2.779393
           Algeria  1972          17.061620   27.423970              23.968590           2.749168
           Algeria  1973          24.291490    3.813176               1.006178           2.741122
           Algeria  1974          37.785010    7.494918               4.566004           2.762508
           Algeria  1975           8.510646    5.045342               2.140967           2.803819
           Algeria  1976           3.267974    8.386756               5.353104           2.838830
           Algeria  1977          17.510550    5.258586               2.283857           2.866819
           Algeria  1978          20.107720    9.214836               6.083679           2.908871
           Algeria  1979          -7.174890    7.477827               4.335918           2.966889
           Algeria  1980           2.254429    0.790607              -2.216550           3.028983
           Algeria  1981           7.977950    2.999996              -0.129460           3.085416
           Algeria  1982           1.638520    6.400004               3.131647           3.119932
           Algeria  1983           4.303566    5.400003               2.159856           3.122386
           Algeria  1984           3.258121    5.599997               2.389801           3.087123
           Algeria  1985           4.967193    3.699997               0.611631           3.023423
           Algeria  1986         -13.733400    0.400001              -2.517520           2.948952
           Algeria  1987         -20.000700   -0.700000              -3.509140           2.869734
           Algeria  1988           7.986955   -1.000010              -3.711750           2.777352
           Algeria  1989           5.305595    4.400002               1.646415           2.672942
           Algeria  1990          -4.468180    0.800001              -1.746790           2.559039
           Algeria  1991          -9.211380   -1.200000              -3.588530           2.447244
           Algeria  1992          -8.294320    1.800002              -0.547390           2.332887
           Algeria  1993          -6.066370   -2.100000              -4.232190           2.201996
           Algeria  1994           4.404804   -0.900000              -2.912570           2.051752
           Algeria  1995           0.836704    3.799995               1.853424           1.893116
           Algeria  1996          -3.607830    4.099998               2.305087           1.739256
           Algeria  1997          -3.873490    1.100000              -0.508250           1.603535
           Algeria  1998          20.874870    5.100004               3.544786           1.490808
           Algeria  1999          -2.059150    3.200002               1.758011           1.407131
           Algeria  2000           9.511416    3.819678               2.427876           1.349663
           Algeria  2001          12.746400    3.008395               1.676476           1.301453
           Algeria  2002          20.922040    5.609323               4.279453           1.267231
           Algeria  2003          11.070140    7.201872               5.850521           1.268580
           Algeria  2004          10.623220    4.301624               2.943232           1.310924
           Algeria  2005          11.385150    5.907791               4.452752           1.383398
           Algeria  2006          -1.793460    1.684488               0.210972           1.459709
           Algeria  2007          11.218460    3.372875               1.799197           1.534038
           Algeria  2008           6.562183    2.360135               0.713953           1.621298
           Algeria  2009           9.566697    1.632244              -0.101600           1.720717
           Algeria  2010           2.889066    3.634145               1.763682           1.821358
           Algeria  2011          -7.794600    2.891866               0.930355           1.924787
           Algeria  2012          14.292340    3.374769               1.321109           2.006614
           Algeria  2013          10.435320    2.767639               0.696354           2.036092
           Algeria  2014           9.537409    3.789121               1.733281           2.000666
           Algeria  2015           8.685274    3.763467               1.790254           1.919959
           Algeria  2016           4.252303    3.300000               1.431403           1.825463
           Austria  1971           3.036728    5.114969               4.646943           0.446246
           Austria  1972           9.797870    6.207861               5.592381           0.581190
           Austria  1973           9.370005    4.890435               4.310906           0.554041
           Austria  1974           1.093585    3.942138               3.765373           0.170206
           Austria  1975         -12.263200   -0.363740              -0.099030          -0.265320
           Austria  1976          12.403410    4.578445               4.763370          -0.176670
           Austria  1977          10.613380    5.079981               5.039648           0.038390
           Austria  1978          -9.831960   -0.210650              -0.129830          -0.080960
           Austria  1979          16.340200    5.356700               5.536448          -0.170460
           Austria  1980          -1.151510    1.731485               1.731378           0.000106
           Austria  1981          -6.031450   -0.144290              -0.398620           0.255018
           Austria  1982          -6.950720    2.011254               1.938121           0.071717
           Austria  1983          -3.143690    2.973088               3.139628          -0.161600
           Austria  1984           5.211647    0.051275               0.057574          -0.006290
           Austria  1985           6.419537    2.498678               2.450566           0.046951
           Austria  1986           0.145352    2.301393               2.236402           0.063549
           Austria  1987           3.345484    1.357168               1.293045           0.063284
           Austria  1988          10.361660    3.295880               3.149747           0.141571
           Austria  1989           6.847927    3.887075               3.420102           0.450514
           Austria  1990           5.632027    4.345642               3.553548           0.762002
           Austria  1991           4.800128    3.441627               2.413986           0.998418
           Austria  1992          -0.818730    2.093525               0.976092           1.100552
           Austria  1993          -2.788220    0.526809              -0.298750           0.824628
           Austria  1994           5.978138    2.402119               2.008762           0.384870
           Austria  1995           6.424695    2.667984               2.510913           0.153106
           Austria  1996           0.763591    2.349535               2.211436           0.135020
           Austria  1997           1.766078    2.093596               1.977973           0.113317
           Austria  1998           2.839243    3.581431               3.467835           0.109728
           Austria  1999           3.418195    3.556330               3.355044           0.194563
           Austria  2000           2.505190    3.375722               3.127436           0.240467
           Austria  2001          -0.852780    1.267170               0.880261           0.382799
           Austria  2002          -3.829450    1.651549               1.152672           0.491980
           Austria  2003           4.648191    0.941473               0.450949           0.487134
           Austria  2004           1.664446    2.735119               2.099709           0.620413
           Austria  2005           1.564551    2.244067               1.549879           0.681267
           Austria  2006           2.225551    3.454041               2.943417           0.494798
           Austria  2007           7.459450    3.727415               3.391731           0.324147
           Austria  2008          -0.540410    1.460425               1.143309           0.313041
           Austria  2009         -10.356700   -3.764580              -4.016340           0.261953
           Austria  2010          -0.178200    1.837095               1.592578           0.240394
           Austria  2011           8.805657    2.922798               2.576449           0.337081
           Austria  2012          -0.702340    0.680444               0.222449           0.455937
           Austria  2013          -0.734690    0.025504              -0.562300           0.589387
           Austria  2014           0.391223    0.828734               0.043787           0.781542
           Austria  2015           1.954378    1.091854              -0.035050           1.120993
           Austria  2016           3.479545    1.450915               0.359740           1.081396
        Bangladesh  1971         -24.084700   -5.479480              -7.438880           2.094771
        Bangladesh  1972         -55.643000  -13.973700             -15.466200           1.750092
        Bangladesh  1973          96.480850    3.325680               1.680508           1.605032
        Bangladesh  1974         147.331600    9.591956               7.720739           1.722186
        Bangladesh  1975         -22.088900   -4.088210              -6.000240           2.013666
        Bangladesh  1976          18.251090    5.661361               3.210549           2.346821
        Bangladesh  1977          26.224340    2.673056               0.032763           2.605197
        Bangladesh  1978          25.810650    7.073838               4.143875           2.774531
        Bangladesh  1979          11.378520    4.801635               1.887954           2.819565
        Bangladesh  1980          17.447240    0.819142              -1.945510           2.780488
        Bangladesh  1981          22.856340    7.233944               4.351521           2.724763
        Bangladesh  1982           8.590093    2.134328              -0.580390           2.693949
        Bangladesh  1983           4.512159    3.881046               1.140020           2.674057
        Bangladesh  1984           9.956036    4.803310               2.037905           2.674099
        Bangladesh  1985           5.923777    3.342015               0.605994           2.683218
        Bangladesh  1986           5.613790    4.173383               1.406922           2.691530
        Bangladesh  1987          10.290120    3.772402               1.027427           2.680802
        Bangladesh  1988           1.531964    2.416257              -0.252810           2.640655
        Bangladesh  1989           4.925615    2.836582               0.231987           2.565378
        Bangladesh  1990           5.515410    5.622258               3.046659           2.468724
        Bangladesh  1991           2.459203    3.485228               1.068843           2.362697
        Bangladesh  1992           4.007493    5.442686               3.077798           2.268352
        Bangladesh  1993          11.164000    4.711562               2.433780           2.199300
        Bangladesh  1994           9.237543    3.890126               1.666138           2.163958
        Bangladesh  1995           9.608163    5.121278               2.885606           2.149696
        Bangladesh  1996          11.951680    4.522919               2.314051           2.135935
        Bangladesh  1997           6.459445    4.489896               2.309067           2.109208
        Bangladesh  1998           9.113164    5.177027               3.019948           2.072226
        Bangladesh  1999           8.586602    4.670156               2.575835           2.021166
        Bangladesh  2000           7.117690    5.293295               3.251504           1.958194
        Bangladesh  2001           7.934722    5.077288               3.098150           1.901470
        Bangladesh  2002           7.420113    3.833124               1.937755           1.842265
        Bangladesh  2003           7.657354    4.739567               2.917548           1.754879
        Bangladesh  2004           8.208580    5.239533               3.535169           1.632767
        Bangladesh  2005           9.763640    6.535945               4.958595           1.491650
        Bangladesh  2006           9.887953    6.671868               5.250558           1.341370
        Bangladesh  2007           7.146867    7.058636               5.769919           1.211053
        Bangladesh  2008           9.815106    6.013790               4.826437           1.126318
        Bangladesh  2009           7.388145    5.045125               3.893893           1.101990
        Bangladesh  2010           8.564622    5.571802               4.396112           1.119888
        Bangladesh  2011           9.560947    6.464384               5.245005           1.151949
        Bangladesh  2012          10.567730    6.521435               5.279833           1.172435
        Bangladesh  2013           5.364642    6.013596               4.772796           1.177319
        Bangladesh  2014           9.855051    6.061093               4.840841           1.157188
        Bangladesh  2015           7.118801    6.552633               5.365750           1.120144
        Bangladesh  2016           8.909372    7.113465               5.962689           1.080165
           Belgium  1971          -2.046880    3.985827               3.796489           0.182247
           Belgium  1972          -0.080390    5.295604               4.884088           0.391586
           Belgium  1973          11.835580    6.381702               6.047489           0.314659
           Belgium  1974          10.288800    4.565258               4.236778           0.314634
           Belgium  1975         -13.344500   -1.965940              -2.248830           0.288978
           Belgium  1976           8.288173    5.652746               5.464140           0.178674
           Belgium  1977           0.755374    0.626155               0.501979           0.123480
           Belgium  1978           2.285936    2.841897               2.745990           0.093300
           Belgium  1979           0.321334    2.341073               2.249128           0.089883
           Belgium  1980          15.182540    4.444054               4.329008           0.110211
           Belgium  1981         -18.305700   -0.279280              -0.276650          -0.002640
           Belgium  1982          -7.527350    0.594987               0.622329          -0.027180
           Belgium  1983         -11.108700    0.311843               0.319812          -0.007940
           Belgium  1984          12.684740    2.466383               2.467921          -0.001500
           Belgium  1985          -3.155680    1.651793               1.621519           0.029786
           Belgium  1986           5.566779    1.822762               1.786470           0.035649
           Belgium  1987           9.238784    2.306659               2.219478           0.085252
           Belgium  1988          18.867800    4.723209               4.390795           0.317926
           Belgium  1989          10.862150    3.469167               3.093999           0.363248
           Belgium  1990           7.670909    3.137402               2.830268           0.298236
           Belgium  1991          -3.626220    1.833074               1.455372           0.371593
           Belgium  1992           1.829138    1.530655               1.119566           0.405713
           Belgium  1993          -2.956530   -0.961870              -1.348000           0.390639
           Belgium  1994           3.764435    3.226971               2.909319           0.308197
           Belgium  1995           4.113741    2.384757               2.170550           0.209437
           Belgium  1996           0.895450    1.593406               1.395094           0.195393
           Belgium  1997           7.606658    3.710445               3.459778           0.241992
           Belgium  1998           1.898814    1.975274               1.757761           0.213528
           Belgium  1999           4.010375    3.563312               3.326228           0.229189
           Belgium  2000           6.383080    3.633652               3.382626           0.242518
           Belgium  2001          -2.742010    0.811544               0.465397           0.343951
           Belgium  2002          -4.300140    1.780506               1.325277           0.448269
           Belgium  2003           0.300673    0.774567               0.353565           0.418642
           Belgium  2004          10.541630    3.634681               3.187131           0.432788
           Belgium  2005           8.247881    2.094273               1.534239           0.550056
           Belgium  2006           3.754987    2.506140               1.832277           0.659558
           Belgium  2007           8.345783    3.448974               2.692098           0.734331
           Belgium  2008           2.493243    0.783173              -0.009850           0.789977
           Belgium  2009          -9.574850   -2.253170              -3.036490           0.804600
           Belgium  2010           1.830563    2.744213               1.809777           0.913639
           Belgium  2011           7.274726    1.798303               0.396258           1.386849
           Belgium  2012          -2.505930    0.234797              -0.490300           0.726032
           Belgium  2013          -3.081180    0.200650              -0.288320           0.489184
           Belgium  2014           7.135177    1.293265               1.056141           0.234371
           Belgium  2015           3.620055    1.426957               0.840942           0.579446
           Belgium  2016           4.648879    1.412292               0.900139           0.506300
             Benin  1971          -3.014150   -1.496840              -3.622460           2.181542
             Benin  1972          44.853010    6.426368               4.083710           2.225788
             Benin  1973           1.288667    3.706165               1.371101           2.277352
             Benin  1974          46.491640    3.339312               0.948680           2.340560
             Benin  1975           0.078973   -4.895350              -7.160060           2.410100
             Benin  1976           1.893395    0.884356              -1.587380           2.480581
             Benin  1977          -7.974290    4.983664               2.345923           2.544627
             Benin  1978          -5.580450    1.255078              -1.345280           2.601673
             Benin  1979          43.154140    6.535747               3.750911           2.648765
             Benin  1980          36.680250    6.781764               3.948194           2.689452
             Benin  1981          13.798040    9.954231               6.990661           2.732265
             Benin  1982          43.095030    2.235066              -0.565310           2.777365
             Benin  1983         -41.436100   -4.347820              -7.005160           2.817449
             Benin  1984         -26.181300    7.929840               4.895365           2.851805
             Benin  1985         -27.335600    7.530325               4.472126           2.885260
             Benin  1986          48.095240    2.171142              -0.751790           2.902539
             Benin  1987          -7.234720   -1.500000              -4.339870           2.925497
             Benin  1988           5.199306    3.405245               0.360547           2.988652
             Benin  1989         -23.300700   -2.854160              -5.820200           3.100766
             Benin  1990          46.213530    8.976134               5.507107           3.235059
             Benin  1991           9.364272    4.225799               0.764701           3.377159
             Benin  1992          -2.427700    2.957711              -0.562600           3.479003
             Benin  1993           5.800032    5.836172               2.195190           3.500774
             Benin  1994           0.732018    2.020400              -1.415680           3.426061
             Benin  1995          38.132710    6.045199               2.609372           3.293614
             Benin  1996         -18.278000    4.324284               1.094015           3.145324
             Benin  1997          16.711980    5.734688               2.580644           3.028375
             Benin  1998          -6.146440    3.961012               0.930263           2.958613
             Benin  1999          17.553820    5.341449               2.277471           2.951754
             Benin  2000          -5.963390    5.859992               2.747800           2.983995
             Benin  2001          21.372670    5.330411               2.193122           3.023780
             Benin  2002         -10.995400    4.644470               1.508016           3.043083
             Benin  2003           6.427643    3.444045               0.346991           3.039675
             Benin  2004           5.271426    4.429629               1.337853           3.005342
             Benin  2005         -20.842300    1.711578              -1.247440           2.952384
             Benin  2006          10.075410    3.947014               0.978332           2.897533
             Benin  2007          31.113230    5.986516               3.004341           2.854074
             Benin  2008          -7.489110    4.889899               1.969729           2.823522
             Benin  2009          11.295890    2.329301              -0.505470           2.809337
             Benin  2010           8.330984    2.110199              -0.715300           2.806109
             Benin  2011           3.669486    2.962750               0.116355           2.803422
             Benin  2012           5.849128    4.816478               1.925341           2.797040
             Benin  2013          39.855330    7.189716               4.240193           2.790253
             Benin  2014          10.556220    6.351832               3.433604           2.782287
             Benin  2015          -3.773300    2.095808              -0.696390           2.772978
             Benin  2016           0.167445    3.964860               1.131092           2.763534
           Bolivia  1971          14.130530    5.063336               2.898099           2.082420
           Bolivia  1972          37.644120    7.967485               5.727004           2.096978
           Bolivia  1973         -16.107600    5.739161               3.526190           2.115069
           Bolivia  1974         -15.980700    2.939568               0.762855           2.137231
           Bolivia  1975          58.396030    7.311018               5.016899           2.161004
           Bolivia  1976         -19.233700    4.614567               2.355146           2.183422
           Bolivia  1977           6.832545    4.971216               2.687861           2.199227
           Bolivia  1978          31.684410    2.052694              -0.172210           2.204266
           Bolivia  1979         -15.501900    0.133344              -2.041770           2.196153
           Bolivia  1980         -29.837900   -1.371770              -3.497150           2.178498
           Bolivia  1981          -0.781440    0.275617              -1.866700           2.159576
           Bolivia  1982         -23.511000   -3.938740              -5.973210           2.140644
           Bolivia  1983         -11.139600   -4.042120              -6.051100           2.115831
           Bolivia  1984          39.294330   -0.200670              -2.259400           2.084447
           Bolivia  1985          26.823080   -1.676390              -3.671720           2.050223
           Bolivia  1986         -30.499800   -2.573880              -4.516020           2.013592
           Bolivia  1987          17.515400    2.463479               0.453131           1.981518
           Bolivia  1988           3.830938    2.909503               0.910640           1.961462
           Bolivia  1989         -15.120100    3.790130               1.779197           1.956515
           Bolivia  1990          17.684220    4.635786               2.603000           1.961844
           Bolivia  1991          29.287030    5.266527               3.214992           1.968138
           Bolivia  1992           5.322720    1.646497              -0.337290           1.970947
           Bolivia  1993          -0.069100    4.269294               2.232051           1.973167
           Bolivia  1994         -10.602300    4.667270               2.621064           1.974325
           Bolivia  1995          12.308770    4.678273               2.632867           1.973335
           Bolivia  1996          18.787660    4.361343               2.323067           1.972420
           Bolivia  1997          30.233540    4.954209               2.908531           1.968361
           Bolivia  1998          28.510060    5.029352               2.995844           1.955122
           Bolivia  1999         -18.762100    0.426890              -1.493330           1.930572
           Bolivia  2000          -7.377370    2.507808               0.580450           1.898107
           Bolivia  2001         -17.469100    1.683801              -0.193520           1.863490
           Bolivia  2002          17.861230    2.485565               0.626497           1.830635
           Bolivia  2003         -12.827800    2.711341               0.880170           1.798916
           Bolivia  2004         -11.844900    4.173294               2.345783           1.769869
           Bolivia  2005          26.865620    4.421435               2.617251           1.742892
           Bolivia  2006          -5.090100    4.797009               3.014237           1.715803
           Bolivia  2007          11.056470    4.564383               2.813308           1.688819
           Bolivia  2008          29.313370    6.148497               4.396899           1.663906
           Bolivia  2009           3.878754    3.357001               1.674131           1.641612
           Bolivia  2010           7.147012    4.126723               2.452274           1.621157
           Bolivia  2011          25.851650    5.204093               3.532858           1.601318
           Bolivia  2012          -6.609920    5.122275               3.472793           1.581549
           Bolivia  2013          16.044540    6.796012               5.140099           1.562684
           Bolivia  2014          12.510050    5.460570               3.844088           1.544652
           Bolivia  2015           0.815870    4.857188               3.267949           1.527225
           Bolivia  2016           9.862039    4.263919               2.701313           1.510047
      Burkina Faso  1971          40.959960    1.413340              -0.336970           1.740988
      Burkina Faso  1972          27.535610    2.311499               0.523656           1.762898
      Burkina Faso  1973          17.046740    0.449327              -1.334390           1.791696
      Burkina Faso  1974          10.677870    8.286426               6.322260           1.830514
      Burkina Faso  1975          -0.876770    2.998383               1.082120           1.878003
      Burkina Faso  1976           0.884523    8.534895               6.467797           1.922917
      Burkina Faso  1977          -8.770940    0.370354              -1.588730           1.971156
      Burkina Faso  1978           3.364731    4.607825               2.495364           2.040079
      Burkina Faso  1979         -16.812100    3.664622               1.476287           2.133575
      Burkina Faso  1980           2.045746    0.796879              -1.436670           2.240814
      Burkina Faso  1981          -0.202160    4.255303               1.832681           2.351165
      Burkina Faso  1982          30.761170    9.562197               6.912854           2.447834
      Burkina Faso  1983          -7.759670    0.345985              -2.150740           2.519590
      Burkina Faso  1984           1.632171   -1.778700              -4.261040           2.559784
      Burkina Faso  1985          76.872490    8.517365               5.755742           2.577809
      Burkina Faso  1986         -11.901900    7.955363               5.194956           2.590248
      Burkina Faso  1987          -4.934570   -0.236340              -2.802460           2.605860
      Burkina Faso  1988           7.347444    5.795593               3.057972           2.621720
      Burkina Faso  1989           5.259723    2.150267              -0.510910           2.639694
      Burkina Faso  1990           1.112982   -0.602930              -3.211210           2.659152
      Burkina Faso  1991          14.180910    9.069984               6.188997           2.676924
      Burkina Faso  1992         -10.285200    0.232711              -2.430520           2.692988
      Burkina Faso  1993           0.933235    3.461385               0.695588           2.709647
      Burkina Faso  1994          24.971120    1.315007              -1.410840           2.727322
      Burkina Faso  1995          -7.862440    5.716374               2.852987           2.745914
      Burkina Faso  1996          13.044770   11.014740               7.987348           2.764895
      Burkina Faso  1997          17.408410    6.316835               3.398121           2.783685
      Burkina Faso  1998          -3.457200    7.307720               4.341710           2.802940
      Burkina Faso  1999         -14.087800    7.404179               4.415316           2.822272
      Burkina Faso  2000           9.128800    1.820242              -1.032640           2.841885
      Burkina Faso  2001           6.511995    6.613400               3.608619           2.858869
      Burkina Faso  2002          19.730350    4.353004               1.394566           2.875992
      Burkina Faso  2003          13.988880    7.802440               4.722708           2.898432
      Burkina Faso  2004          11.460650    4.478474               1.464141           2.927561
      Burkina Faso  2005          15.429490    8.661862               5.493464           2.959188
      Burkina Faso  2006           2.581278    6.253159               3.124174           2.989070
      Burkina Faso  2007          11.026060    5.655005               2.520321           3.011809
      Burkina Faso  2008           7.724713    7.294498               4.097479           3.024962
      Burkina Faso  2009          18.122740    2.962014              -0.107400           3.026450
      Burkina Faso  2010           4.148811    5.373373               2.239442           3.019245
      Burkina Faso  2011          19.350820    6.626865               3.466317           3.008938
      Burkina Faso  2012          24.884370    6.452699               3.309382           2.997255
      Burkina Faso  2013           7.910463    5.792589               2.684958           2.981483
      Burkina Faso  2014         -15.084200    4.326837               1.282016           2.961978
      Burkina Faso  2015           9.198936    3.894548               0.884825           2.939690
      Burkina Faso  2016          -1.135490    5.924578               2.880814           2.915614
          Cameroon  1971          22.222340    3.479708               0.851520           2.572620
          Cameroon  1972           7.142322    2.673843               0.023333           2.615390
          Cameroon  1973           6.753710    5.355681               2.589584           2.660565
          Cameroon  1974          -8.272760   10.734260               7.775052           2.708710
          Cameroon  1975          16.887830   11.245060               8.218391           2.758418
          Cameroon  1976          -7.261850   -5.495140              -8.108480           2.804252
          Cameroon  1977          37.275980   13.739870              10.546840           2.847469
          Cameroon  1978          47.848540   22.003000              18.524900           2.892262
          Cameroon  1979          -4.222550    6.035119               2.963576           2.939505
          Cameroon  1980          11.054780   -1.965290              -4.849100           2.985751
          Cameroon  1981          45.792500   17.082680              13.594300           3.024702
          Cameroon  1982          -4.011470    7.516203               4.281407           3.054848
          Cameroon  1983           8.892789    6.866831               3.625898           3.079620
          Cameroon  1984           8.593930    7.474573               4.195263           3.098761
          Cameroon  1985          11.675240    8.063162               4.753963           3.110149
          Cameroon  1986          -1.629270    6.771663               3.494080           3.117815
          Cameroon  1987         -13.360000   -2.146650              -5.147070           3.114238
          Cameroon  1988         -27.691400   -7.823630             -10.627300           3.088810
          Cameroon  1989         -21.970200   -1.819120              -4.757450           3.038471
          Cameroon  1990           1.544851   -6.105700              -8.855210           2.972042
          Cameroon  1991          -6.191680   -3.808600              -6.564250           2.906596
          Cameroon  1992         -15.710000   -3.100000              -5.819070           2.846182
          Cameroon  1993          -8.028670   -7.932070             -10.457300           2.781112
          Cameroon  1994           9.767564    2.123935              -0.608620           2.712178
          Cameroon  1995         -11.032300    3.469792               0.769215           2.644681
          Cameroon  1996          13.708870    4.361087               1.705470           2.577578
          Cameroon  1997           8.434219    5.231321               2.609338           2.523204
          Cameroon  1998           3.992558    4.502291               1.925295           2.496885
          Cameroon  1999           2.965920    4.292017               1.712563           2.504399
          Cameroon  2000          13.512710    3.553374               0.961237           2.535052
          Cameroon  2001          16.592730    4.368084               1.719625           2.570367
          Cameroon  2002          14.641740    4.237204               1.561046           2.600905
          Cameroon  2003          -8.862220    4.567195               1.851129           2.631765
          Cameroon  2004          11.692040    6.780956               3.977432           2.660572
          Cameroon  2005          -2.034040    2.020662              -0.683250           2.686117
          Cameroon  2006           0.665105    3.457669               0.690444           2.711164
          Cameroon  2007           1.787504    4.902202               2.074681           2.732379
          Cameroon  2008          20.395760    3.488801               0.688419           2.743261
          Cameroon  2009           2.343491    2.198664              -0.565190           2.741638
          Cameroon  2010           2.708483    3.422508               0.636570           2.730690
          Cameroon  2011          12.127780    4.129277               1.338592           2.716587
          Cameroon  2012           2.724930    4.543265               1.756738           2.701596
          Cameroon  2013           6.811978    5.404266               2.613703           2.683163
          Cameroon  2014          12.023520    5.884059               3.102739           2.661876
          Cameroon  2015          -0.286010    5.651464               2.900267           2.638536
          Cameroon  2016           7.365448    4.450453               1.755917           2.613585
            Canada  1971           8.508412    4.117658               2.571035           1.496600
            Canada  1972           5.990003    5.445856               3.776951           1.595371
            Canada  1973          12.443380    6.964203               5.167343           1.694140
            Canada  1974          11.030810    3.690988               1.848474           1.792904
            Canada  1975          -0.192080    1.822973              -0.085090           1.891678
            Canada  1976           6.672725    5.199302               3.817102           1.322595
            Canada  1977           0.354813    3.458231               2.249566           1.175141
            Canada  1978           0.424469    3.953591               2.915612           1.003521
            Canada  1979          13.773250    3.804923               2.774442           0.997669
            Canada  1980          -3.344430    2.162617               0.849911           1.293245
            Canada  1981           8.638637    3.503120               2.226997           1.240595
            Canada  1982         -22.114100   -3.202020              -4.361970           1.205555
            Canada  1983           8.684484    2.598573               1.574844           1.002812
            Canada  1984          11.642900    5.925350               4.911513           0.961734
            Canada  1985           8.690930    4.734083               3.765145           0.929447
            Canada  1986           2.640088    2.161816               1.140353           1.004879
            Canada  1987           8.263469    4.096465               2.739878           1.311768
            Canada  1988          11.233170    4.429401               3.089816           1.291065
            Canada  1989           5.129710    2.323974               0.515113           1.783590
            Canada  1990          -7.983290    0.154346              -1.330440           1.493593
            Canada  1991          -7.431930   -2.125690              -3.448260           1.360506
            Canada  1992          -3.431220    0.882976              -0.347710           1.227418
            Canada  1993           3.642459    2.655236               1.537971           1.094332
            Canada  1994           8.957616    4.493475               3.493849           0.961245
            Canada  1995           3.115311    2.677708               1.830885           0.828159
            Canada  1996           0.584499    1.611048               0.522403           1.077165
            Canada  1997          15.963800    4.279812               3.183364           1.057015
            Canada  1998           1.605471    3.881759               2.986425           0.865614
            Canada  1999           5.398327    5.163211               4.296712           0.827369
            Canada  2000           8.327329    5.182690               4.258017           0.882999
            Canada  2001          -3.183940    1.770819               0.748589           1.009522
            Canada  2002           2.290151    3.010016               2.090014           0.897131
            Canada  2003           9.473347    1.802273               0.793121           0.996233
            Canada  2004           8.699578    3.085961               2.058162           1.002034
            Canada  2005          11.147950    3.201382               2.188915           0.985904
            Canada  2006           5.698854    2.623413               1.808913           0.796845
            Canada  2007           2.958116    2.062748               1.077673           0.969854
            Canada  2008           1.720906    1.000361              -0.086770           1.082197
            Canada  2009         -13.829900   -2.949590              -4.054320           1.144840
            Canada  2010          12.338560    3.083514               1.941578           1.113960
            Canada  2011           7.973732    3.141219               2.127592           0.987618
            Canada  2012           3.532724    1.745472               0.551585           1.180345
            Canada  2013           3.438916    2.475002               1.303615           1.149679
            Canada  2014           0.863163    2.855739               1.747224           1.083588
            Canada  2015          -5.820760    1.000882               0.163265           0.832775
            Canada  2016          -3.853810    1.414103               0.205759           1.198650
          Colombia  1971           4.783143    5.951223               3.370518           2.465903
          Colombia  1972          -2.076630    7.673415               5.185573           2.337655
          Colombia  1973           8.654911    6.727482               4.348543           2.254202
          Colombia  1974          11.343340    5.742522               3.412078           2.228534
          Colombia  1975          -7.399700    2.248047              -0.019160           2.242316
          Colombia  1976           9.457240    4.817187               2.472640           2.262192
          Colombia  1977           4.158828    4.148013               1.809284           2.271180
          Colombia  1978           8.734442    8.463450               6.019993           2.278556
          Colombia  1979           2.863076    5.382853               3.006718           2.280574
          Colombia  1980          12.580450    4.098199               1.754919           2.276751
          Colombia  1981           7.859611    2.263217              -0.036380           2.274369
          Colombia  1982           3.570727    0.948480              -1.316110           2.268861
          Colombia  1983           0.325044    1.584376              -0.673800           2.248039
          Colombia  1984          -0.372320    3.355101               1.097328           2.208695
          Colombia  1985          -6.266530    3.088265               0.888984           2.156481
          Colombia  1986           6.873620    5.838292               3.639006           2.099862
          Colombia  1987           2.671196    5.371507               3.237794           2.045726
          Colombia  1988          10.204920    4.059821               2.004819           1.994588
          Colombia  1989          -5.714330    3.417427               1.421602           1.948738
          Colombia  1990          -2.902040    6.042038               4.039736           1.906270
          Colombia  1991          -6.678290    2.277231               0.387326           1.865111
          Colombia  1992          19.025840    5.032677               3.136596           1.821723
          Colombia  1993          32.218970    2.365651               0.565568           1.774128
          Colombia  1994          27.008760    5.835811               4.029794           1.721160
          Colombia  1995           6.065898    5.202438               3.464778           1.665522
          Colombia  1996         -12.019900    2.055855               0.427584           1.608335
          Colombia  1997          -0.644830    3.430294               1.834165           1.555223
          Colombia  1998          -6.308140    0.569784              -0.939120           1.511726
          Colombia  1999         -38.665900   -4.204020              -5.611910           1.480589
          Colombia  2000          13.495780    4.419993               2.908949           1.457656
          Colombia  2001           8.820641    1.677898               0.226857           1.437377
          Colombia  2002           9.423151    2.503980               1.065061           1.413716
          Colombia  2003          12.215490    3.918272               2.489228           1.384704
          Colombia  2004          12.181010    5.333022               3.922772           1.347892
          Colombia  2005          12.650060    4.706556               3.348376           1.305616
          Colombia  2006          19.187880    6.697515               5.358584           1.262825
          Colombia  2007          12.845660    6.900628               5.602510           1.221755
          Colombia  2008           9.010723    3.546805               2.331562           1.180558
          Colombia  2009          -3.928680    1.651549               0.499677           1.139627
          Colombia  2010           7.700803    3.971801               2.835318           1.099086
          Colombia  2011          18.467230    6.589512               5.467383           1.058337
          Colombia  2012           4.704046    4.043944               2.990157           1.017993
          Colombia  2013           6.144539    4.874066               3.851739           0.979596
          Colombia  2014          11.603160    4.393608               3.412994           0.943783
          Colombia  2015           1.213101    3.052017               2.118720           0.909782
          Colombia  2016          -3.404300    2.043060               1.152271           0.876787
       Congo, Rep.  1971          17.241430    7.753036               4.548657           3.018932
       Congo, Rep.  1972          17.058830    8.617551               5.332107           3.071472
       Congo, Rep.  1973          17.085300    8.231189               4.937404           3.090556
       Congo, Rep.  1974          16.952720    7.885521               4.623618           3.070135
       Congo, Rep.  1975          17.981990    7.731597               4.523510           3.023090
       Congo, Rep.  1976         -23.328400    0.916287              -2.035040           2.968142
       Congo, Rep.  1977         -19.472500   -8.953430             -11.576200           2.922964
       Congo, Rep.  1978         -20.654900    6.359747               3.322602           2.897104
       Congo, Rep.  1979           7.301672    9.813225               6.677598           2.896978
       Congo, Rep.  1980          49.112180   17.636610              14.260440           2.911982
       Congo, Rep.  1981          80.952650   17.619720              14.221450           2.931760
       Congo, Rep.  1982          36.841870   23.597700              20.017530           2.939416
       Congo, Rep.  1983         -15.477200    5.853963               2.799782           2.927721
       Congo, Rep.  1984         -11.074400    6.976131               3.926006           2.892657
       Congo, Rep.  1985          -5.018590   -1.185660              -3.955270           2.842870
       Congo, Rep.  1986         -35.486000   -6.861530              -9.427290           2.793443
       Congo, Rep.  1987         -31.142600    0.189377              -2.532350           2.754168
       Congo, Rep.  1988         -14.684300    1.766263              -0.972430           2.728032
       Congo, Rep.  1989         -18.588600    2.599877              -0.150220           2.716990
       Congo, Rep.  1990          14.740050    1.000004              -1.708650           2.718451
       Congo, Rep.  1991          25.560480    2.395367              -0.353190           2.720939
       Congo, Rep.  1992           0.188700    2.611948              -0.145950           2.724480
       Congo, Rep.  1993          32.077550   -0.979680              -3.651820           2.735657
       Congo, Rep.  1994          75.190520   -5.493080              -8.061510           2.755339
       Congo, Rep.  1995         -31.400500    3.985324               1.133957           2.780384
       Congo, Rep.  1996          -3.304900    4.290482               1.393936           2.816681
       Congo, Rep.  1997         -36.690500   -0.624810              -3.417340           2.850326
       Congo, Rep.  1998          -0.357740    3.737553               0.811588           2.861087
       Congo, Rep.  1999          22.422500   -2.582200              -5.312180           2.842354
       Congo, Rep.  2000          19.016020    7.575980               4.595113           2.810056
       Congo, Rep.  2001          -1.345280    3.802602               0.982644           2.754238
       Congo, Rep.  2002           1.220422    4.581870               1.777186           2.718424
       Congo, Rep.  2003          13.483850    0.813264              -1.930890           2.759745
       Congo, Rep.  2004           0.511337    3.476632               0.522812           2.896111
       Congo, Rep.  2005           4.661518    7.755759               4.486666           3.080771
       Congo, Rep.  2006          24.854800    6.235997               2.804198           3.283682
       Congo, Rep.  2007          -0.304710   -1.582220              -4.895970           3.425010
       Congo, Rep.  2008           2.371533    5.572233               2.001652           3.440638
       Congo, Rep.  2009          16.816230    7.468942               3.975410           3.304747
       Congo, Rep.  2010           2.222001    8.751601               5.454836           3.078363
       Congo, Rep.  2011          36.578210    3.420666               0.532208           2.832665
       Congo, Rep.  2012           4.000158    3.799971               1.097463           2.638066
       Congo, Rep.  2013          16.545620    3.440705               0.871121           2.515488
       Congo, Rep.  2014          22.071560    6.779916               4.155785           2.488215
       Congo, Rep.  2015          -1.992520    2.646486               0.087396           2.524714
       Congo, Rep.  2016          32.897050   -2.800020              -5.268460           2.572357
           Denmark  1971          -0.089220    3.005033               2.291737           0.694896
           Denmark  1972           7.071717    3.929344               3.336574           0.571991
           Denmark  1973           8.871443    4.092925               3.465594           0.604488
           Denmark  1974          -6.724240   -1.122410              -1.581710           0.465594
           Denmark  1975         -16.244400   -1.456540              -1.740200           0.288269
           Denmark  1976          21.508460    5.924575               5.658667           0.251351
           Denmark  1977          -1.344420    1.870289               1.553512           0.311446
           Denmark  1978          -1.481070    2.226309               1.909290           0.310596
           Denmark  1979           4.346719    3.869056               3.614235           0.245630
           Denmark  1980         -15.008600   -0.482990              -0.603930           0.121604
           Denmark  1981         -16.427000   -0.666130              -0.637910          -0.028410
           Denmark  1982          11.599350    3.684651               3.760867          -0.073480
           Denmark  1983           3.484435    2.596061               2.666534          -0.068670
           Denmark  1984          18.479340    4.166151               4.220724          -0.052380
           Denmark  1985          11.317000    4.003686               3.961545           0.040527
           Denmark  1986          15.850060    4.904253               4.764060           0.133728
           Denmark  1987          -3.517830    0.254226               0.127320           0.126664
           Denmark  1988          -3.153490   -0.013630              -0.062200           0.048593
           Denmark  1989           3.632106    0.645215               0.584858           0.059988
           Denmark  1990          -0.536710    1.475245               1.310526           0.162456
           Denmark  1991          -3.907330    1.393656               1.130862           0.259518
           Denmark  1992           1.908268    1.957012               1.620426           0.330671
           Denmark  1993          -7.748610    0.010659              -0.321990           0.333166
           Denmark  1994          13.500500    5.332449               4.977333           0.337707
           Denmark  1995          14.678150    3.027634               2.492295           0.520962
           Denmark  1996           1.053851    2.900068               2.319374           0.565926
           Denmark  1997          14.408120    3.260880               2.832654           0.415565
           Denmark  1998           5.878702    2.218162               1.847617           0.363163
           Denmark  1999          -4.878220    2.948007               2.607929           0.330886
           Denmark  2000          11.744050    3.746900               3.400722           0.334234
           Denmark  2001          -1.473700    0.823149               0.462531           0.358316
           Denmark  2002          -1.201610    0.466345               0.145880           0.319487
           Denmark  2003          -0.680110    0.390074               0.117373           0.272010
           Denmark  2004           6.760583    2.668193               2.403208           0.258432
           Denmark  2005           5.531903    2.336664               2.055134           0.275482
           Denmark  2006          12.765990    3.912980               3.572036           0.328645
           Denmark  2007           2.672185    0.909253               0.462745           0.443466
           Denmark  2008          -4.796930   -0.512030              -1.094850           0.587548
           Denmark  2009         -21.231300   -4.906530              -5.413990           0.535079
           Denmark  2010          -0.587040    1.870993               1.419488           0.444197
           Denmark  2011           5.454201    1.336775               0.920391           0.411738
           Denmark  2012           2.294915    0.226468              -0.149950           0.376272
           Denmark  2013           3.390632    0.933349               0.513433           0.416901
           Denmark  2014           4.289866    1.619375               1.105415           0.507053
           Denmark  2015           0.947854    1.606609               0.891365           0.706424
           Denmark  2016           5.996399    1.964077               1.171454           0.780393
Dominican Republic  1971          17.158790   10.871470               7.807074           2.802829
Dominican Republic  1972          12.475900   10.394160               7.406523           2.743636
Dominican Republic  1973          26.876360   12.895760               9.905597           2.684316
Dominican Republic  1974          16.977570    6.001903               3.255764           2.624799
Dominican Republic  1975          10.061010    5.193253               2.528419           2.565915
Dominican Republic  1976          -5.794930    6.728123               4.084780           2.507893
Dominican Republic  1977           7.317121    4.981784               2.437833           2.453075
Dominican Republic  1978           2.686589    2.140685              -0.285040           2.403537
Dominican Republic  1979           8.199581    4.531399               2.092782           2.360547
Dominican Republic  1980           3.350508    7.968739               5.490572           2.322014
Dominican Republic  1981         -13.543000    4.279867               1.923198           2.285875
Dominican Republic  1982         -12.219400    1.698709              -0.563670           2.249710
Dominican Republic  1983          11.138280    4.627946               2.337745           2.213212
Dominican Republic  1984         -11.579000    1.252896              -0.926530           2.175963
Dominican Republic  1985          -4.845890   -2.122530              -4.193320           2.138390
Dominican Republic  1986          26.484090    3.521993               1.371018           2.099686
Dominican Republic  1987          27.698860   10.117370               7.869611           2.062358
Dominican Republic  1988          -5.442310    2.155963               0.103585           2.029520
Dominican Republic  1989          13.720740    4.400539               2.330876           2.002339
Dominican Republic  1990          -8.563100   -5.454310              -7.306230           1.978192
Dominican Republic  1991          -8.288650    0.944139              -1.012220           1.957087
Dominican Republic  1992          22.650170   11.220930               9.092448           1.932294
Dominican Republic  1993          15.091930    7.364513               5.348621           1.895466
Dominican Republic  1994          15.020930    2.600354               0.726656           1.843091
Dominican Republic  1995           4.290130    5.685431               3.819149           1.781661
Dominican Republic  1996           7.652181    5.977825               4.173627           1.717088
Dominican Republic  1997          21.642230    8.885269               7.093174           1.659551
Dominican Republic  1998          42.141030    6.714478               5.004975           1.614910
Dominican Republic  1999          -0.464260    5.940049               4.271764           1.587276
Dominican Republic  2000           8.627401    4.661762               3.029857           1.571502
Dominican Republic  2001           1.378153    2.459516               0.874945           1.558617
Dominican Republic  2002           3.166924    4.495103               2.896032           1.542113
Dominican Republic  2003         -24.041500   -1.345710              -2.836070           1.522217
Dominican Republic  2004           3.424862    2.570134               1.046309           1.496789
Dominican Republic  2005          18.595680    9.428237               7.834144           1.467462
Dominican Republic  2006          17.498130    9.174355               7.615936           1.437745
Dominican Republic  2007          13.897380    7.415952               5.912648           1.409402
Dominican Republic  2008           7.988428    3.209504               1.793963           1.381014
Dominican Republic  2009         -17.627000    0.946155              -0.410140           1.352691
Dominican Republic  2010          20.774250    8.339651               6.914235           1.324424
Dominican Republic  2011          -5.842840    3.133423               1.805465           1.295973
Dominican Republic  2012          -0.640280    2.717368               1.424114           1.267034
Dominican Republic  2013          -1.732410    4.875205               3.586402           1.236505
Dominican Republic  2014          16.799990    7.636032               6.347731           1.204125
Dominican Republic  2015          23.662990    7.033371               5.787508           1.170823
Dominican Republic  2016           9.280709    6.612208               5.406833           1.137057
           Ecuador  1971          17.902560    6.292606               3.293609           2.862022
           Ecuador  1972          -3.439830    5.017641               2.079236           2.837901
           Ecuador  1973          -4.322930   13.950680              10.793300           2.809942
           Ecuador  1974          -4.036350   11.208510               8.161083           2.778528
           Ecuador  1975          34.597160   10.972150               7.967561           2.744849
           Ecuador  1976           4.493586    7.397188               4.524925           2.710844
           Ecuador  1977           9.125907    1.604842              -1.079660           2.677636
           Ecuador  1978           9.252694    5.706825               2.946524           2.645979
           Ecuador  1979          -3.429380    3.734048               1.055581           2.615973
           Ecuador  1980           2.364541    3.708683               1.059006           2.588128
           Ecuador  1981          -1.353540    5.612864               2.944547           2.558972
           Ecuador  1982           0.025093    0.614845              -1.899600           2.530834
           Ecuador  1983         -15.368000   -0.336870              -2.806650           2.509351
           Ecuador  1984           0.494106    2.625273               0.095182           2.496268
           Ecuador  1985           7.842837    3.935001               1.381683           2.487329
           Ecuador  1986           5.113035    3.464783               0.932787           2.477647
           Ecuador  1987           5.620184   -0.259100              -2.685660           2.462952
           Ecuador  1988          -8.967650    5.890467               3.334888           2.443018
           Ecuador  1989           1.635388    1.005778              -1.405650           2.416372
           Ecuador  1990          -1.802150    3.679914               1.237461           2.383955
           Ecuador  1991           1.214309    4.291342               1.869749           2.349332
           Ecuador  1992           4.877699    2.114311              -0.219500           2.312013
           Ecuador  1993          -8.836560    1.973218              -0.313110           2.267599
           Ecuador  1994           7.743277    4.258250               1.974305           2.215013
           Ecuador  1995          -2.669250    2.252549               0.070819           2.156759
           Ecuador  1996          -4.783290    1.731748              -0.383220           2.100885
           Ecuador  1997          11.255320    4.327865               2.214938           2.046066
           Ecuador  1998          10.914330    3.266529               1.238432           1.983487
           Ecuador  1999         -30.140600   -4.739390              -6.543430           1.911959
           Ecuador  2000          11.143640    1.091802              -0.748590           1.837286
           Ecuador  2001          33.679830    4.015630               2.201541           1.759442
           Ecuador  2002          17.876250    4.096777               2.350384           1.691894
           Ecuador  2003         -10.584300    2.722877               1.041379           1.650472
           Ecuador  2004           6.671978    8.211021               6.448473           1.642217
           Ecuador  2005          15.721080    5.291308               3.562015           1.656026
           Ecuador  2006           7.772236    4.403526               2.667536           1.676749
           Ecuador  2007           4.240238    2.190064               0.478153           1.689413
           Ecuador  2008          22.482100    6.357131               4.574822           1.689978
           Ecuador  2009          -7.310140    0.566492              -1.101800           1.672810
           Ecuador  2010          10.459800    3.525299               1.837978           1.643291
           Ecuador  2011          11.529980    7.868141               6.143478           1.611782
           Ecuador  2012           4.190273    5.641962               3.981861           1.583919
           Ecuador  2013           9.473911    4.946511               3.325690           1.556476
           Ecuador  2014           3.367494    3.788869               2.212337           1.530634
           Ecuador  2015          -9.191290    0.098873              -1.396970           1.505644
           Ecuador  2016         -10.386800   -1.576380              -3.022240           1.479917
  Egypt, Arab Rep.  1971         -10.281200    3.440941               1.084149           2.304750
  Egypt, Arab Rep.  1972          10.240390    2.028898              -0.225310           2.234152
  Egypt, Arab Rep.  1973          34.262070    0.705235              -1.482580           2.196437
  Egypt, Arab Rep.  1974          11.953510    2.485504               0.255238           2.200205
  Egypt, Arab Rep.  1975          63.941570    8.939147               6.532616           2.233826
  Egypt, Arab Rep.  1976           4.284797   14.627280              12.050090           2.273981
  Egypt, Arab Rep.  1977          12.671220   12.836940              10.258640           2.311486
  Egypt, Arab Rep.  1978          25.256140    5.779722               3.316390           2.356281
  Egypt, Arab Rep.  1979          16.390640    6.038847               3.517343           2.406634
  Egypt, Arab Rep.  1980          -2.168540   10.011330               7.338760           2.459354
  Egypt, Arab Rep.  1981          11.215830    3.756100               1.192140           2.502187
  Egypt, Arab Rep.  1982          20.464880    9.907171               7.150905           2.539794
  Egypt, Arab Rep.  1983           8.524540    7.401136               4.659530           2.585825
  Egypt, Arab Rep.  1984           4.394807    6.091518               3.324884           2.642386
  Egypt, Arab Rep.  1985           4.152778    6.602036               3.765187           2.697208
  Egypt, Arab Rep.  1986         -12.392700    2.646586              -0.143390           2.755662
  Egypt, Arab Rep.  1987          -8.842390    2.519411              -0.298340           2.786979
  Egypt, Arab Rep.  1988           1.754932    5.300734               2.441610           2.752740
  Egypt, Arab Rep.  1989          -8.954680    4.972375               2.237272           2.640092
  Egypt, Arab Rep.  1990          -0.633690    5.701749               3.113819           2.478803
  Egypt, Arab Rep.  1991         -10.443500    1.078837              -1.226830           2.307475
  Egypt, Arab Rep.  1992          -3.836980    4.431994               2.199958           2.160482
  Egypt, Arab Rep.  1993         -13.369800    2.900787               0.818332           2.044508
  Egypt, Arab Rep.  1994          10.417050    3.973172               1.943238           1.971674
  Egypt, Arab Rep.  1995           6.427342    4.642467               2.641010           1.931190
  Egypt, Arab Rep.  1996          11.357930    4.988731               3.017657           1.895261
  Egypt, Arab Rep.  1997          13.320480    5.491124               3.549321           1.857878
  Egypt, Arab Rep.  1998          22.676060    4.036373               2.141895           1.837761
  Egypt, Arab Rep.  1999           3.953994    6.105463               4.174958           1.836176
  Egypt, Arab Rep.  2000          -2.302060    5.367998               3.439696           1.847016
  Egypt, Arab Rep.  2001          -2.184360    3.535252               1.615120           1.871981
  Egypt, Arab Rep.  2002           5.501930    2.370460               0.448034           1.895768
  Egypt, Arab Rep.  2003          -5.990910    3.192285               1.250926           1.899224
  Egypt, Arab Rep.  2004           4.667081    4.089940               2.156831           1.874614
  Egypt, Arab Rep.  2005           9.719943    4.478960               2.578957           1.835290
  Egypt, Arab Rep.  2006          13.785930    6.853908               4.966034           1.782575
  Egypt, Arab Rep.  2007          23.085250    7.090271               5.234633           1.747968
  Egypt, Arab Rep.  2008          15.561960    7.157617               5.282444           1.765412
  Egypt, Arab Rep.  2009          -8.450990    4.673845               2.755735           1.849461
  Egypt, Arab Rep.  2010           7.779745    5.145106               3.091669           1.972278
  Egypt, Arab Rep.  2011          -1.539700    1.779594              -0.341310           2.105843
  Egypt, Arab Rep.  2012           4.721519    2.215609              -0.014280           2.205705
  Egypt, Arab Rep.  2013          -8.420270    2.185466              -0.083560           2.245526
  Egypt, Arab Rep.  2014           1.708706    2.915912               0.668288           2.208143
  Egypt, Arab Rep.  2015           8.600000    4.372019               2.184364           2.118295
  Egypt, Arab Rep.  2016          11.233890    4.346643               2.263271           2.016789
           Finland  1971           0.382447    2.356920               2.227824           0.126204
           Finland  1972          -1.504450    7.735486               7.096154           0.595195
           Finland  1973           9.985090    6.983828               6.377979           0.567909
           Finland  1974          15.759790    3.236534               2.697458           0.523543
           Finland  1975          -0.257950    1.804898               1.354025           0.443863
           Finland  1976         -15.965200    0.344383               0.042352           0.301449
           Finland  1977          -4.713460    0.239510              -0.040510           0.279738
           Finland  1978          -9.394150    2.919708               2.624626           0.287122
           Finland  1979          21.559060    7.121926               6.848495           0.255579
           Finland  1980          13.519560    5.389047               5.061714           0.311078
           Finland  1981          -6.093670    1.294774               0.863656           0.426516
           Finland  1982           4.660235    3.087354               2.511385           0.560286
           Finland  1983           1.735401    3.121057               2.508293           0.595991
           Finland  1984           0.480618    3.214128               2.664082           0.534343
           Finland  1985           2.211244    3.536693               3.105773           0.417069
           Finland  1986           1.204450    2.726138               2.393030           0.324795
           Finland  1987           6.306853    3.559096               3.265791           0.283627
           Finland  1988          13.790640    5.209859               4.904469           0.290689
           Finland  1989          14.362700    5.087702               4.708999           0.361019
           Finland  1990          -6.254790    0.675783               0.230393           0.443382
           Finland  1991         -23.374300   -5.914430              -6.426890           0.546172
           Finland  1992         -11.617500   -3.324630              -3.866330           0.561910
           Finland  1993         -10.827300   -0.734490              -1.213630           0.483854
           Finland  1994          11.769260    3.939261               3.492196           0.431049
           Finland  1995          12.348460    4.207131               3.810177           0.381655
           Finland  1996           3.013720    3.658833               3.319350           0.328038
           Finland  1997          14.317250    6.251808               5.936308           0.297377
           Finland  1998          12.949570    5.428513               5.149000           0.265473
           Finland  1999           0.541809    4.444134               4.201984           0.232116
           Finland  2000          10.795080    5.634847               5.415770           0.207607
           Finland  2001          -0.182070    2.580792               2.347494           0.227687
           Finland  2002          -2.037680    1.680325               1.434170           0.242381
           Finland  2003           2.622689    1.993984               1.751062           0.238457
           Finland  2004           5.551956    3.926057               3.624745           0.290350
           Finland  2005           8.047050    2.779955               2.428793           0.342249
           Finland  2006          -0.252270    4.055197               3.656623           0.383777
           Finland  2007          10.077700    5.184801               4.738264           0.425430
           Finland  2008          -1.794590    0.720668               0.252854           0.465549
           Finland  2009         -20.539600   -8.269040              -8.706690           0.478246
           Finland  2010           7.371353    2.992338               2.522229           0.457495
           Finland  2011          11.178640    2.570818               2.096442           0.463559
           Finland  2012          -6.377210   -1.426190              -1.894100           0.475809
           Finland  2013          -4.858310   -0.758040              -1.214220           0.460724
           Finland  2014          -1.776140   -0.631730              -1.041830           0.413560
           Finland  2015           1.506032    0.135082              -0.194200           0.329384
           Finland  2016           6.285028    2.135382               1.842244           0.287421
             Gabon  1971          14.363140   10.258730               8.130812           1.948798
             Gabon  1972          19.549760   11.336970               9.268298           1.875507
             Gabon  1973          15.262640   10.182430               8.154200           1.857950
             Gabon  1974         180.997400   39.487100              36.841710           1.914724
             Gabon  1975          23.684210   19.190110              16.801600           2.024304
             Gabon  1976          43.072280   35.625340              32.753740           2.140036
             Gabon  1977         -21.891500  -12.582100             -14.514400           2.235253
             Gabon  1978         -61.965900  -24.049200             -25.793800           2.323793
             Gabon  1979          23.515720    0.474405              -1.898040           2.389564
             Gabon  1980           2.616538    2.552937               0.073919           2.447002
             Gabon  1981          46.176530    5.095329               2.504732           2.495887
             Gabon  1982          -6.787720   -3.097520              -5.532290           2.544705
             Gabon  1983          -4.576380    5.608241               2.903265           2.594703
             Gabon  1984           5.217110    7.508902               4.705709           2.642001
             Gabon  1985           9.608870   -2.332950              -4.921680           2.686333
             Gabon  1986         -16.367000   -0.803600              -3.471470           2.726309
             Gabon  1987         -53.099300  -17.146000             -19.398300           2.755957
             Gabon  1988          94.663320   12.845350               9.766528           2.766269
             Gabon  1989         -35.363400    8.545310               5.597577           2.753226
             Gabon  1990           0.000000    5.192237               2.365273           2.724198
             Gabon  1991          18.248220    6.112503               3.290967           2.694996
             Gabon  1992         -12.590100   -3.090150              -5.641770           2.668272
             Gabon  1993           1.565150    3.946555               1.243048           2.635283
             Gabon  1994          -0.125280    3.712755               1.052102           2.598886
             Gabon  1995           4.807134    4.973848               2.318518           2.562057
             Gabon  1996          16.907190    3.625049               1.033758           2.532439
             Gabon  1997          29.499840    5.738367               3.116022           2.511303
             Gabon  1998          14.296850    3.477834               0.924514           2.498457
             Gabon  1999         -38.760800   -8.932620             -11.173600           2.491616
             Gabon  2000          -8.270340   -1.882970              -4.301700           2.496043
             Gabon  2001          10.730220    2.135233              -0.384210           2.497702
             Gabon  2002          22.872610   -0.249030              -2.726610           2.515125
             Gabon  2003         -17.373100    2.247330              -0.349910           2.572976
             Gabon  2004           0.684573    0.689543              -1.971910           2.678786
             Gabon  2005           3.294377    2.676212              -0.171900           2.813076
             Gabon  2006           8.345962   -2.806600              -5.612930           2.929875
             Gabon  2007          12.113610    6.008116               2.851135           3.023301
             Gabon  2008           7.195379   -3.308420              -6.280010           3.121481
             Gabon  2009          -8.416940    0.130332              -3.046510           3.224124
             Gabon  2010          29.342920    7.088692               3.598570           3.313386
             Gabon  2011          16.505880    7.092010               3.502023           3.409722
             Gabon  2012          21.878690    5.252366               1.674731           3.458215
             Gabon  2013           1.946521    5.638929               2.124706           3.383228
             Gabon  2014          13.486860    4.313995               1.063861           3.165293
             Gabon  2015          -9.265560    3.879258               0.948191           2.862182
             Gabon  2016           4.205185    2.082380              -0.475680           2.537809
            Greece  1971          11.264370    7.841177               7.374327           0.433845
            Greece  1972          17.304000   10.160150               9.446392           0.650037
            Greece  1973          14.938260    8.092379               7.602608           0.454133
            Greece  1974         -23.716300   -6.438240              -6.782090           0.368183
            Greece  1975          -1.030670    6.366809               5.373057           0.938660
            Greece  1976           8.564191    6.851898               5.205082           1.553214
            Greece  1977          -7.936290    2.941002               1.610302           1.301109
            Greece  1978           4.681929    7.246863               5.865272           1.296604
            Greece  1979          -7.089110    3.282080               2.002458           1.246698
            Greece  1980           0.863538    0.677131              -0.306900           0.982220
            Greece  1981          -9.931620   -1.553720              -2.432460           0.896616
            Greece  1982          -3.438730   -1.132650              -1.740250           0.616462
            Greece  1983          -8.582900   -1.078620              -1.652400           0.581725
            Greece  1984          -2.073970    2.010580               1.503672           0.498157
            Greece  1985          10.320210    2.509557               2.112295           0.388289
            Greece  1986           7.710866    0.517660               0.185738           0.330759
            Greece  1987         -20.656300   -2.258860              -2.585120           0.334358
            Greece  1988          16.467100    4.287862               3.909777           0.363198
            Greece  1989           2.057164    3.800000               3.259730           0.521851
            Greece  1990           1.807056    0.000000              -1.052230           1.057808
            Greece  1991           9.805744    3.100000               1.869834           1.200353
            Greece  1992          -8.243710    0.700000              -0.066300           0.763883
            Greece  1993          -4.388420   -1.600000              -2.177150           0.588262
            Greece  1994          -0.643500    2.000000               1.490559           0.500703
            Greece  1995           5.461781    2.099720               1.623825           0.467197
            Greece  1996           7.879395    2.862129               2.409843           0.440671
            Greece  1997           2.857322    4.484199               3.970082           0.493267
            Greece  1998          17.133950    3.894905               3.320699           0.554212
            Greece  1999          -0.463590    3.072597               2.678100           0.383471
            Greece  2000          12.363720    3.919771               3.495564           0.409042
            Greece  2001           4.465315    4.131612               3.591653           0.519884
            Greece  2002           2.233439    3.922872               3.542623           0.366566
            Greece  2003          18.604380    5.794531               5.542361           0.238643
            Greece  2004          -0.653670    5.060993               4.801379           0.247414
            Greece  2005         -10.638400    0.599142               0.304568           0.293249
            Greece  2006          23.881070    5.652434               5.335602           0.300332
            Greece  2007           8.531008    3.273747               3.010984           0.254758
            Greece  2008          -9.214320   -0.335170              -0.599390           0.265458
            Greece  2009         -26.883000   -4.300730              -4.552120           0.263026
            Greece  2010         -10.770900   -5.479040              -5.600780           0.128880
            Greece  2011         -21.824500   -9.132490              -8.997960          -0.147950
            Greece  2012         -24.007600   -7.300490              -6.797860          -0.540750
            Greece  2013          -9.915880   -3.241430              -2.537260          -0.725120
            Greece  2014           6.650006    0.739777               1.413058          -0.666110
            Greece  2015          -9.035500   -0.290900               0.368211          -0.658860
            Greece  2016           7.419979   -0.244310               0.171446          -0.415910
         Guatemala  1971          11.916000    5.583755               2.685228           2.783625
         Guatemala  1972          -8.115040    7.333052               4.423052           2.748618
         Guatemala  1973          14.600180    6.782834               3.932222           2.705822
         Guatemala  1974          15.461830    6.375030               3.589075           2.653899
         Guatemala  1975          -4.553360    1.949991              -0.664960           2.598404
         Guatemala  1976          38.222390    7.387266               4.694356           2.539640
         Guatemala  1977          10.251260    7.809221               5.159181           2.488798
         Guatemala  1978           8.811694    4.996690               2.446844           2.458476
         Guatemala  1979          -9.233300    4.713456               2.175408           2.453661
         Guatemala  1980         -11.996400    3.759978               1.233967           2.464598
         Guatemala  1981          11.251820    0.646859              -1.820340           2.481885
         Guatemala  1982         -14.868900   -3.530090              -5.903530           2.491064
         Guatemala  1983         -23.014600   -2.572090              -4.963920           2.485606
         Guatemala  1984          -1.537790    0.496698              -1.945150           2.459790
         Guatemala  1985         -13.125500   -0.609340              -2.987500           2.421828
         Guatemala  1986           2.117306    0.143050              -2.213120           2.380927
         Guatemala  1987          24.174870    3.543983               1.140844           2.348244
         Guatemala  1988           5.599023    3.892387               1.501831           2.327879
         Guatemala  1989           3.491202    3.942590               1.555019           2.323801
         Guatemala  1990          -6.082080    3.102563               0.728085           2.329960
         Guatemala  1991          14.414020    3.658249               1.259442           2.341346
         Guatemala  1992          25.355190    4.838339               2.405703           2.347713
         Guatemala  1993           2.365192    3.927132               1.520515           2.342910
         Guatemala  1994          -0.537200    4.033741               1.644625           2.323262
         Guatemala  1995           3.629628    4.948548               2.567029           2.295368
         Guatemala  1996          -8.282090    2.957780               0.654432           2.262582
         Guatemala  1997          21.389630    4.364090               2.054353           2.238011
         Guatemala  1998          25.850260    4.993528               2.674900           2.233102
         Guatemala  1999           2.048335    3.847062               1.533394           2.253151
         Guatemala  2000          -2.783610    3.608869               1.265234           2.287977
         Guatemala  2001           4.096309    2.332574              -0.020470           2.326255
         Guatemala  2002           8.584237    3.866627               1.451334           2.352843
         Guatemala  2003          -0.853180    2.530790               0.138797           2.360595
         Guatemala  2004           3.672761    3.152082               0.762514           2.343802
         Guatemala  2005          -1.334310    3.260111               0.901731           2.310407
         Guatemala  2006          11.029680    5.379777               3.012293           2.272242
         Guatemala  2007           7.800805    6.304057               3.950844           2.238531
         Guatemala  2008         -19.535400    3.281152               1.024157           2.209523
         Guatemala  2009         -17.911600    0.525675              -1.649980           2.188038
         Guatemala  2010           7.342185    2.869903               0.660626           2.171040
         Guatemala  2011          16.220420    4.161946               1.942669           2.153627
         Guatemala  2012           1.981965    2.970025               0.797913           2.132028
         Guatemala  2013          -0.999840    3.697177               1.535245           2.106892
         Guatemala  2014           5.210838    4.174401               2.032859           2.077152
         Guatemala  2015           9.070369    4.140044               2.032757           2.044266
         Guatemala  2016           3.154429    3.092488               1.040644           2.010368
          Honduras  1971         -18.784500    3.995004               0.967241           2.954673
          Honduras  1972          -2.040820    5.762305               2.680273           2.957416
          Honduras  1973          26.851850    7.869853               4.713281           2.969947
          Honduras  1974          33.576640   -1.227640              -4.141810           2.994792
          Honduras  1975         -21.721300    2.130682              -0.914100           3.026606
          Honduras  1976           7.155323   10.500690               7.173360           3.057409
          Honduras  1977          34.690550   10.383890               7.036423           3.079502
          Honduras  1978          23.941960   10.005700               6.656991           3.091421
          Honduras  1979           3.414634    4.664421               1.478679           3.091052
          Honduras  1980          -9.622640    0.668481              -2.386400           3.081590
          Honduras  1981         -15.762000    2.533202              -0.566150           3.069403
          Honduras  1982         -34.448600   -1.391220              -4.359550           3.056447
          Honduras  1983           5.293006   -0.924350              -3.890520           3.039567
          Honduras  1984          25.134650    4.345691               1.243162           3.018417
          Honduras  1985           6.169297    4.188234               1.114512           2.994554
          Honduras  1986         -19.459500    0.722677              -2.222820           2.967974
          Honduras  1987          30.369130    6.031390               2.958028           2.941377
          Honduras  1988          27.927930    4.609853               1.599822           2.919595
          Honduras  1989          -3.722330    4.325853               1.340147           2.903655
          Honduras  1990           3.239289    0.096880              -2.755160           2.890656
          Honduras  1991          17.914980    3.252034               0.324041           2.876757
          Honduras  1992          12.446350    5.624296               2.647783           2.858487
          Honduras  1993          29.236640    6.230032               3.259478           2.836183
          Honduras  1994           7.324276   -1.303260              -4.037380           2.809316
          Honduras  1995           2.916896    4.062976               1.211687           2.778202
          Honduras  1996          -5.668450    3.595250               0.791715           2.743532
          Honduras  1997           7.879819    4.993719               2.189309           2.707346
          Honduras  1998           1.944298    2.901585               0.190393           2.670075
          Honduras  1999           8.092783   -1.889530              -4.438980           2.632900
          Honduras  2000          -2.813540    5.748148               3.040341           2.593973
          Honduras  2001          -3.901120    2.723193               0.132837           2.554026
          Honduras  2002          -4.564080    3.754338               1.182898           2.509622
          Honduras  2003           4.866916    4.547038               2.010378           2.456255
          Honduras  2004          21.933890    6.232303               3.720591           2.392758
          Honduras  2005          -1.151720    6.050599               3.615921           2.322533
          Honduras  2006           7.216442    6.567244               4.193583           2.252564
          Honduras  2007          24.659580    6.188327               3.893643           2.184648
          Honduras  2008           8.903607    4.231600               2.051208           2.114063
          Honduras  2009         -44.242200   -2.431630              -4.403180           2.041387
          Honduras  2010          12.007880    3.731140               1.708904           1.968751
          Honduras  2011          24.124730    3.835691               1.885918           1.895602
          Honduras  2012          -2.703540    4.128688               2.242810           1.827704
          Honduras  2013         -11.443300    2.791560               0.985254           1.772874
          Honduras  2014           9.377573    3.058081               1.286505           1.733953
          Honduras  2015          22.428010    3.840080               2.083155           1.706430
          Honduras  2016          -3.987070    3.752149               2.021160           1.682463
Iran, Islamic Rep.  1971           1.257178   14.420190              11.422040           2.655245
Iran, Islamic Rep.  1972          33.928180   14.415350              11.398330           2.672293
Iran, Islamic Rep.  1973           4.256373    8.563301               5.647698           2.722347
Iran, Islamic Rep.  1974          50.753990    6.496854               3.544309           2.811582
Iran, Islamic Rep.  1975          35.189230   -2.419330              -5.236850           2.929880
Iran, Islamic Rep.  1976          29.767460   17.233630              13.733710           3.030891
Iran, Islamic Rep.  1977           1.857700   -4.064890              -7.021850           3.130755
Iran, Islamic Rep.  1978         -18.853700  -14.052200             -16.828300           3.283351
Iran, Islamic Rep.  1979         -33.471300  -10.514000             -13.588700           3.496434
Iran, Islamic Rep.  1980          15.193310  -27.526500             -30.179600           3.729475
Iran, Islamic Rep.  1981         -13.412500   -5.176040              -8.829190           3.928736
Iran, Islamic Rep.  1982          -6.863420   27.210410              22.151250           4.058251
Iran, Islamic Rep.  1983          30.312230    8.562525               4.180334           4.120289
Iran, Islamic Rep.  1984         -23.381700   -8.785190             -12.455100           4.106547
Iran, Islamic Rep.  1985          -9.749040    2.152213              -1.878390           4.025638
Iran, Islamic Rep.  1986          -3.823310  -10.206200             -13.695700           3.963560
Iran, Islamic Rep.  1987          -0.896970    0.648517              -3.166560           3.864207
Iran, Islamic Rep.  1988         -35.072400   -5.396210              -8.743860           3.602730
Iran, Islamic Rep.  1989          20.254020    6.020874               2.727636           3.155483
Iran, Islamic Rep.  1990          24.060960   13.833780              10.900040           2.611009
Iran, Islamic Rep.  1991          30.381400   12.383380              10.132020           2.023627
Iran, Islamic Rep.  1992          -7.412960    2.834728               1.272362           1.530957
Iran, Islamic Rep.  1993         -27.326500    1.039998              -0.211170           1.246017
Iran, Islamic Rep.  1994         -30.649500   -1.511590              -2.721820           1.236420
Iran, Islamic Rep.  1995          28.786080    2.282661               0.846550           1.414011
Iran, Islamic Rep.  1996          28.378250    5.173283               3.452741           1.649441
Iran, Islamic Rep.  1997          -2.835350    0.482047              -1.324510           1.814250
Iran, Islamic Rep.  1998           1.321542    2.177823               0.274883           1.879941
Iran, Islamic Rep.  1999           3.725662    0.855459              -0.945840           1.802159
Iran, Islamic Rep.  2000           4.361778    5.858067               4.146595           1.629973
Iran, Islamic Rep.  2001          14.769260    0.778639              -0.670130           1.448006
Iran, Islamic Rep.  2002          18.336110    7.265551               5.866156           1.313193
Iran, Islamic Rep.  2003          18.018730    8.734584               7.424033           1.212598
Iran, Islamic Rep.  2004           5.472553    4.374509               3.168520           1.162172
Iran, Islamic Rep.  2005          -3.418830    3.189804               2.010653           1.149280
Iran, Islamic Rep.  2006           4.997314    4.999795               3.811538           1.138128
Iran, Islamic Rep.  2007          12.996360    8.155774               6.949722           1.121370
Iran, Islamic Rep.  2008           9.673383    0.250857              -0.869980           1.124332
Iran, Islamic Rep.  2009           3.153207    1.007385              -0.146820           1.149272
Iran, Islamic Rep.  2010           9.705330    5.797938               4.549453           1.187084
Iran, Islamic Rep.  2011          -4.326680    2.645718               1.389261           1.231625
Iran, Islamic Rep.  2012          -9.609470   -7.444560              -8.609150           1.266253
Iran, Islamic Rep.  2013          -5.582960   -0.194070              -1.459520           1.276015
Iran, Islamic Rep.  2014           5.039055    4.603419               3.301787           1.252156
Iran, Islamic Rep.  2015         -13.975200   -1.320650              -2.501150           1.203520
Iran, Islamic Rep.  2016           5.877228   13.396230              12.101000           1.148789
           Ireland  1971           2.506486    3.469888               2.266448           1.169899
           Ireland  1972          15.063070    6.489809               4.918857           1.486202
           Ireland  1973          15.734200    4.721428               3.055224           1.603876
           Ireland  1974          -0.573230    4.260229               2.547205           1.656675
           Ireland  1975         -21.939300    5.656646               3.932444           1.645354
           Ireland  1976          17.228170    1.394808              -0.123900           1.509146
           Ireland  1977          16.866010    8.211300               6.755713           1.354263
           Ireland  1978          10.280510    7.186729               5.676694           1.418807
           Ireland  1979          16.377800    3.073036               1.708913           1.332289
           Ireland  1980         -15.247800    3.079329               1.899873           1.150818
           Ireland  1981           9.207528    3.325216               2.122299           1.171035
           Ireland  1982           5.065042    2.283468               1.321021           0.945415
           Ireland  1983         -10.725100   -0.244300              -0.949010           0.708939
           Ireland  1984           0.331195    4.354373               3.709681           0.619707
           Ireland  1985          -8.456260    3.085615               2.920734           0.160073
           Ireland  1986          -2.842490   -0.428330              -0.473560           0.045438
           Ireland  1987          -7.025600    4.663091               4.652241           0.010368
           Ireland  1988           1.152599    5.217414               5.668378          -0.427690
           Ireland  1989          18.304070    5.813919               6.234040          -0.396250
           Ireland  1990          23.772230    8.466528               8.375007           0.084413
           Ireland  1991          -6.664410    1.929640               1.345299           0.574928
           Ireland  1992         -12.648500    3.343274               2.640608           0.682257
           Ireland  1993          -4.149750    2.692609               2.180591           0.499840
           Ireland  1994          12.044480    5.755827               5.339771           0.394188
           Ireland  1995          24.092480    9.634422               9.073770           0.512695
           Ireland  1996          16.059070    7.809275               6.959577           0.791271
           Ireland  1997          18.462280   10.289950               9.189474           1.002815
           Ireland  1998          15.483490    8.500200               7.374341           1.043077
           Ireland  1999           9.167520   10.617850               9.377860           1.127300
           Ireland  2000           6.710275    9.559889               8.109100           1.333043
           Ireland  2001           3.739551    5.803637               4.132423           1.592151
           Ireland  2002           6.072672    6.309274               4.532815           1.685149
           Ireland  2003           9.484202    3.119509               1.453350           1.628951
           Ireland  2004           7.351377    6.681228               4.748482           1.828314
           Ireland  2005          17.730080    6.006383               3.721797           2.178703
           Ireland  2006           8.711664    5.521667               2.714804           2.696006
           Ireland  2007          -1.101640    5.208716               2.210719           2.890960
           Ireland  2008         -13.588600   -3.935930              -5.874570           2.038708
           Ireland  2009         -19.465300   -4.626770              -5.590540           1.015663
           Ireland  2010         -13.143000    1.801679               1.248486           0.544884
           Ireland  2011           4.477258    2.984908               2.536797           0.436072
           Ireland  2012          16.797570    0.037155              -0.385850           0.423744
           Ireland  2013          -5.724190    1.638845               1.105066           0.526556
           Ireland  2014          26.883690    8.328379               7.539385           0.731001
           Ireland  2015          23.970390   25.557270              24.376530           0.944845
           Ireland  2016          59.164730    5.141460               3.961261           1.128834
             Kenya  1971           1.407563   22.173890              17.929150           3.536134
             Kenya  1972          -8.165170   17.082430              12.957780           3.586411
             Kenya  1973          20.939010    5.896580               2.121580           3.629889
             Kenya  1974          -5.383920    4.065617               0.320620           3.665038
             Kenya  1975         -31.501800    0.882203              -2.775850           3.693441
             Kenya  1976          11.933710    2.153964              -1.568780           3.712312
             Kenya  1977          35.839230    9.453798               5.448893           3.727612
             Kenya  1978          23.861780    6.912494               2.980617           3.746989
             Kenya  1979         -24.493700    7.615226               3.631178           3.772391
             Kenya  1980          13.653100    5.591976               1.657908           3.796905
             Kenya  1981          -4.723190    3.773544              -0.111050           3.815201
             Kenya  1982         -22.720800    1.506478              -2.295820           3.817828
             Kenya  1983          -9.947440    1.309050              -2.467800           3.799318
             Kenya  1984           0.717020    1.755217              -1.997030           3.757234
             Kenya  1985          28.027790    4.300562               0.513668           3.698303
             Kenya  1986         -18.359500    7.177555               3.351926           3.634693
             Kenya  1987          22.241420    5.937107               2.221705           3.570156
             Kenya  1988           1.764421    6.203184               2.551026           3.499360
             Kenya  1989          10.133180    4.690349               1.167617           3.422822
             Kenya  1990          -6.994900    4.192051               0.766169           3.343316
             Kenya  1991          -7.845060    1.438347              -1.821710           3.266607
             Kenya  1992         -18.223700   -0.799490              -3.916320           3.192368
             Kenya  1993          14.969080    0.353197              -2.725740           3.116148
             Kenya  1994           9.087387    2.632785              -0.438150           3.037834
             Kenya  1995           8.404142    4.406217               1.359642           2.961422
             Kenya  1996           9.983114    4.146839               1.182104           2.887991
             Kenya  1997           8.547343    0.474902              -2.323350           2.824545
             Kenya  1998          20.783250    3.290214               0.460074           2.778226
             Kenya  1999          -8.134280    2.305389              -0.471510           2.751843
             Kenya  2000          11.114140    0.599695              -2.119450           2.740136
             Kenya  2001          12.121440    3.779906               0.983247           2.731775
             Kenya  2002         -20.374200    0.546860              -2.155040           2.723966
             Kenya  2003          10.005570    2.932476               0.167443           2.722998
             Kenya  2004           7.627532    5.104300               2.275306           2.728493
             Kenya  2005          13.240490    5.906666               3.047030           2.737271
             Kenya  2006          31.473950    6.472494               3.588091           2.746431
             Kenya  2007           8.158528    6.850730               3.950219           2.752069
             Kenya  2008          14.136220    0.232283              -2.488070           2.751559
             Kenya  2009          11.092920    3.306940               0.511533           2.743208
             Kenya  2010          11.371940    8.405699               5.487937           2.728406
             Kenya  2011           6.566664    6.108264               3.269458           2.711826
             Kenya  2012           9.400074    4.563209               1.784727           2.693169
             Kenya  2013          -0.311660    5.878689               3.091071           2.668122
             Kenya  2014          10.851020    5.357117               2.616068           2.636116
             Kenya  2015           5.007423    5.718507               3.005935           2.599337
             Kenya  2016          -9.814060    5.869193               3.192384           2.560925
           Lesotho  1971           0.000000    5.113718               2.980148           2.050656
           Lesotho  1972          40.000000   -0.202710              -2.232050           2.054425
           Lesotho  1973          71.427480   26.404880              23.772100           2.104809
           Lesotho  1974           8.333386   10.980090               8.548877           2.215026
           Lesotho  1975          53.846470  -13.513500             -15.526400           2.354922
           Lesotho  1976         119.999700   11.049130               8.311031           2.496570
           Lesotho  1977          -9.090960   21.809030              18.682720           2.600081
           Lesotho  1978          45.000070   18.316870              15.219140           2.653049
           Lesotho  1979          37.931100    2.893919               0.209186           2.643868
           Lesotho  1980          55.625890   -2.744780              -5.228280           2.586757
           Lesotho  1981          15.061680    0.694638              -1.821210           2.530235
           Lesotho  1982           5.988250    4.457204               1.904750           2.473890
           Lesotho  1983         -14.010400    1.986165              -0.406730           2.374254
           Lesotho  1984          26.874150    5.534898               3.209886           2.227704
           Lesotho  1985          39.225210    2.610249               0.520675           2.057440
           Lesotho  1986          11.507490    4.684856               2.753660           1.861999
           Lesotho  1987          15.952590    0.729728              -0.960630           1.692357
           Lesotho  1988          47.205670    8.601919               6.864442           1.612794
           Lesotho  1989          39.541970    5.795244               4.066026           1.648000
           Lesotho  1990          28.027550    6.045473               4.199788           1.755790
           Lesotho  1991          51.839140    6.966607               4.965446           1.888549
           Lesotho  1992          23.100540    6.956365               4.864612           1.975084
           Lesotho  1993           2.965565    3.509766               1.486216           1.974298
           Lesotho  1994          15.504770    5.979874               4.028530           1.858401
           Lesotho  1995          29.381580    3.290939               1.584317           1.666049
           Lesotho  1996          16.376730    5.597035               4.065964           1.460532
           Lesotho  1997          -8.080830    3.703604               2.375842           1.288610
           Lesotho  1998         -10.253000    1.537656               0.381890           1.144791
           Lesotho  1999          26.588410    0.476025              -0.568030           1.044546
           Lesotho  2000         -19.273100    3.875547               2.865418           0.977200
           Lesotho  2001           2.596195    3.561582               2.614021           0.919186
           Lesotho  2002          -1.594380    0.723836              -0.142240           0.863566
           Lesotho  2003           2.778435    4.559777               3.699301           0.826356
           Lesotho  2004          -7.592170    1.692374               0.870359           0.811620
           Lesotho  2005          -9.861110    3.466123               2.626789           0.814524
           Lesotho  2006           4.497487    4.230095               3.375378           0.823410
           Lesotho  2007          36.345900    4.832963               3.953753           0.842214
           Lesotho  2008          26.613740    6.739534               5.797898           0.886095
           Lesotho  2009           7.163671    2.154308               1.178959           0.959367
           Lesotho  2010          11.100160    6.072039               4.962638           1.051402
           Lesotho  2011          -7.734320    6.901334               5.678334           1.150640
           Lesotho  2012          42.049050    5.998072               4.691461           1.240334
           Lesotho  2013          -5.504100    1.843045               0.523544           1.304089
           Lesotho  2014          13.276120    3.121722               1.755727           1.333495
           Lesotho  2015           1.455078    2.516588               1.156077           1.335998
           Lesotho  2016           0.513876    2.397154               1.041537           1.332724
        Luxembourg  1971           9.516429    2.667236               1.692796           0.953657
        Luxembourg  1972           2.953279    6.598193               5.312925           1.213040
        Luxembourg  1973           7.533466    8.312677               7.122767           1.104667
        Luxembourg  1974         -11.647500    4.212468               2.862299           1.304058
        Luxembourg  1975         -10.032600   -6.571370              -7.586480           1.092448
        Luxembourg  1976           1.601311    2.534332               2.028100           0.494943
        Luxembourg  1977         -18.269500    1.569776               1.393540           0.173663
        Luxembourg  1978          28.952870    4.074972               3.888388           0.179439
        Luxembourg  1979         -12.644100    2.345609               2.106144           0.234251
        Luxembourg  1980          18.064550    0.840882               0.482546           0.355981
        Luxembourg  1981          -0.307290   -0.550950              -0.843670           0.294773
        Luxembourg  1982           2.637111    1.131297               1.048294           0.082107
        Luxembourg  1983          -4.909570    2.989077               2.961754           0.026534
        Luxembourg  1984           5.619237    6.186939               6.077850           0.102786
        Luxembourg  1985          -7.065310    2.791706               2.593246           0.193257
        Luxembourg  1986          29.497790    9.983935               9.491574           0.448671
        Luxembourg  1987          16.155740    3.950978               3.279467           0.648083
        Luxembourg  1988          14.925140    8.463283               7.679106           0.725615
        Luxembourg  1989           7.822693    9.798062               8.735312           0.972628
        Luxembourg  1990           5.248835    5.319932               4.009811           1.251746
        Luxembourg  1991          14.867690    8.644190               7.198408           1.339683
        Luxembourg  1992         -12.664700    1.819653               0.476077           1.328348
        Luxembourg  1993           9.574904    4.200648               2.811219           1.342387
        Luxembourg  1994           0.247735    3.820921               2.416630           1.361840
        Luxembourg  1995          12.129720    1.432200               0.017300           1.404742
        Luxembourg  1996          -2.376060    1.388428               0.017736           1.361144
        Luxembourg  1997          10.381810    5.709717               4.392913           1.253502
        Luxembourg  1998          15.257490    6.044651               4.733763           1.243871
        Luxembourg  1999          13.537600    8.481003               7.025685           1.350621
        Luxembourg  2000           2.828406    8.239799               6.794700           1.344083
        Luxembourg  2001          -2.426400    2.531975               1.318613           1.190456
        Luxembourg  2002          -5.456130    3.819470               2.737472           1.047661
        Luxembourg  2003           7.877568    1.629287               0.401761           1.215201
        Luxembourg  2004           5.499520    3.612177               2.149919           1.421333
        Luxembourg  2005           8.090424    3.172443               1.605863           1.530055
        Luxembourg  2006          -2.473540    5.178486               3.514143           1.595052
        Luxembourg  2007          13.212120    8.354553               6.693995           1.544387
        Luxembourg  2008           9.788703   -1.279590              -3.028530           1.787497
        Luxembourg  2009         -23.853400   -4.358610              -6.113370           1.851775
        Luxembourg  2010          20.058020    4.864969               2.968123           1.825406
        Luxembourg  2011          13.500390    2.539235               0.285277           2.222661
        Luxembourg  2012           0.909756   -0.352520              -2.717090           2.401542
        Luxembourg  2013           2.390458    3.654370               1.286207           2.311176
        Luxembourg  2014           5.962117    5.771916               3.308045           2.356979
        Luxembourg  2015          -2.765850    2.861675               0.462609           2.359951
        Luxembourg  2016          -0.026820    3.082643               0.884663           2.155312
        Madagascar  1971          17.994960    3.929365               1.137374           2.723175
        Madagascar  1972         -22.875700   -1.272620              -3.955480           2.755042
        Madagascar  1973           4.237422   -2.618480              -5.290810           2.782543
        Madagascar  1974           6.232601    2.006879              -0.814200           2.804536
        Madagascar  1975          -4.081570    1.258692              -1.558830           2.821939
        Madagascar  1976         -16.223200   -3.068860              -5.780020           2.836856
        Madagascar  1977          -6.031560    2.364000              -0.512000           2.849806
        Madagascar  1978           0.675156   -2.661810              -5.406290           2.860049
        Madagascar  1979          73.490080    9.854650               6.748847           2.867928
        Madagascar  1980          -4.835370    0.805771              -2.049370           2.873208
        Madagascar  1981         -30.284900   -9.698790             -12.263400           2.881175
        Madagascar  1982         -18.075400   -1.810190              -4.604470           2.887069
        Madagascar  1983          -1.067510    0.902106              -1.965960           2.883603
        Madagascar  1984           5.027066    1.704679              -1.171400           2.868631
        Madagascar  1985           1.300479    1.155877              -1.684980           2.848588
        Madagascar  1986           5.337838    1.959106              -0.883590           2.827681
        Madagascar  1987          16.628850    1.178086              -1.631120           2.815765
        Madagascar  1988          33.865440    3.403417               0.527250           2.820918
        Madagascar  1989           4.765818    4.078893               1.157844           2.846709
        Madagascar  1990          28.004660    3.130029               0.196034           2.886200
        Madagascar  1991         -56.619200   -6.309530              -9.009650           2.924293
        Madagascar  1992          45.351930    1.186152              -1.762870           2.957770
        Madagascar  1993           8.704701    2.096560              -0.916880           2.995997
        Madagascar  1994         -14.318100   -0.071610              -3.062480           3.038715
        Madagascar  1995           1.642087    1.712213              -1.373840           3.081081
        Madagascar  1996          12.424900    2.148915              -0.990550           3.121640
        Madagascar  1997           5.727072    3.693493               0.476230           3.151818
        Madagascar  1998          18.306920    3.932336               0.697349           3.162061
        Madagascar  1999           1.381664    4.659116               1.414876           3.148877
        Madagascar  2000          14.416530    4.760065               1.542310           3.119709
        Madagascar  2001          22.884010    6.017824               2.796228           3.085858
        Madagascar  2002         -37.500000  -12.673800             -15.300000           3.053494
        Madagascar  2003          33.828570    9.784892               6.518985           3.019969
        Madagascar  2004          54.934730    5.257004               2.159800           2.986676
        Madagascar  2005          -9.197220    4.602900               1.558224           2.953901
        Madagascar  2006          19.336590    5.022607               1.999111           2.921153
        Madagascar  2007          20.803580    6.240578               3.216004           2.888221
        Madagascar  2008          52.840690    7.128514               4.112603           2.855614
        Madagascar  2009         -18.882400   -4.013860              -6.686150           2.823526
        Madagascar  2010         -12.272000    0.263111              -2.498150           2.792647
        Madagascar  2011           1.254847    1.454392              -1.309240           2.761807
        Madagascar  2012           5.818483    3.027508               0.249147           2.733746
        Madagascar  2013          -2.728790    2.255204              -0.481740           2.713051
        Madagascar  2014           1.193647    3.315854               0.562544           2.701097
        Madagascar  2015           3.027426    3.116615               0.375158           2.694578
        Madagascar  2016          12.324040    4.179990               1.416051           2.688871
          Malaysia  1971           1.176224   10.034660               7.464810           2.363197
          Malaysia  1972           8.200125    9.388445               6.858454           2.340017
          Malaysia  1973          27.244820   11.701080               9.114469           2.342888
          Malaysia  1974          32.222560    8.318662               5.777179           2.374266
          Malaysia  1975         -21.952300    0.801068              -1.611850           2.422860
          Malaysia  1976          11.586790   11.563490               8.820914           2.489031
          Malaysia  1977          22.364810    7.753058               5.043315           2.546932
          Malaysia  1978           8.121991    6.653892               3.951409           2.566537
          Malaysia  1979          13.370940    9.349100               6.610279           2.536558
          Malaysia  1980          18.830210    7.441827               4.810515           2.479546
          Malaysia  1981          17.190710    6.942104               4.401955           2.403921
          Malaysia  1982          14.374370    5.943152               3.477406           2.354936
          Malaysia  1983           7.634970    6.252231               3.757121           2.376301
          Malaysia  1984           5.474078    7.761790               5.115858           2.485999
          Malaysia  1985         -19.731600   -1.025250              -3.609660           2.645880
          Malaysia  1986         -13.448800    1.240595              -1.574230           2.819711
          Malaysia  1987          -2.599020    5.191932               2.136064           2.948072
          Malaysia  1988          25.945720    9.937720               6.693484           2.995393
          Malaysia  1989          22.976410    9.059601               5.897869           2.941940
          Malaysia  1990          21.391600    9.008527               5.972744           2.824418
          Malaysia  1991          29.497860    9.545467               6.641907           2.686313
          Malaysia  1992           3.416797    8.885118               6.117450           2.574687
          Malaysia  1993          22.775110    9.894943               7.176495           2.504789
          Malaysia  1994          12.656630    9.212042               6.524063           2.492043
          Malaysia  1995          25.778600    9.829085               7.103115           2.513332
          Malaysia  1996           5.780323   10.002700               7.241431           2.542226
          Malaysia  1997          11.235640    7.322742               4.625386           2.545436
          Malaysia  1998         -43.044300   -7.359420              -9.655750           2.509995
          Malaysia  1999          -3.862110    6.137612               3.594661           2.425069
          Malaysia  2000          29.824700    8.858868               6.373646           2.309440
          Malaysia  2001          -9.319520    0.517675              -1.659460           2.189719
          Malaysia  2002           7.908375    5.390988               3.213800           2.087457
          Malaysia  2003          -1.511220    5.788499               3.689364           2.004227
          Malaysia  2004           6.860418    6.783438               4.724444           1.947028
          Malaysia  2005          -2.461320    5.332139               3.340042           1.909366
          Malaysia  2006           8.577085    5.584847               3.629439           1.869341
          Malaysia  2007          10.540630    6.298786               4.373376           1.827924
          Malaysia  2008           1.867939    4.831770               2.955529           1.805973
          Malaysia  2009          -9.688510   -1.513530              -3.277070           1.806870
          Malaysia  2010          23.880300    7.424847               5.487819           1.819602
          Malaysia  2011           4.520445    5.293913               3.371387           1.842740
          Malaysia  2012          18.279390    5.473454               3.537835           1.852220
          Malaysia  2013           4.854900    4.693723               2.803784           1.821700
          Malaysia  2014           2.549172    6.006722               4.178598           1.739579
          Malaysia  2015           6.603360    5.028006               3.335363           1.624740
          Malaysia  2016           3.336480    4.219851               2.668915           1.499323
        Mauritania  1971           5.636016    1.842886              -1.088200           2.920277
        Mauritania  1972          32.087290   -0.732910              -3.584490           2.914703
        Mauritania  1973         -72.889600   -4.584760              -7.319130           2.907623
        Mauritania  1974         108.931700   12.162610               8.954812           2.901648
        Mauritania  1975         103.331800   -5.134370              -7.840080           2.893605
        Mauritania  1976          33.456670    8.546105               5.460363           2.883984
        Mauritania  1977          -9.508180   -1.878590              -4.658400           2.873929
        Mauritania  1978         -21.143000   -0.504710              -3.319600           2.869956
        Mauritania  1979         -13.705300    4.790040               1.824135           2.871157
        Mauritania  1980          46.746260    3.371210               0.441264           2.875338
        Mauritania  1981          19.622740    3.450288               0.511569           2.881836
        Mauritania  1982           9.884625   -2.339920              -5.115420           2.883165
        Mauritania  1983          14.950000    3.735342               0.797128           2.873300
        Mauritania  1984          36.000010   -3.226860              -5.944010           2.847915
        Mauritania  1985          18.694730    2.994761               0.135835           2.815051
        Mauritania  1986           5.364526    5.713579               2.808590           2.786445
        Mauritania  1987          -1.877460    1.900384              -0.878570           2.765006
        Mauritania  1988          -3.055340    1.720398              -1.031500           2.742622
        Mauritania  1989         -31.455700    4.777585               1.965813           2.720227
        Mauritania  1990           5.627719   -1.771300              -4.389430           2.701497
        Mauritania  1991          -2.787530    1.788087              -0.899740           2.676098
        Mauritania  1992          -2.787530    1.874126              -0.801500           2.661510
        Mauritania  1993          63.259110    5.873637               3.065505           2.688152
        Mauritania  1994         -76.306500   -3.060730              -5.701850           2.762306
        Mauritania  1995         429.056300    9.819800               6.720594           2.862670
        Mauritania  1996          -9.689350    5.818827               2.721393           2.970805
        Mauritania  1997          10.795010   -4.044700              -6.931320           3.054474
        Mauritania  1998         -20.090200    2.777805              -0.351830           3.092370
        Mauritania  1999          23.048350    7.712825               4.452107           3.074000
        Mauritania  2000          17.577080   -0.430410              -3.390860           3.018347
        Mauritania  2001          19.232900    2.008797              -0.965500           2.959078
        Mauritania  2002         -36.148000    0.665004              -2.225390           2.913328
        Mauritania  2003          96.057920    5.978253               2.971808           2.877867
        Mauritania  2004          93.491980    5.747424               2.768877           2.857090
        Mauritania  2005          49.310980    8.969422               5.910035           2.847731
        Mauritania  2006         -25.532800   18.869100              15.549820           2.832112
        Mauritania  2007          10.399570    2.817837              -0.038010           2.816887
        Mauritania  2008          14.530430    1.079967              -1.734400           2.823792
        Mauritania  2009         -12.552300   -1.042080              -3.829020           2.856701
        Mauritania  2010          25.162020    4.773697               1.776529           2.902324
        Mauritania  2011          22.194920    4.704067               1.658734           2.951649
        Mauritania  2012          31.454990    5.795078               2.685864           2.982954
        Mauritania  2013          -0.784540    6.090259               2.973528           2.981828
        Mauritania  2014         -14.834200    5.579544               2.520431           2.940254
        Mauritania  2015          -1.020720    1.399996              -1.471100           2.872311
        Mauritania  2016          -6.965430    1.999999              -0.814460           2.798060
           Morocco  1971           1.535126    5.596894               3.367830           2.146728
           Morocco  1972         -17.584100    2.437237               0.330163           2.105295
           Morocco  1973           5.319929    3.559311               1.435560           2.099178
           Morocco  1974          31.860680    5.596050               3.376261           2.134344
           Morocco  1975          30.773190    7.558222               5.203096           2.196151
           Morocco  1976          18.112860   10.812780               8.282836           2.260611
           Morocco  1977          25.309000    6.059168               3.558609           2.313532
           Morocco  1978         -31.304200    2.232663              -0.231890           2.358309
           Morocco  1979          -0.974720    4.793787               2.243183           2.390422
           Morocco  1980          10.792830    3.642165               1.120940           2.408921
           Morocco  1981          -8.025640   -1.743430              -4.129140           2.426650
           Morocco  1982           9.411638    8.957372               6.322975           2.433235
           Morocco  1983         -16.011600    1.386570              -1.026590           2.405476
           Morocco  1984          19.805530    6.418386               3.958612           2.337281
           Morocco  1985           8.180923    6.007652               3.651788           2.242455
           Morocco  1986           0.254794    9.271106               6.951545           2.135924
           Morocco  1987          -4.122640   -0.325000              -2.347100           2.037103
           Morocco  1988           6.358593   11.875240               9.693051           1.955638
           Morocco  1989          18.997270    2.846203               0.897424           1.898951
           Morocco  1990           1.740176    3.411812               1.495234           1.857830
           Morocco  1991           2.664202    7.216088               5.266281           1.823079
           Morocco  1992           1.387923   -2.097740              -3.835740           1.778442
           Morocco  1993          -3.876680   -0.740590              -2.440820           1.714177
           Morocco  1994           0.807895   10.588000               8.790117           1.624212
           Morocco  1995           7.891173   -5.405450              -6.847200           1.519072
           Morocco  1996           4.326875   12.372880              10.776560           1.413300
           Morocco  1997           7.369885   -1.560700              -2.871050           1.321492
           Morocco  1998          17.980320    7.238553               5.883466           1.247712
           Morocco  1999          -2.018630    1.081333              -0.157000           1.197879
           Morocco  2000           1.812345    1.912873               0.681308           1.167368
           Morocco  2001           9.384870    7.319967               6.030229           1.144947
           Morocco  2002           5.177202    3.121450               1.888808           1.126311
           Morocco  2003          18.636290    5.961162               4.701236           1.117227
           Morocco  2004           9.385062    4.797018               3.560605           1.117406
           Morocco  2005          -0.909110    3.291640               2.082168           1.126150
           Morocco  2006           8.303085    7.574632               6.327524           1.134639
           Morocco  2007          13.379200    3.531594               2.334515           1.148362
           Morocco  2008          22.875520    5.923278               4.676596           1.181032
           Morocco  2009          -2.668660    4.243757               2.964300           1.236254
           Morocco  2010          -1.740270    3.815718               2.471154           1.303574
           Morocco  2011          10.284040    5.245697               3.804739           1.376441
           Morocco  2012          -0.932180    3.009961               1.538970           1.435127
           Morocco  2013           5.000674    4.535424               3.012707           1.462178
           Morocco  2014          -2.196840    2.669494               1.185592           1.447904
           Morocco  2015           0.866163    4.549502               3.080330           1.404045
           Morocco  2016          11.649680    1.222444              -0.151110           1.351229
       New Zealand  1971           7.229530    3.785458               2.246683           1.493751
       New Zealand  1972           5.011412    5.119108               3.276564           1.768359
       New Zealand  1973          31.132840    7.800279               5.710745           1.957370
       New Zealand  1974          23.043990    5.993440               3.806057           2.085289
       New Zealand  1975         -32.512100   -1.731680              -3.624950           1.945434
       New Zealand  1976           4.948025    0.928812               0.039743           0.884790
       New Zealand  1977         -11.418400   -3.936340              -4.234980           0.311362
       New Zealand  1978         -14.831400    0.318069               0.285928           0.032044
       New Zealand  1979          12.887300    2.191805               2.592815          -0.391640
       New Zealand  1980          -7.582810    1.284283               1.157388           0.125364
       New Zealand  1981          20.648340    4.654663               4.252776           0.384752
       New Zealand  1982           7.393191    0.930119              -0.067640           0.993481
       New Zealand  1983           5.470086    3.492179               2.094729           1.359495
       New Zealand  1984          12.870190    4.793009               3.890265           0.865187
       New Zealand  1985          -4.131580    1.614661               0.988782           0.617839
       New Zealand  1986          -2.239920    2.705800               2.731111          -0.024640
       New Zealand  1987          -4.442850   -4.311110              -5.132280           0.861876
       New Zealand  1988          -0.830670    2.004031               1.724431           0.274482
       New Zealand  1989          14.520580    0.525921               0.044498           0.480054
       New Zealand  1990          -8.100130    0.649640              -0.275300           0.923223
       New Zealand  1991         -16.708700   -1.642550              -6.294340           0.982479
       New Zealand  1992           8.243812    1.266498               0.217044           1.041735
       New Zealand  1993          19.645790    6.532828               5.325006           1.140231
       New Zealand  1994          13.487010    5.216391               3.827070           1.329237
       New Zealand  1995           9.485543    4.577217               3.056984           1.464364
       New Zealand  1996           3.039133    3.357955               1.735024           1.582662
       New Zealand  1997           3.676128    3.008397               1.665390           1.312358
       New Zealand  1998          -7.388480    1.066112               0.173339           0.887280
       New Zealand  1999          18.364150    5.193740               4.642413           0.525485
       New Zealand  2000          -3.801570    2.289439               1.690186           0.587564
       New Zealand  2001           8.109878    3.797646               3.187780           0.589286
       New Zealand  2002           7.095699    5.060592               3.251267           1.737175
       New Zealand  2003          14.161690    4.540270               2.497332           1.973559
       New Zealand  2004           9.103069    3.269630               1.746166           1.486219
       New Zealand  2005           3.977660    3.318906               2.159227           1.128774
       New Zealand  2006          -5.391070    2.572913               1.330155           1.218985
       New Zealand  2007          11.532690    3.760418               2.797444           0.932408
       New Zealand  2008          -8.577160   -1.545530              -2.377580           0.848701
       New Zealand  2009         -13.569200    1.916065               0.902257           0.999728
       New Zealand  2010           7.366574    0.962157              -0.154050           1.111726
       New Zealand  2011           8.027025    2.695798               1.915741           0.762480
       New Zealand  2012           3.296455    2.499417               1.939031           0.548221
       New Zealand  2013           8.054645    2.018010               1.237160           0.768348
       New Zealand  2014           8.688176    3.544991               1.992861           1.510339
       New Zealand  2015           3.111855    4.434295               2.480001           1.889045
       New Zealand  2016           5.281398    3.471457               1.321864           2.099357
         Nicaragua  1971           3.294421    3.304756               0.189724           3.061779
         Nicaragua  1972         -33.018000    2.220723              -0.870950           3.071185
         Nicaragua  1973         104.397800    6.417014               3.190272           3.079089
         Nicaragua  1974          40.659140   14.192430              10.725070           3.083471
         Nicaragua  1975         -40.806600   -0.153250              -3.184190           3.082628
         Nicaragua  1976           2.370481    5.209454               2.020911           3.077536
         Nicaragua  1977          71.086680    8.368481               5.101508           3.061065
         Nicaragua  1978         -58.950700   -7.838800             -10.584300           3.024313
         Nicaragua  1979        -143.665000  -26.478800             -28.626600           2.964891
         Nicaragua  1980        -376.223000    4.611732               1.632469           2.889265
         Nicaragua  1981          52.914210    5.363290               2.439461           2.814229
         Nicaragua  1982         -17.586800   -0.816360              -3.497120           2.740016
         Nicaragua  1983           8.731440    4.613212               1.872879           2.654410
         Nicaragua  1984           0.878312   -1.566090              -4.049590           2.555380
         Nicaragua  1985          -0.597030   -4.081850              -6.405090           2.451918
         Nicaragua  1986          -1.234590   -1.017310              -3.306870           2.340259
         Nicaragua  1987          -1.539310   -0.706350              -2.906190           2.240395
         Nicaragua  1988         -29.399500  -12.449800             -14.336300           2.178323
         Nicaragua  1989         -14.820300   -1.697610              -3.801970           2.163944
         Nicaragua  1990         -14.168000   -0.093060              -2.245690           2.178180
         Nicaragua  1991          15.671610   -0.190710              -2.363580           2.201067
         Nicaragua  1992          -1.002120    0.385467              -1.804190           2.205391
         Nicaragua  1993         -14.908200   -0.391140              -2.535690           2.176486
         Nicaragua  1994        1058.283000    3.337612               1.185585           2.104510
         Nicaragua  1995          14.603700    5.911908               3.810698           2.003866
         Nicaragua  1996          20.754540    6.344268               4.341006           1.901720
         Nicaragua  1997          21.263300    3.966651               2.101735           1.810046
         Nicaragua  1998           3.362370    3.711681               1.944273           1.718843
         Nicaragua  1999          30.639620    7.035970               5.305242           1.630175
         Nicaragua  2000         -16.849600    4.101590               2.504155           1.546392
         Nicaragua  2001          -8.391830    2.960844               1.468050           1.460478
         Nicaragua  2002          -7.095370    0.753939              -0.628950           1.382044
         Nicaragua  2003          -1.033180    2.520733               1.168136           1.328120
         Nicaragua  2004          10.684640    5.312171               3.947122           1.304667
         Nicaragua  2005          11.319220    4.282398               2.932664           1.302756
         Nicaragua  2006           6.250840    3.804865               2.454825           1.309086
         Nicaragua  2007          18.087220    5.076352               3.708312           1.310499
         Nicaragua  2008           9.970188    3.435717               2.097128           1.302574
         Nicaragua  2009         -31.585600   -3.292670              -4.522720           1.280089
         Nicaragua  2010          10.716700    4.410099               3.115519           1.247650
         Nicaragua  2011          29.162710    6.316686               5.033505           1.214284
         Nicaragua  2012           5.646581    6.496137               5.240603           1.185952
         Nicaragua  2013           3.472799    4.927094               3.715793           1.161137
         Nicaragua  2014          -0.439060    4.785460               3.596300           1.141341
         Nicaragua  2015          24.042720    4.768609               3.596592           1.124976
         Nicaragua  2016           3.914195    4.658759               3.503364           1.110103
            Norway  1971          11.102750    5.672450               4.933969           0.701293
            Norway  1972          -5.473220    5.330598               4.528099           0.764803
            Norway  1973          13.933230    4.532961               3.804299           0.699505
            Norway  1974           9.553653    3.923027               3.280336           0.620349
            Norway  1975           3.662017    4.952035               4.374411           0.551889
            Norway  1976           7.336247    5.825551               5.330377           0.469014
            Norway  1977           0.595430    4.160767               3.721449           0.422661
            Norway  1978         -17.116900    3.869332               3.473527           0.381789
            Norway  1979           2.463892    4.372510               4.017658           0.340566
            Norway  1980           6.525650    4.564618               4.229269           0.321226
            Norway  1981           2.240206    1.598266               1.249287           0.344080
            Norway  1982           3.704398    0.235335              -0.132130           0.367278
            Norway  1983          -5.194800    3.972771               3.629128           0.331060
            Norway  1984          11.197500    6.052445               5.753584           0.282203
            Norway  1985           2.825300    5.553318               5.237689           0.299472
            Norway  1986          15.925980    4.042326               3.671880           0.356689
            Norway  1987          -4.488430    1.753377               1.278233           0.468050
            Norway  1988          -5.698140   -0.255350              -0.790460           0.537923
            Norway  1989          -6.947950    1.038285               0.622051           0.412808
            Norway  1990          -6.020950    1.932439               1.582240           0.344151
            Norway  1991          -5.525540    3.084674               2.594641           0.476504
            Norway  1992          -0.954490    3.574403               2.978314           0.577180
            Norway  1993           5.661663    2.845312               2.234965           0.595229
            Norway  1994           7.782696    5.055454               4.458980           0.569388
            Norway  1995           9.206730    4.153951               3.614662           0.519126
            Norway  1996           1.461202    5.027995               4.496975           0.506882
            Norway  1997          17.510680    5.284685               4.715355           0.542220
            Norway  1998          12.666500    2.624397               2.015176           0.595410
            Norway  1999          -7.362050    2.013308               1.317148           0.684759
            Norway  2000           0.830676    3.205285               2.537606           0.649045
            Norway  2001          -4.838390    2.085328               1.570033           0.506047
            Norway  2002          -0.372300    1.437709               0.892137           0.539291
            Norway  2003          -1.994810    0.919842               0.329647           0.586533
            Norway  2004          16.318220    3.959038               3.346523           0.590931
            Norway  2005          10.672560    2.624721               1.928146           0.681073
            Norway  2006          12.286640    2.395092               1.573722           0.805393
            Norway  2007          10.913670    2.985055               1.924927           1.034735
            Norway  2008           0.903428    0.480792              -0.763760           1.246333
            Norway  2009         -13.680100   -1.691040              -2.923060           1.261127
            Norway  2010           3.048723    0.691663              -0.554840           1.245666
            Norway  2011           4.821316    0.971935              -0.329400           1.297189
            Norway  2012           4.674386    2.721627               1.381261           1.313441
            Norway  2013           6.653833    1.044389              -0.170020           1.209142
            Norway  2014           0.182371    1.975117               0.831567           1.127737
            Norway  2015          -3.446170    1.970098               0.928695           1.026533
            Norway  2016           4.959628    1.091465               0.236309           0.849521
          Pakistan  1971           0.159025    0.468373              -2.218740           2.710999
          Pakistan  1972          -5.429390    0.813406              -1.900320           2.728722
          Pakistan  1973           3.612544    7.064264               4.141925           2.767462
          Pakistan  1974          -4.837820    3.540192               0.649097           2.831968
          Pakistan  1975          11.429360    4.211416               1.220150           2.912383
          Pakistan  1976           1.850029    5.156190               2.061220           2.987394
          Pakistan  1977          12.010390    3.947698               0.822492           3.052640
          Pakistan  1978           3.886728    8.048534               4.729050           3.120397
          Pakistan  1979           4.954647    3.758436               0.500531           3.190245
          Pakistan  1980           8.094582   10.215700               6.685581           3.255338
          Pakistan  1981           5.992782    7.920764               4.405114           3.311863
          Pakistan  1982          18.531850    6.537487               3.027872           3.349736
          Pakistan  1983           2.452029    6.778378               3.249798           3.360418
          Pakistan  1984           4.874967    5.065206               1.613651           3.340328
          Pakistan  1985          10.150630    7.592115               4.103065           3.296595
          Pakistan  1986           4.370148    5.501654               2.129467           3.248534
          Pakistan  1987           3.967462    6.452343               3.104773           3.195171
          Pakistan  1988          -1.172240    7.625279               4.318972           3.120231
          Pakistan  1989           7.474494    4.959769               1.835061           3.022267
          Pakistan  1990           5.144048    4.458587               1.460870           2.911749
          Pakistan  1991           3.013821    5.061568               2.165999           2.794760
          Pakistan  1992          10.386260    7.705898               4.849404           2.687927
          Pakistan  1993           3.945844    1.757748              -0.859140           2.605326
          Pakistan  1994          -0.765120    3.737416               1.121671           2.553840
          Pakistan  1995           3.825325    4.962609               2.348061           2.522482
          Pakistan  1996           5.642178    4.846581               2.258108           2.499807
          Pakistan  1997          -3.613670    1.014396              -1.449510           2.469408
          Pakistan  1998           3.047091    2.550234               0.095078           2.423226
          Pakistan  1999          -9.190900    3.660133               1.246865           2.355585
          Pakistan  2000           5.121710    4.260088               1.913538           2.276383
          Pakistan  2001           4.282593    1.982484              -0.234430           2.197790
          Pakistan  2002          -0.249080    3.224430               1.046035           2.132934
          Pakistan  2003           6.343993    4.846321               2.681825           2.086054
          Pakistan  2004          -5.168830    7.368571               5.177554           2.061759
          Pakistan  2005          12.766200    7.667304               5.478160           2.054204
          Pakistan  2006          18.495120    6.177542               4.025302           2.047846
          Pakistan  2007           2.597632    4.832817               2.715028           2.040843
          Pakistan  2008           4.340589    1.701405              -0.356700           2.044428
          Pakistan  2009          -4.316430    2.831659               0.735637           2.059363
          Pakistan  2010          -6.533810    1.606692              -0.484660           2.079755
          Pakistan  2011          -6.698800    2.748403               0.610616           2.102553
          Pakistan  2012           2.540948    3.507033               1.338549           2.117269
          Pakistan  2013           2.777347    4.396457               2.212693           2.113987
          Pakistan  2014           2.756038    4.674708               2.511973           2.087792
          Pakistan  2015          14.550080    4.731147               2.610729           2.045407
          Pakistan  2016           7.272575    5.526736               3.438653           1.998563
            Panama  1971          22.722470    9.616138               6.543465           2.843158
            Panama  1972          14.474060    4.582813               1.674030           2.820731
            Panama  1973           3.805707    5.364310               2.469503           2.785875
            Panama  1974          -5.065120    2.448320              -0.316640           2.735967
            Panama  1975          -3.531510    1.740919              -0.946120           2.676568
            Panama  1976          -0.948110    1.664461              -0.960100           2.615500
            Panama  1977         -30.470600    1.094026              -1.460260           2.559115
            Panama  1978          24.894840    9.792644               7.076252           2.505232
            Panama  1979           7.807721    4.514751               1.978222           2.456894
            Panama  1980          17.892640   13.084480              10.387420           2.413897
            Panama  1981          10.129270    9.206809               6.647215           2.371708
            Panama  1982          -0.965330    5.348456               2.921348           2.330840
            Panama  1983         -37.383000   -4.491360              -6.656120           2.292640
            Panama  1984          -3.947700    2.709474               0.415746           2.258534
            Panama  1985          -4.084010    4.942234               2.631475           2.226539
            Panama  1986          28.629360    3.567788               1.317174           2.197042
            Panama  1987           2.480036   -1.809060              -3.916510           2.169652
            Panama  1988         -61.771900  -13.379800             -15.218800           2.145870
            Panama  1989         -27.333700    1.562247              -0.573230           2.125052
            Panama  1990         260.169800    8.098993               5.845240           2.106938
            Panama  1991          10.515530    9.419006               7.156541           2.089384
            Panama  1992          38.634880    8.201681               5.982344           2.072439
            Panama  1993          13.760120    5.455744               3.305198           2.060368
            Panama  1994          14.318480    2.850147               0.760370           2.052792
            Panama  1995          10.796770    1.751679              -0.311300           2.048298
            Panama  1996           7.460666    4.079703               1.972534           2.045347
            Panama  1997           4.225012    6.460990               4.312441           2.038800
            Panama  1998          10.929320    7.341501               5.189495           2.025192
            Panama  1999           3.543295    3.917207               1.858271           2.001214
            Panama  2000          -9.213700    2.715373               0.710450           1.971223
            Panama  2001         -24.181300    0.574273              -1.357240           1.939169
            Panama  2002          -5.429230    2.229150               0.295074           1.910027
            Panama  2003          19.040260    4.205496               2.260183           1.884449
            Panama  2004           9.865918    7.522080               5.536852           1.863602
            Panama  2005           2.846345    7.191279               5.230435           1.846233
            Panama  2006          13.539270    8.652466               6.684366           1.827978
            Panama  2007          38.906310   11.983990               9.976915           1.808539
            Panama  2008          28.196650    9.855655               7.904241           1.792310
            Panama  2009         -22.030700    1.242992              -0.542270           1.779080
            Panama  2010          34.095550    5.827993               3.973662           1.767746
            Panama  2011          13.552690   11.313630               9.375430           1.756540
            Panama  2012          25.369790    9.778828               7.883024           1.742015
            Panama  2013           9.694139    6.903437               5.078555           1.721776
            Panama  2014           5.838897    5.066613               3.303188           1.692632
            Panama  2015           6.466639    5.575765               3.839872           1.657883
            Panama  2016           7.275547    4.988592               3.300340           1.621103
              Peru  1971          14.935560    4.590540               1.818119           2.686503
              Peru  1972          -5.800350    3.477535               0.770526           2.650863
              Peru  1973          47.902460    6.276935               3.517169           2.631080
              Peru  1974          33.453690    9.386835               6.546176           2.631208
              Peru  1975          -1.978680    4.300863               1.581320           2.641998
              Peru  1976         -13.292300    1.447111              -1.212030           2.656172
              Peru  1977         -12.188900    0.349064              -2.283930           2.658868
              Peru  1978          -7.219920   -2.642500              -5.179650           2.640573
              Peru  1979          16.726300    4.090751               1.423590           2.595741
              Peru  1980          36.761440    5.943335               3.292378           2.534079
              Peru  1981          22.182250    5.552042               2.980779           2.466176
              Peru  1982          -6.784610   -0.222720              -2.594190           2.405456
              Peru  1983         -35.320200  -10.408100             -12.495200           2.357139
              Peru  1984          -5.992790    3.608287               1.226085           2.326083
              Peru  1985         -14.623300    2.061132              -0.264540           2.305069
              Peru  1986          29.792010    9.425962               6.956319           2.282766
              Peru  1987          22.477130    9.726146               7.282559           2.252159
              Peru  1988         -11.967000   -9.441270             -11.425600           2.215599
              Peru  1989         -21.231800  -12.312000             -14.195400           2.171218
              Peru  1990           0.597285   -4.982560              -6.975490           2.119739
              Peru  1991           4.205650    2.219259               0.125297           2.069773
              Peru  1992           1.269046   -0.540510              -2.526140           2.016622
              Peru  1993          11.717320    5.243577               3.213663           1.947620
              Peru  1994          33.021750   12.308370              10.239360           1.859433
              Peru  1995          19.859460    7.411395               5.537390           1.760098
              Peru  1996          -4.907990    2.798973               1.106843           1.659755
              Peru  1997          14.915190    6.476824               4.819970           1.568305
              Peru  1998          -2.060660   -0.391540              -1.863310           1.488587
              Peru  1999         -13.455900    1.494911               0.059319           1.424546
              Peru  2000          -2.911690    2.694371               1.293220           1.373783
              Peru  2001          -6.908110    0.617892              -0.709630           1.328149
              Peru  2002           3.956207    5.453529               4.105289           1.286759
              Peru  2003           5.073281    4.165023               2.864703           1.256184
              Peru  2004           0.198890    4.958203               3.667234           1.237611
              Peru  2005           6.226494    6.285060               4.986962           1.228856
              Peru  2006          34.630700    7.528899               6.222645           1.222232
              Peru  2007          28.633780    8.518388               7.203635           1.218947
              Peru  2008          31.096310    9.126568               7.795895           1.226880
              Peru  2009         -20.203800    1.095824              -0.157440           1.247432
              Peru  2010          35.815590    8.332459               6.959979           1.275008
              Peru  2011          12.209090    6.327192               4.946857           1.306696
              Peru  2012           9.494082    6.139725               4.735588           1.331742
              Peru  2013           8.504132    5.852518               4.443897           1.339673
              Peru  2014          -1.248500    2.376023               1.028660           1.324830
              Peru  2015          -3.482100    3.251370               1.924172           1.293737
              Peru  2016          -4.409580    3.951309               2.651934           1.257862
       Philippines  1971           5.749896    5.428631               2.435156           2.880427
       Philippines  1972           3.631403    5.446791               2.459710           2.873682
       Philippines  1973          11.849250    8.920647               5.848676           2.860912
       Philippines  1974          20.812960    3.558115               0.659313           2.839128
       Philippines  1975          24.082030    5.564774               2.637337           2.812296
       Philippines  1976          18.865850    8.806631               5.818584           2.784612
       Philippines  1977           0.972394    5.602056               2.725202           2.762036
       Philippines  1978           8.093363    5.172103               2.321789           2.747544
       Philippines  1979           4.356045    5.639676               2.781347           2.743013
       Philippines  1980          -3.703110    5.148911               2.302670           2.744178
       Philippines  1981           2.832291    3.423269               0.623829           2.744088
       Philippines  1982           8.418612    3.619328               0.819429           2.739278
       Philippines  1983           6.400040    1.874616              -0.870560           2.731635
       Philippines  1984         -36.987500   -7.323680              -9.810770           2.720295
       Philippines  1985         -31.853500   -7.306610              -9.780210           2.704841
       Philippines  1986          10.060090    3.416783               0.673243           2.688720
       Philippines  1987          19.694130    4.311635               1.564783           2.668606
       Philippines  1988          14.687510    6.752544               3.973498           2.637745
       Philippines  1989          20.450150    6.205311               3.485347           2.594409
       Philippines  1990          15.833500    3.036966               0.449736           2.543035
       Philippines  1991         -17.290400   -0.578330              -3.022230           2.488831
       Philippines  1992           7.833090    0.337603              -2.078540           2.437481
       Philippines  1993           7.873480    2.116307              -0.296420           2.391083
       Philippines  1994           8.654002    4.387623               1.961390           2.351690
       Philippines  1995           3.503377    4.678692               2.281180           2.316990
       Philippines  1996          12.455980    5.845873               3.460112           2.279786
       Philippines  1997          11.695500    5.185362               2.855114           2.240281
       Philippines  1998         -16.276400   -0.576720              -2.744960           2.204946
       Philippines  1999         -13.067100    3.081916               0.864444           2.174650
       Philippines  2000           1.096563    4.411222               2.194577           2.145855
       Philippines  2001          23.975240    2.893987               0.732213           2.123357
       Philippines  2002          15.662950    3.645903               1.496920           2.095186
       Philippines  2003          -0.447640    4.970369               2.846619           2.043937
       Philippines  2004          -2.235640    6.697624               4.622932           1.963613
       Philippines  2005           2.957820    4.777668               2.839681           1.866938
       Philippines  2006         -15.122400    5.242960               3.402986           1.763775
       Philippines  2007          -0.471880    6.616662               4.844678           1.675981
       Philippines  2008          23.358960    4.152757               2.479032           1.620043
       Philippines  2009          -8.679540    1.148332              -0.462890           1.605755
       Philippines  2010          31.614250    7.632265               5.903122           1.619573
       Philippines  2011           2.807744    3.659752               1.971963           1.641601
       Philippines  2012          -4.286820    6.683819               4.934106           1.653690
       Philippines  2013          27.944780    7.064024               5.308934           1.652875
       Philippines  2014           4.216403    6.145299               4.426211           1.632819
       Philippines  2015          18.377190    6.066549               4.383407           1.599599
       Philippines  2016          23.735480    6.875715               5.216659           1.564497
          Portugal  1971          -3.532830    6.631652               7.084085          -0.423400
          Portugal  1972          14.895060    8.015696               8.182480          -0.154290
          Portugal  1973          21.090700   11.200670              11.166280           0.030932
          Portugal  1974          -8.538310    1.142860              -0.258170           1.394878
          Portugal  1975         -45.305700   -4.347630              -7.914610           3.800414
          Portugal  1976          29.652890    6.900231               3.902713           2.844097
          Portugal  1977          33.996110    5.602597               4.487288           1.061755
          Portugal  1978           6.569268    2.815966               1.712590           1.078957
          Portugal  1979           7.467391    5.638937               4.512543           1.071994
          Portugal  1980          10.696330    4.589340               3.464371           1.081432
          Portugal  1981           3.612709    1.618103               0.740801           0.867081
          Portugal  1982           1.289657    2.135375               1.512894           0.611332
          Portugal  1983         -19.091100   -0.173110              -0.635200           0.463965
          Portugal  1984         -20.391900   -1.879980              -2.256580           0.384553
          Portugal  1985          -1.992670    2.807440               2.526606           0.273539
          Portugal  1986          17.925720    4.140956               4.046279           0.090954
          Portugal  1987          28.614230    6.381394               6.410063          -0.026950
          Portugal  1988          21.780110    7.489108               7.600903          -0.103950
          Portugal  1989           1.990005    6.440639               6.596071          -0.145920
          Portugal  1990          10.639410    3.950523               4.177329          -0.217950
          Portugal  1991          -0.202550    4.368206               4.609034          -0.230480
          Portugal  1992           3.184645    1.089477               1.168103          -0.077750
          Portugal  1993          -8.707220   -2.043280              -2.163020           0.122317
          Portugal  1994          12.146570    0.964838               0.693518           0.269089
          Portugal  1995           6.016370    4.282780               3.922374           0.346204
          Portugal  1996           3.867193    3.496683               3.108270           0.375996
          Portugal  1997          13.665080    4.426210               3.961028           0.446461
          Portugal  1998          13.427840    4.791772               4.263502           0.505389
          Portugal  1999           8.042634    3.888213               3.302249           0.565630
          Portugal  2000           1.641444    3.787494               3.060571           0.702860
          Portugal  2001           1.619088    1.943305               1.226899           0.705231
          Portugal  2002          -5.373160    0.768796               0.218426           0.547668
          Portugal  2003          -8.205280   -0.934210              -1.305410           0.375411
          Portugal  2004           4.110312    1.811583               1.568413           0.239129
          Portugal  2005          -0.653870    0.766784               0.580003           0.185532
          Portugal  2006          -0.016100    1.553054               1.370086           0.180332
          Portugal  2007           2.557624    2.492002               2.291004           0.196304
          Portugal  2008           0.784256    0.199272               0.054898           0.144191
          Portugal  2009         -12.245700   -2.978100              -3.070550           0.095331
          Portugal  2010           3.392717    1.898691               1.851920           0.045910
          Portugal  2011         -14.000400   -1.826850              -1.682350          -0.147080
          Portugal  2012         -18.106700   -4.028260              -3.638380          -0.405420
          Portugal  2013          -5.133050   -1.130160              -0.586050          -0.548820
          Portugal  2014           5.080649    0.893188               1.438663          -0.539190
          Portugal  2015           6.386650    1.822067               2.244628          -0.414140
          Portugal  2016           0.766866    1.619415               1.940488          -0.315460
            Rwanda  1971          31.118520    1.206641              -1.770580           2.985866
            Rwanda  1972          38.190750    0.263068              -2.640430           2.938634
            Rwanda  1973           1.995551    3.438088               0.447116           2.934188
            Rwanda  1974          11.866270    1.409824              -1.576670           2.989206
            Rwanda  1975          34.940240   -2.113830              -5.084550           3.081881
            Rwanda  1976           7.599329   19.504580              15.775180           3.170450
            Rwanda  1977          15.066440    1.994109              -1.256150           3.238591
            Rwanda  1978          -2.433470    9.150841               5.603690           3.303747
            Rwanda  1979         -18.817600   11.869910               8.169136           3.364058
            Rwanda  1980          47.299530    8.951612               5.292662           3.416013
            Rwanda  1981          -3.725660    5.436199               1.978230           3.334666
            Rwanda  1982          67.519880    1.810846              -1.421720           3.226572
            Rwanda  1983         -15.782200    5.980350               2.537865           3.302155
            Rwanda  1984          33.993720   -4.240770              -7.631830           3.605455
            Rwanda  1985           9.303483    4.402748               0.339284           3.969872
            Rwanda  1986          -5.479790    5.472137               0.738734           4.591644
            Rwanda  1987          -1.129200   -0.024040              -4.842440           4.939571
            Rwanda  1988           0.069594    4.498825               0.068544           4.332043
            Rwanda  1989         -11.555400   -0.036530              -2.611100           2.609250
            Rwanda  1990         -19.231000   -2.399290              -2.665960           0.273599
            Rwanda  1991         -20.140300   -2.514380               0.029830          -2.576360
            Rwanda  1992          30.960720    5.872725              11.400410          -5.089330
            Rwanda  1993          11.144290   -8.108690              -2.245910          -6.184860
            Rwanda  1994         -81.772200  -50.248100             -47.805500          -4.792690
            Rwanda  1995         155.784900   35.224080              36.980900          -1.290820
            Rwanda  1996           9.321399   12.745700               9.296307           3.107220
            Rwanda  1997          36.206370   13.849750               6.741734           6.446740
            Rwanda  1998          29.557710    8.858669               0.571761           7.917892
            Rwanda  1999          21.792370    4.322378              -3.006280           7.283968
            Rwanda  2000          16.493180    8.370908               2.531355           5.539102
            Rwanda  2001           0.289928    8.484582               4.529066           3.714288
            Rwanda  2002           7.681169   13.192070              10.449860           2.452438
            Rwanda  2003           9.925892    2.202372               0.505257           1.674486
            Rwanda  2004          12.143750    7.447676               5.765104           1.578337
            Rwanda  2005          15.979400    9.377916               7.269884           1.946107
            Rwanda  2006          21.949140    9.227076               6.678150           2.361262
            Rwanda  2007          25.672090    7.633287               4.889627           2.582134
            Rwanda  2008          31.783730   11.161240               8.175390           2.722791
            Rwanda  2009           2.486387    6.248263               3.380774           2.735945
            Rwanda  2010           7.220000    7.334639               4.512743           2.664241
            Rwanda  2011          10.901780    8.017107               5.251688           2.593510
            Rwanda  2012          21.164770    8.645729               5.898764           2.560881
            Rwanda  2013           8.161281    4.658873               2.045530           2.528715
            Rwanda  2014           5.433525    7.624576               4.966479           2.500797
            Rwanda  2015          17.689800    8.867977               6.207527           2.474095
            Rwanda  2016          10.018440    5.981315               3.420557           2.445905
           Senegal  1971           5.283243   -0.140450              -3.120290           3.029460
           Senegal  1972          17.169200    6.383209               3.170493           3.066486
           Senegal  1973          -6.236900   -5.583240              -8.403530           3.032587
           Senegal  1974           2.602140    4.200776               1.208551           2.913632
           Senegal  1975           4.715802    7.535663               4.619491           2.749266
           Senegal  1976          -6.222630    8.920504               6.157745           2.569214
           Senegal  1977          -7.331220   -2.682910              -5.024440           2.435510
           Senegal  1978          -6.643620   -3.953930              -6.225780           2.393800
           Senegal  1979           1.646634    7.001686               4.392590           2.468589
           Senegal  1980          24.128070   -3.310650              -5.809480           2.618376
           Senegal  1981          47.987590    5.069516               2.188186           2.780612
           Senegal  1982         -27.729600    7.843065               4.751333           2.908778
           Senegal  1983         -29.246800   -5.326390              -8.126580           3.002350
           Senegal  1984          45.009110    3.745764               0.630881           3.048415
           Senegal  1985          38.737740    3.283471               0.171128           3.059735
           Senegal  1986         -19.303100    3.113340               0.007043           3.058815
           Senegal  1987           9.623440    6.094375               2.897383           3.059681
           Senegal  1988         -14.983100   -0.592430              -3.586420           3.058115
           Senegal  1989         -20.548400    3.977856               0.847652           3.056697
           Senegal  1990          27.053280   -0.675640              -3.659950           3.050676
           Senegal  1991          14.378670    2.555825              -0.525410           3.050505
           Senegal  1992           6.065750    1.242647              -1.784300           3.035397
           Senegal  1993          -5.600890    1.300780              -1.668190           2.974659
           Senegal  1994         -40.884600   -0.017330              -2.836370           2.860039
           Senegal  1995          29.969280    5.363473               2.539443           2.716848
           Senegal  1996          -0.429810    2.012125              -0.573630           2.567435
           Senegal  1997          30.648640    3.124033               0.629609           2.448593
           Senegal  1998           2.330883    5.898673               3.404063           2.383846
           Senegal  1999          26.527410    6.359843               3.850639           2.387438
           Senegal  2000          12.894190    3.186639               0.700996           2.438369
           Senegal  2001           4.268201    4.580916               1.996499           2.502260
           Senegal  2002         -14.486500    0.654804              -1.885210           2.555878
           Senegal  2003          27.957610    6.683228               3.942623           2.602491
           Senegal  2004          -0.220360    5.870772               3.117171           2.635330
           Senegal  2005          23.153720    5.622607               2.850236           2.659852
           Senegal  2006          -2.107320    2.461570              -0.246950           2.679015
           Senegal  2007          25.451090    4.938485               2.138660           2.704302
           Senegal  2008          -5.126210    3.682524               0.875508           2.744642
           Senegal  2009         -16.295800    2.423176              -0.408230           2.803349
           Senegal  2010          -5.337430    4.179363               1.232840           2.869085
           Senegal  2011           5.966053    1.761118              -1.181960           2.934787
           Senegal  2012          17.478460    4.411180               1.343627           2.981977
           Senegal  2013          16.947500    3.455472               0.401648           2.996267
           Senegal  2014          -0.568030    4.075083               1.028617           2.970878
           Senegal  2015          15.542520    6.456908               3.394179           2.919162
           Senegal  2016          14.661080    6.741818               3.731612           2.860609
         Singapore  1971           9.851615   12.081240              10.044260           1.834125
         Singapore  1972           5.350143   13.526590              11.443190           1.852209
         Singapore  1973           4.753285   11.127950               9.070592           1.868697
         Singapore  1974          15.323200    6.467887               4.710771           1.664143
         Singapore  1975          -5.986650    4.609005               3.092531           1.460270
         Singapore  1976           4.934181    7.436719               5.998483           1.347723
         Singapore  1977          -3.184000    7.486152               6.006963           1.385723
         Singapore  1978          12.310890    8.703186               7.396124           1.209701
         Singapore  1979          14.973520    9.419557               8.046935           1.262392
         Singapore  1980          12.356360   10.026770               8.639102           1.269234
         Singapore  1981           4.432930   10.683840               5.488399           4.807689
         Singapore  1982          11.393510    7.172454               2.570803           4.388594
         Singapore  1983           9.405365    8.540484               7.139934           1.298745
         Singapore  1984           8.326974    8.800553               6.763296           1.890222
         Singapore  1985         -10.638900   -0.687040              -0.822650           0.136645
         Singapore  1986          -7.147790    1.327634               1.423424          -0.094490
         Singapore  1987           8.208286   10.756880               9.103744           1.503833
         Singapore  1988          -2.103370   11.115190               8.330816           2.537774
         Singapore  1989          10.311110   10.183180               6.995503           2.935744
         Singapore  1990          17.258800   10.044210               5.846641           3.889094
         Singapore  1991           1.075643    6.687076               3.694098           2.845483
         Singapore  1992           8.487344    7.087601               3.918261           3.004256
         Singapore  1993          16.175610   11.537390               8.751100           2.529807
         Singapore  1994           0.063929   10.925460               7.500182           3.136587
         Singapore  1995          14.133990    7.028046               3.825622           3.037813
         Singapore  1996           9.679926    7.531934               3.249117           4.064318
         Singapore  1997          18.977160    8.291118               4.715664           3.357442
         Singapore  1998         -22.859500   -2.225230              -5.491060           3.397212
         Singapore  1999          10.461970    6.095204               5.250725           0.799148
         Singapore  2000          25.034000    8.897544               7.027634           1.732042
         Singapore  2001         -21.470200   -0.952290              -3.588250           2.697356
         Singapore  2002          -3.791290    4.211687               3.264936           0.912640
         Singapore  2003         -28.598400    4.435328               5.986671          -1.474530
         Singapore  2004          46.435900    9.549175               8.186260           1.251917
         Singapore  2005          -0.502870    7.489157               4.992075           2.350511
         Singapore  2006          14.527340    8.860196               5.506289           3.129389
         Singapore  2007          11.964250    9.111527               4.659321           4.166003
         Singapore  2008          29.256950    1.787620              -3.487420           5.321517
         Singapore  2009         -11.145500   -0.603390              -3.556390           3.015950
         Singapore  2010          24.161890   15.240380              13.216490           1.771833
         Singapore  2011           3.254812    6.350673               4.156320           2.084902
         Singapore  2012          14.146760    4.083298               1.560798           2.453390
         Singapore  2013           5.299950    5.111087               3.422722           1.619308
         Singapore  2014           1.757661    3.883887               2.543737           1.298440
         Singapore  2015          -7.016280    2.241058               1.035260           1.186377
         Singapore  2016           4.821889    2.397021               1.077067           1.297436
      South Africa  1971          10.315560    4.278970               1.422025           2.777944
      South Africa  1972         -12.195200    1.654762              -1.146010           2.793844
      South Africa  1973          13.898550    4.571998               1.701577           2.783300
      South Africa  1974          16.471890    6.111054               3.242390           2.740671
      South Africa  1975           1.744283    1.695448              -0.992390           2.678583
      South Africa  1976         -11.175900    2.249904              -0.379830           2.605517
      South Africa  1977          -5.458450   -0.094040              -2.602600           2.542989
      South Africa  1978          -2.658260    3.014549               0.463214           2.507860
      South Africa  1979           9.804475    3.790504               1.219088           2.508712
      South Africa  1980          32.217490    6.620585               3.957183           2.529748
      South Africa  1981          10.028160    5.360737               2.695113           2.562552
      South Africa  1982         -20.726400   -0.383390              -2.918470           2.577781
      South Africa  1983           3.658670   -1.846540              -4.318570           2.550790
      South Africa  1984           0.158827    5.099115               2.534529           2.470425
      South Africa  1985         -18.548600   -1.211480              -3.515160           2.359551
      South Africa  1986         -12.705100    0.017835              -2.186850           2.228954
      South Africa  1987          -3.926930    2.100735              -0.043370           2.122348
      South Africa  1988          21.900870    4.200133               2.055652           2.079513
      South Africa  1989           2.828528    2.394784               0.247873           2.118993
      South Africa  1990         -11.799300   -0.317790              -2.493040           2.206352
      South Africa  1991          -0.332770   -1.018220              -3.277440           2.308915
      South Africa  1992          -6.170790   -2.137060              -4.430380           2.371301
      South Africa  1993          -0.226580    1.233520              -1.127590           2.359968
      South Africa  1994          21.586290    3.234143               0.933127           2.254145
      South Africa  1995          14.381230    3.115634               0.985944           2.086967
      South Africa  1996           0.696236    4.306728               2.336369           1.907074
      South Africa  1997           2.818760    2.646829               0.863427           1.752686
      South Africa  1998           3.274152    0.517360              -1.102550           1.624698
      South Africa  1999          -2.920440    2.358108               0.798245           1.535658
      South Africa  2000           3.497049    4.154545               2.629546           1.474994
      South Africa  2001           0.372400    2.735495               1.281028           1.425857
      South Africa  2002           9.143974    3.667797               2.254363           1.372806
      South Africa  2003          11.493440    2.949078               1.603998           1.315160
      South Africa  2004          16.110060    4.554570               3.257226           1.248592
      South Africa  2005           6.294820    5.277112               4.041078           1.181023
      South Africa  2006          12.794420    5.603665               4.439916           1.108114
      South Africa  2007           8.406728    5.360465               4.256749           1.053087
      South Africa  2008           8.614844    3.191052               2.116510           1.046772
      South Africa  2009          -8.504240   -1.538100              -2.617340           1.102147
      South Africa  2010           1.123600    3.039777               1.813629           1.197113
      South Africa  2011           8.238627    3.284165               1.942603           1.307414
      South Africa  2012           3.047924    2.213354               0.796403           1.395966
      South Africa  2013           6.404775    2.485186               1.019058           1.440907
      South Africa  2014          -1.795280    1.847008               0.405051           1.425925
      South Africa  2015           5.448616    1.279538              -0.097300           1.368770
      South Africa  2016          -8.057590    0.565363              -0.734890           1.301374
         Sri Lanka  1971          -6.244830    1.306905              -0.775890           2.077353
         Sri Lanka  1972          13.272980   -0.410480              -2.359280           1.976234
         Sri Lanka  1973         -29.930300    7.057399               5.039285           1.903071
         Sri Lanka  1974          82.372630    3.845831               1.923820           1.868174
         Sri Lanka  1975         -15.169100    6.126233               4.172893           1.857731
         Sri Lanka  1976          25.274520    3.335107               1.435067           1.855831
         Sri Lanka  1977          -5.018370    5.100590               3.182742           1.841629
         Sri Lanka  1978          44.000100    5.653837               3.762949           1.805910
         Sri Lanka  1979          34.075070    6.403557               4.567178           1.740929
         Sri Lanka  1980          27.862020    5.846027               4.105499           1.658066
         Sri Lanka  1981         -15.895600    5.699525               4.055663           1.567442
         Sri Lanka  1982           4.851496    4.141496               2.602306           1.489010
         Sri Lanka  1983          12.185520    4.813991               3.319191           1.436412
         Sri Lanka  1984           2.411921    5.099147               3.619193           1.418159
         Sri Lanka  1985          -4.454470    4.999406               3.517365           1.421532
         Sri Lanka  1986           9.094081    4.355547               2.874623           1.429279
         Sri Lanka  1987          -0.501000    1.725611               0.288237           1.423069
         Sri Lanka  1988          -6.172250    2.472685               1.050855           1.397238
         Sri Lanka  1989          -6.922390    2.299301               0.933032           1.344560
         Sri Lanka  1990          -2.792260    6.399995               5.055391           1.271778
         Sri Lanka  1991           8.624503    4.599987               3.348101           1.204052
         Sri Lanka  1992           1.908795    4.399991               3.217124           1.139482
         Sri Lanka  1993          10.595570    6.900063               5.779467           1.053798
         Sri Lanka  1994           9.314577    5.599919               4.609336           0.942480
         Sri Lanka  1995          -0.819330    5.500085               4.639919           0.818665
         Sri Lanka  1996           3.898088    3.799967               3.093740           0.682698
         Sri Lanka  1997           2.198645    6.405400               5.804251           0.566563
         Sri Lanka  1998          15.162750    4.698423               4.167362           0.508520
         Sri Lanka  1999           6.340229    4.300540               3.750788           0.528479
         Sri Lanka  2000           9.908015    6.000033               5.363224           0.602575
         Sri Lanka  2001         -17.469500   -1.545410              -2.227950           0.695671
         Sri Lanka  2002          12.146190    3.964676               3.166933           0.770280
         Sri Lanka  2003          11.993230    5.940269               5.080151           0.815203
         Sri Lanka  2004           8.754379    5.445061               4.589250           0.814930
         Sri Lanka  2005           8.718460    6.241748               5.414540           0.781656
         Sri Lanka  2006          13.976520    7.668292               6.871361           0.742925
         Sri Lanka  2007           6.825084    6.796826               6.038669           0.712438
         Sri Lanka  2008           2.986515    5.950088               5.232754           0.679351
         Sri Lanka  2009           2.957760    3.538912               2.872274           0.645934
         Sri Lanka  2010          20.381360    8.015959               7.356757           0.612152
         Sri Lanka  2011          20.242390    8.404738               7.782197           0.575930
         Sri Lanka  2012          21.698870    9.144579               8.556866           0.539927
         Sri Lanka  2013          -8.831150    3.395723               2.592064           0.780301
         Sri Lanka  2014          11.531330    4.960707               4.020805           0.899513
         Sri Lanka  2015           3.792476    5.007683               4.031031           0.934429
         Sri Lanka  2016          27.103740    4.468830               3.301112           1.124060
             Sudan  1971         -15.390200    2.247314              -0.790220           3.251200
             Sudan  1972          -5.874820   -5.070990              -7.915730           3.270790
             Sudan  1973          47.315350    0.632195              -2.423550           3.309693
             Sudan  1974          31.372550   11.445290               7.998028           3.371936
             Sudan  1975          32.654380   15.713470              12.059690           3.444453
             Sudan  1976          12.658850   16.665220              12.920340           3.513528
             Sudan  1977         -16.061600    6.223854               2.774323           3.562766
             Sudan  1978         -17.207900   -5.930990              -9.018390           3.585204
             Sudan  1979          -4.987590   -5.018600              -8.166340           3.576050
             Sudan  1980           5.433298    1.524310              -1.862700           3.544174
             Sudan  1981          40.714470    7.437564               3.824977           3.520300
             Sudan  1982          10.295060    5.958666               2.391043           3.497796
             Sudan  1983         -21.292600    2.062502              -1.316040           3.445477
             Sudan  1984         -39.276000   -5.008910              -8.031720           3.359454
             Sudan  1985          -9.829360   -6.281040              -9.105560           3.260765
             Sudan  1986          62.612500    5.413811               2.421243           3.128785
             Sudan  1987           3.739728   14.220880              11.142650           3.025309
             Sudan  1988          -3.325690   -0.331090              -2.918810           3.033585
             Sudan  1989          -1.634940    8.931394               6.146747           3.178459
             Sudan  1990          -7.345850   -5.470050              -7.888240           3.392182
             Sudan  1991           2.721181    7.510911               4.750557           3.635941
             Sudan  1992          10.643660    6.577861               3.836297           3.793619
             Sudan  1993           4.660201    4.568749               1.861663           3.773096
             Sudan  1994           3.108053    1.006228              -1.635730           3.539517
             Sudan  1995           1.075356    5.997092               3.190050           3.182933
             Sudan  1996         127.138700    5.919125               3.078096           2.795091
             Sudan  1997          40.686660   10.566740               7.566942           2.487390
             Sudan  1998          19.282440    4.308504               1.452488           2.307221
             Sudan  1999          -3.312610    3.104096               0.263779           2.294316
             Sudan  2000          57.963530    6.345868               3.406862           2.389724
             Sudan  2001           4.439319    6.500360               3.547289           2.516532
             Sudan  2002          12.816580    6.427274               3.471838           2.594638
             Sudan  2003           7.767443    7.734592               4.757420           2.603166
             Sudan  2004          15.260170    3.883307               1.048059           2.517302
             Sudan  2005           8.297179    7.489738               4.606154           2.375214
             Sudan  2006          13.584390   10.064310               7.168390           2.223896
             Sudan  2007           6.097596   11.521910               8.637284           2.114545
             Sudan  2008           3.986863    7.801963               5.046040           2.063195
             Sudan  2009          -0.132160    3.241848               0.614039           2.087341
             Sudan  2010          -0.783690    3.469335               0.834792           2.161698
             Sudan  2011          -5.666100   -1.967730               7.889471           2.246864
             Sudan  2012         -22.100200    0.521559              12.815210           2.312939
             Sudan  2013           4.603707    4.394711               1.959133           2.360694
             Sudan  2014          -2.166730    2.679412               0.263306           2.381185
             Sudan  2015           6.477686    4.906045               2.436229           2.382469
             Sudan  2016           3.415227    4.700000               2.237110           2.380440
            Sweden  1971          -7.077210    0.944646               0.252435           0.688096
            Sweden  1972          -2.193250    2.288739               1.986921           0.295500
            Sweden  1973           1.278624    3.967981               3.788932           0.172364
            Sweden  1974           9.278281    3.198196               2.899185           0.290165
            Sweden  1975           6.388230    2.552863               2.146253           0.397276
            Sweden  1976          -1.904470    1.058105               0.691238           0.363686
            Sweden  1977         -14.393500   -1.596260              -1.945130           0.355158
            Sweden  1978         -13.105700    1.751548               1.455734           0.291146
            Sweden  1979          15.900790    3.840004               3.613648           0.218223
            Sweden  1980           8.839150    1.699971               1.493733           0.202997
            Sweden  1981         -12.988400    0.454830               0.334437           0.119920
            Sweden  1982          -0.321410    1.248665               1.190775           0.057192
            Sweden  1983          -0.178770    1.900639               1.854515           0.045274
            Sweden  1984          11.160610    4.229535               4.134865           0.090870
            Sweden  1985          10.818450    2.160374               1.991774           0.165171
            Sweden  1986          -1.053590    2.691323               2.452773           0.232569
            Sweden  1987           6.767877    3.353843               3.009548           0.333679
            Sweden  1988           7.221131    2.559039               2.088761           0.459598
            Sweden  1989          13.164000    2.654807               1.972191           0.667183
            Sweden  1990           0.887165    0.754675              -0.020760           0.772603
            Sweden  1991         -14.927400   -1.145970              -1.817520           0.681643
            Sweden  1992          -6.512340   -1.158590              -1.736630           0.586530
            Sweden  1993         -16.845800   -2.065620              -2.632810           0.580839
            Sweden  1994          14.456470    4.087602               3.350468           0.710705
            Sweden  1995           8.673123    4.024307               3.479916           0.524704
            Sweden  1996           1.016706    1.517861               1.356427           0.159147
            Sweden  1997           1.897103    2.900483               2.841577           0.057262
            Sweden  1998           9.209484    4.226792               4.168949           0.055512
            Sweden  1999           4.743462    4.530153               4.448727           0.077927
            Sweden  2000           8.386690    4.735287               4.567243           0.160575
            Sweden  2001           0.944780    1.563410               1.291108           0.268471
            Sweden  2002          -3.076020    2.073577               1.741931           0.325438
            Sweden  2003           3.470684    2.385740               2.005478           0.372093
            Sweden  2004           4.469595    4.320530               3.911044           0.393299
            Sweden  2005           5.024299    2.818330               2.407936           0.399943
            Sweden  2006          10.312260    4.688127               4.100926           0.562484
            Sweden  2007          10.954950    3.404949               2.640983           0.741553
            Sweden  2008          -1.514830   -0.557050              -1.328730           0.779033
            Sweden  2009         -19.619400   -5.184660              -5.988960           0.851904
            Sweden  2010          16.469400    5.988927               5.089186           0.852525
            Sweden  2011           7.688540    2.664408               1.892057           0.755150
            Sweden  2012          -4.982530   -0.286320              -1.021240           0.739763
            Sweden  2013           1.550663    1.241205               0.386963           0.847349
            Sweden  2014           6.128461    2.604327               1.591300           0.992220
            Sweden  2015           8.680068    4.521969               3.422520           1.057455
            Sweden  2016           5.545722    3.234942               1.945957           1.256454
          Thailand  1971          -2.733950    4.895374               1.911349           2.886010
          Thailand  1972          -6.347890    4.278508               1.349812           2.848727
          Thailand  1973          34.823710   10.236430               7.209225           2.784515
          Thailand  1974          -3.577600    4.466253               1.694879           2.688714
          Thailand  1975           2.295445    4.970405               2.303884           2.573082
          Thailand  1976           0.522096    9.326811               6.676250           2.454311
          Thailand  1977          25.314160    9.843463               7.298266           2.344380
          Thailand  1978          18.035180   10.295750               7.849547           2.242819
          Thailand  1979          -4.123320    5.371767               3.126692           2.153648
          Thailand  1980           1.694968    5.173541               3.013895           2.074788
          Thailand  1981           8.390617    5.906868               3.820653           1.989518
          Thailand  1982          -6.407950    5.352349               3.363541           1.905813
          Thailand  1983          21.579170    5.584202               3.651524           1.847422
          Thailand  1984           5.236489    5.752430               3.844877           1.820258
          Thailand  1985          -3.552290    4.647240               2.770345           1.809824
          Thailand  1986          -3.940860    5.533828               3.632105           1.818437
          Thailand  1987          18.879720    9.518946               7.554546           1.809943
          Thailand  1988          28.513040   13.288110              11.332470           1.741331
          Thailand  1989          17.332190   12.190510              10.415460           1.594817
          Thailand  1990          31.131250   11.167160               9.619555           1.401926
          Thailand  1991          13.302420    8.558260               7.277404           1.186895
          Thailand  1992           5.308398    8.083388               7.000502           1.006952
          Thailand  1993           8.708075    8.251043               7.273577           0.907064
          Thailand  1994          12.210090    7.996905               7.012722           0.915485
          Thailand  1995          13.330190    8.120262               7.047772           0.996894
          Thailand  1996           5.446405    5.652374               4.493683           1.102759
          Thailand  1997         -23.783500   -2.753590              -3.891260           1.176784
          Thailand  1998         -48.219400   -7.633730              -8.734050           1.198401
          Thailand  1999           3.029441    4.572298               3.381731           1.145042
          Thailand  2000           7.465331    4.455676               3.374967           1.039999
          Thailand  2001           1.538872    3.444244               2.491413           0.925374
          Thailand  2002           7.165257    6.148880               5.271100           0.830371
          Thailand  2003          12.290770    7.189330               6.389352           0.749121
          Thailand  2004          15.646370    6.289289               5.557914           0.690476
          Thailand  2005          21.674750    4.187835               3.513841           0.649004
          Thailand  2006          -6.154890    4.967917               4.332131           0.607537
          Thailand  2007           1.333318    5.435093               4.843453           0.562722
          Thailand  2008           9.204997    1.725668               1.190416           0.527561
          Thailand  2009         -25.124800   -0.690730              -1.189800           0.503805
          Thailand  2010          30.956820    7.513591               6.990585           0.487643
          Thailand  2011           2.765460    0.839959               0.360143           0.476956
          Thailand  2012          11.022810    7.242787               6.746677           0.463677
          Thailand  2013           2.873067    2.687380               2.236676           0.439875
          Thailand  2014         -11.698000    0.984414               0.580417           0.400861
          Thailand  2015           4.352720    3.020174               2.658814           0.351383
          Thailand  2016          -8.942460    3.282683               2.973850           0.299466
              Togo  1971          10.638600    0.000000              -3.209100           3.261717
              Togo  1972           9.999969    7.625158               4.660127           2.793621
              Togo  1973           4.895042    3.837484               1.323623           2.450744
              Togo  1974           2.333300    4.832849               2.462855           2.286682
              Togo  1975          46.579750    2.440541               0.153097           2.258255
              Togo  1976         -18.222300   -2.051520              -4.198080           2.215890
              Togo  1977          77.445710    6.959085               4.661086           2.171900
              Togo  1978          17.547720   11.045430               8.549824           2.273016
              Togo  1979          -5.548170   -5.167740              -7.549520           2.543651
              Togo  1980         -34.206800   14.576960              11.292600           2.908392
              Togo  1981          -2.955660   -3.315190              -6.450870           3.296955
              Togo  1982         -17.089700   -3.582400              -6.990080           3.598262
              Togo  1983         -20.408200   -5.414010              -8.888720           3.742780
              Togo  1984           2.051287    5.555555               1.723606           3.697801
              Togo  1985          21.105520    5.555552               1.896730           3.527753
              Togo  1986          29.783380    1.586504              -1.766250           3.356088
              Togo  1987          -4.122610    0.510162              -2.674030           3.219301
              Togo  1988          -2.804170    6.642370               3.431483           3.057151
              Togo  1989           2.432713    4.060022               1.111717           2.874184
              Togo  1990          25.528190   -0.243660              -2.892810           2.691526
              Togo  1991         -36.123600   -0.699970              -3.138330           2.486199
              Togo  1992          -9.200000   -3.980690              -6.181140           2.318349
              Togo  1993         -62.200000  -15.095800             -17.009100           2.279176
              Togo  1994          87.100000   14.982410              12.256290           2.399463
              Togo  1995          13.800010    7.845832               5.060579           2.616560
              Togo  1996          19.848250    8.836212               5.762485           2.864823
              Togo  1997          -6.900000   14.377380              10.939080           3.052206
              Togo  1998          25.300000   -2.299880              -5.316520           3.136326
              Togo  1999          -6.699990    2.481751              -0.633260           3.086730
              Togo  2000           3.199993   -0.783480              -3.671190           2.953705
              Togo  2001           4.988073   -1.626810              -4.348030           2.805204
              Togo  2002           6.990133   -0.922150              -3.557860           2.696269
              Togo  2003         -18.020900    4.954398               2.230400           2.629686
              Togo  2004           8.384129    2.119065              -0.523070           2.621366
              Togo  2005          23.319390    1.180407              -1.466400           2.650748
              Togo  2006          10.254420    4.052413               1.298187           2.682622
              Togo  2007          -9.867320    2.290454              -0.431540           2.697090
              Togo  2008          -4.094520    2.225480              -0.502130           2.704475
              Togo  2009          38.119380    3.510297               0.752255           2.700651
              Togo  2010          22.440600    3.995679               1.237366           2.688143
              Togo  2011           5.946118    4.883764               2.114880           2.675427
              Togo  2012          23.251690    4.820344               2.066692           2.662143
              Togo  2013           6.056400    3.967793               1.259473           2.639490
              Togo  2014          10.306740    5.871726               3.148130           2.606212
              Togo  2015          -3.465480    5.384842               2.715168           2.565901
              Togo  2016          25.665990    5.398146               2.771331           2.523861
           Uruguay  1971           2.190957   -0.251710              -0.551390           0.300885
           Uruguay  1972         -22.033900   -1.319570              -1.430410           0.112382
           Uruguay  1973         -14.713700    0.275200               0.252388           0.022752
           Uruguay  1974          21.651530    2.895345               2.822912           0.070420
           Uruguay  1975          36.122570    6.096914               5.868126           0.215873
           Uruguay  1976          25.086060    3.935470               3.523705           0.396961
           Uruguay  1977          14.213690    1.455461               0.898808           0.550178
           Uruguay  1978          14.070070    5.373985               4.682928           0.657974
           Uruguay  1979          19.963560    6.199117               5.463613           0.694980
           Uruguay  1980           6.965861    5.843401               5.126290           0.679826
           Uruguay  1981          -6.280400    1.559560               0.893185           0.658304
           Uruguay  1982         -17.339500   -9.757870             -10.345800           0.653592
           Uruguay  1983         -39.415100  -10.274400             -10.853200           0.647162
           Uruguay  1984         -21.142200   -1.142620              -1.776270           0.643034
           Uruguay  1985         -16.767000    1.466536               0.817595           0.641615
           Uruguay  1986          13.916020    8.809808               8.123069           0.633137
           Uruguay  1987          24.701110    7.993137               7.322935           0.622531
           Uruguay  1988          15.157180    1.480937               0.848297           0.625359
           Uruguay  1989          -3.883570    1.103901               0.453056           0.645820
           Uruguay  1990          -7.846380    0.297348              -0.380060           0.677695
           Uruguay  1991          24.948760    3.538809               2.809519           0.706855
           Uruguay  1992          16.549750    7.931588               7.151400           0.725479
           Uruguay  1993          12.696140    2.657546               1.904933           0.735830
           Uruguay  1994           8.458459    7.281343               6.495499           0.735203
           Uruguay  1995          -1.689990   -1.447600              -2.156520           0.721930
           Uruguay  1996           6.107754    5.577958               4.822830           0.717802
           Uruguay  1997           9.515729    8.547683               7.785263           0.704861
           Uruguay  1998           9.186079    4.518890               3.848118           0.643840
           Uruguay  1999          -8.695620   -1.939210              -2.448290           0.520492
           Uruguay  2000         -13.047000   -1.929930              -2.282110           0.359759
           Uruguay  2001          -9.304940   -3.844130              -4.013430           0.176224
           Uruguay  2002         -33.178800   -7.732010              -7.750580           0.020136
           Uruguay  2003          -1.553200    0.805284               0.870029          -0.064210
           Uruguay  2004          26.934250    5.004160               5.052839          -0.046350
           Uruguay  2005          19.938090    7.460132               7.411146           0.045596
           Uruguay  2006          12.125240    4.098577               3.928853           0.163175
           Uruguay  2007           7.374320    6.541511               6.264035           0.260779
           Uruguay  2008          24.999300    7.176145               6.821655           0.331303
           Uruguay  2009         -11.213500    4.243494               3.873640           0.355429
           Uruguay  2010          15.186120    7.803410               7.430904           0.346140
           Uruguay  2011           9.869123    5.162133               4.813966           0.331626
           Uruguay  2012          14.493770    3.538179               3.198221           0.328881
           Uruguay  2013           4.773810    4.637539               4.292800           0.330004
           Uruguay  2014           0.010459    3.238791               2.890359           0.338072
           Uruguay  2015          -9.042760    0.370741               0.019573           0.350484
           Uruguay  2016          -3.920560    1.689798               1.322074           0.362269